Species,Drug,Subject_ID,Drug_Concentration,draw_index
Dog,bepridil,0,0.0,1940
Dog,bepridil,0,11.0,1941
Dog,bepridil,0,22.0,1942
Dog,bepridil,0,33.0,1943
Dog,bepridil,0,44.0,1944
Dog,bepridil,0,55.0,1945
Dog,bepridil,0,66.0,1946
Dog,bepridil,0,77.0,1947
Dog,bepridil,0,88.0,1948
Dog,bepridil,0,99.0,1949
Dog,bepridil,1,0.0,1950
Dog,bepridil,1,11.0,1951
Dog,bepridil,1,22.0,1952
Dog,bepridil,1,33.0,1953
Dog,bepridil,1,44.0,1954
Dog,bepridil,1,55.0,1955
Dog,bepridil,1,66.0,1956
Dog,bepridil,1,77.0,1957
Dog,bepridil,1,88.0,1958
Dog,bepridil,1,99.0,1959
Dog,bepridil,2,0.0,1960
Dog,bepridil,2,11.0,1961
Dog,bepridil,2,22.0,1962
Dog,bepridil,2,33.0,1963
Dog,bepridil,2,44.0,1964
Dog,bepridil,2,55.0,1965
Dog,bepridil,2,66.0,1966
Dog,bepridil,2,77.0,1967
Dog,bepridil,2,88.0,1968
Dog,bepridil,2,99.0,1969
Dog,bepridil,3,0.0,1970
Dog,bepridil,3,11.0,1971
Dog,bepridil,3,22.0,1972
Dog,bepridil,3,33.0,1973
Dog,bepridil,3,44.0,1974
Dog,bepridil,3,55.0,1975
Dog,bepridil,3,66.0,1976
Dog,bepridil,3,77.0,1977
Dog,bepridil,3,88.0,1978
Dog,bepridil,3,99.0,1979
Dog,bepridil,4,0.0,1980
Dog,bepridil,4,11.0,1981
Dog,bepridil,4,22.0,1982
Dog,bepridil,4,33.0,1983
Dog,bepridil,4,44.0,1984
Dog,bepridil,4,55.0,1985
Dog,bepridil,4,66.0,1986
Dog,bepridil,4,77.0,1987
Dog,bepridil,4,88.0,1988
Dog,bepridil,4,99.0,1989
Dog,bepridil,5,0.0,1990
Dog,bepridil,5,11.0,1991
Dog,bepridil,5,22.0,1992
Dog,bepridil,5,33.0,1993
Dog,bepridil,5,44.0,1994
Dog,bepridil,5,55.0,1995
Dog,bepridil,5,66.0,1996
Dog,bepridil,5,77.0,1997
Dog,bepridil,5,88.0,1998
Dog,bepridil,5,99.0,1999
Dog,bepridil,6,0.0,2000
Dog,bepridil,6,11.0,2001
Dog,bepridil,6,22.0,2002
Dog,bepridil,6,33.0,2003
Dog,bepridil,6,44.0,2004
Dog,bepridil,6,55.0,2005
Dog,bepridil,6,66.0,2006
Dog,bepridil,6,77.0,2007
Dog,bepridil,6,88.0,2008
Dog,bepridil,6,99.0,2009
Dog,bepridil,7,0.0,2010
Dog,bepridil,7,11.0,2011
Dog,bepridil,7,22.0,2012
Dog,bepridil,7,33.0,2013
Dog,bepridil,7,44.0,2014
Dog,bepridil,7,55.0,2015
Dog,bepridil,7,66.0,2016
Dog,bepridil,7,77.0,2017
Dog,bepridil,7,88.0,2018
Dog,bepridil,7,99.0,2019
Dog,bepridil,8,0.0,2020
Dog,bepridil,8,11.0,2021
Dog,bepridil,8,22.0,2022
Dog,bepridil,8,33.0,2023
Dog,bepridil,8,44.0,2024
Dog,bepridil,8,55.0,2025
Dog,bepridil,8,66.0,2026
Dog,bepridil,8,77.0,2027
Dog,bepridil,8,88.0,2028
Dog,bepridil,8,99.0,2029
Dog,bepridil,9,0.0,2030
Dog,bepridil,9,11.0,2031
Dog,bepridil,9,22.0,2032
Dog,bepridil,9,33.0,2033
Dog,bepridil,9,44.0,2034
Dog,bepridil,9,55.0,2035
Dog,bepridil,9,66.0,2036
Dog,bepridil,9,77.0,2037
Dog,bepridil,9,88.0,2038
Dog,bepridil,9,99.0,2039
Dog,bepridil,10,0.0,2040
Dog,bepridil,10,11.0,2041
Dog,bepridil,10,22.0,2042
Dog,bepridil,10,33.0,2043
Dog,bepridil,10,44.0,2044
Dog,bepridil,10,55.0,2045
Dog,bepridil,10,66.0,2046
Dog,bepridil,10,77.0,2047
Dog,bepridil,10,88.0,2048
Dog,bepridil,10,99.0,2049
Dog,bepridil,11,0.0,2050
Dog,bepridil,11,11.0,2051
Dog,bepridil,11,22.0,2052
Dog,bepridil,11,33.0,2053
Dog,bepridil,11,44.0,2054
Dog,bepridil,11,55.0,2055
Dog,bepridil,11,66.0,2056
Dog,bepridil,11,77.0,2057
Dog,bepridil,11,88.0,2058
Dog,bepridil,11,99.0,2059
Dog,bepridil,12,0.0,2060
Dog,bepridil,12,11.0,2061
Dog,bepridil,12,22.0,2062
Dog,bepridil,12,33.0,2063
Dog,bepridil,12,44.0,2064
Dog,bepridil,12,55.0,2065
Dog,bepridil,12,66.0,2066
Dog,bepridil,12,77.0,2067
Dog,bepridil,12,88.0,2068
Dog,bepridil,12,99.0,2069
Dog,bepridil,13,0.0,2070
Dog,bepridil,13,11.0,2071
Dog,bepridil,13,22.0,2072
Dog,bepridil,13,33.0,2073
Dog,bepridil,13,44.0,2074
Dog,bepridil,13,55.0,2075
Dog,bepridil,13,66.0,2076
Dog,bepridil,13,77.0,2077
Dog,bepridil,13,88.0,2078
Dog,bepridil,13,99.0,2079
Dog,bepridil,14,0.0,2080
Dog,bepridil,14,11.0,2081
Dog,bepridil,14,22.0,2082
Dog,bepridil,14,33.0,2083
Dog,bepridil,14,44.0,2084
Dog,bepridil,14,55.0,2085
Dog,bepridil,14,66.0,2086
Dog,bepridil,14,77.0,2087
Dog,bepridil,14,88.0,2088
Dog,bepridil,14,99.0,2089
Dog,bepridil,15,0.0,2090
Dog,bepridil,15,11.0,2091
Dog,bepridil,15,22.0,2092
Dog,bepridil,15,33.0,2093
Dog,bepridil,15,44.0,2094
Dog,bepridil,15,55.0,2095
Dog,bepridil,15,66.0,2096
Dog,bepridil,15,77.0,2097
Dog,bepridil,15,88.0,2098
Dog,bepridil,15,99.0,2099
Dog,bepridil,16,0.0,2100
Dog,bepridil,16,11.0,2101
Dog,bepridil,16,22.0,2102
Dog,bepridil,16,33.0,2103
Dog,bepridil,16,44.0,2104
Dog,bepridil,16,55.0,2105
Dog,bepridil,16,66.0,2106
Dog,bepridil,16,77.0,2107
Dog,bepridil,16,88.0,2108
Dog,bepridil,16,99.0,2109
Dog,bepridil,17,0.0,2110
Dog,bepridil,17,11.0,2111
Dog,bepridil,17,22.0,2112
Dog,bepridil,17,33.0,2113
Dog,bepridil,17,44.0,2114
Dog,bepridil,17,55.0,2115
Dog,bepridil,17,66.0,2116
Dog,bepridil,17,77.0,2117
Dog,bepridil,17,88.0,2118
Dog,bepridil,17,99.0,2119
Dog,bepridil,19,0.0,2120
Dog,bepridil,19,11.0,2121
Dog,bepridil,19,22.0,2122
Dog,bepridil,19,33.0,2123
Dog,bepridil,19,44.0,2124
Dog,bepridil,19,55.0,2125
Dog,bepridil,19,66.0,2126
Dog,bepridil,19,77.0,2127
Dog,bepridil,19,88.0,2128
Dog,bepridil,19,99.0,2129
Dog,bepridil,20,0.0,2130
Dog,bepridil,20,11.0,2131
Dog,bepridil,20,22.0,2132
Dog,bepridil,20,33.0,2133
Dog,bepridil,20,44.0,2134
Dog,bepridil,20,55.0,2135
Dog,bepridil,20,66.0,2136
Dog,bepridil,20,77.0,2137
Dog,bepridil,20,88.0,2138
Dog,bepridil,20,99.0,2139
Dog,bepridil,21,0.0,2140
Dog,bepridil,21,11.0,2141
Dog,bepridil,21,22.0,2142
Dog,bepridil,21,33.0,2143
Dog,bepridil,21,44.0,2144
Dog,bepridil,21,55.0,2145
Dog,bepridil,21,66.0,2146
Dog,bepridil,21,77.0,2147
Dog,bepridil,21,88.0,2148
Dog,bepridil,21,99.0,2149
Dog,bepridil,22,0.0,2150
Dog,bepridil,22,11.0,2151
Dog,bepridil,22,22.0,2152
Dog,bepridil,22,33.0,2153
Dog,bepridil,22,44.0,2154
Dog,bepridil,22,55.0,2155
Dog,bepridil,22,66.0,2156
Dog,bepridil,22,77.0,2157
Dog,bepridil,22,88.0,2158
Dog,bepridil,22,99.0,2159
Dog,bepridil,23,0.0,2160
Dog,bepridil,23,11.0,2161
Dog,bepridil,23,22.0,2162
Dog,bepridil,23,33.0,2163
Dog,bepridil,23,44.0,2164
Dog,bepridil,23,55.0,2165
Dog,bepridil,23,66.0,2166
Dog,bepridil,23,77.0,2167
Dog,bepridil,23,88.0,2168
Dog,bepridil,23,99.0,2169
Dog,bepridil,24,0.0,2170
Dog,bepridil,24,11.0,2171
Dog,bepridil,24,22.0,2172
Dog,bepridil,24,33.0,2173
Dog,bepridil,24,44.0,2174
Dog,bepridil,24,55.0,2175
Dog,bepridil,24,66.0,2176
Dog,bepridil,24,77.0,2177
Dog,bepridil,24,88.0,2178
Dog,bepridil,24,99.0,2179
Dog,bepridil,25,0.0,2180
Dog,bepridil,25,11.0,2181
Dog,bepridil,25,22.0,2182
Dog,bepridil,25,33.0,2183
Dog,bepridil,25,44.0,2184
Dog,bepridil,25,55.0,2185
Dog,bepridil,25,66.0,2186
Dog,bepridil,25,77.0,2187
Dog,bepridil,25,88.0,2188
Dog,bepridil,25,99.0,2189
Dog,bepridil,26,0.0,2190
Dog,bepridil,26,11.0,2191
Dog,bepridil,26,22.0,2192
Dog,bepridil,26,33.0,2193
Dog,bepridil,26,44.0,2194
Dog,bepridil,26,55.0,2195
Dog,bepridil,26,66.0,2196
Dog,bepridil,26,77.0,2197
Dog,bepridil,26,88.0,2198
Dog,bepridil,26,99.0,2199
Dog,bepridil,27,0.0,2200
Dog,bepridil,27,11.0,2201
Dog,bepridil,27,22.0,2202
Dog,bepridil,27,33.0,2203
Dog,bepridil,27,44.0,2204
Dog,bepridil,27,55.0,2205
Dog,bepridil,27,66.0,2206
Dog,bepridil,27,77.0,2207
Dog,bepridil,27,88.0,2208
Dog,bepridil,27,99.0,2209
Dog,bepridil,28,0.0,2210
Dog,bepridil,28,11.0,2211
Dog,bepridil,28,22.0,2212
Dog,bepridil,28,33.0,2213
Dog,bepridil,28,44.0,2214
Dog,bepridil,28,55.0,2215
Dog,bepridil,28,66.0,2216
Dog,bepridil,28,77.0,2217
Dog,bepridil,28,88.0,2218
Dog,bepridil,28,99.0,2219
Dog,bepridil,29,0.0,2220
Dog,bepridil,29,11.0,2221
Dog,bepridil,29,22.0,2222
Dog,bepridil,29,33.0,2223
Dog,bepridil,29,44.0,2224
Dog,bepridil,29,55.0,2225
Dog,bepridil,29,66.0,2226
Dog,bepridil,29,77.0,2227
Dog,bepridil,29,88.0,2228
Dog,bepridil,29,99.0,2229
Dog,bepridil,30,0.0,2230
Dog,bepridil,30,11.0,2231
Dog,bepridil,30,22.0,2232
Dog,bepridil,30,33.0,2233
Dog,bepridil,30,44.0,2234
Dog,bepridil,30,55.0,2235
Dog,bepridil,30,66.0,2236
Dog,bepridil,30,77.0,2237
Dog,bepridil,30,88.0,2238
Dog,bepridil,30,99.0,2239
Dog,bepridil,31,0.0,2240
Dog,bepridil,31,11.0,2241
Dog,bepridil,31,22.0,2242
Dog,bepridil,31,33.0,2243
Dog,bepridil,31,44.0,2244
Dog,bepridil,31,55.0,2245
Dog,bepridil,31,66.0,2246
Dog,bepridil,31,77.0,2247
Dog,bepridil,31,88.0,2248
Dog,bepridil,31,99.0,2249
Dog,bepridil,32,0.0,2250
Dog,bepridil,32,11.0,2251
Dog,bepridil,32,22.0,2252
Dog,bepridil,32,33.0,2253
Dog,bepridil,32,44.0,2254
Dog,bepridil,32,55.0,2255
Dog,bepridil,32,66.0,2256
Dog,bepridil,32,77.0,2257
Dog,bepridil,32,88.0,2258
Dog,bepridil,32,99.0,2259
Dog,bepridil,33,0.0,2260
Dog,bepridil,33,11.0,2261
Dog,bepridil,33,22.0,2262
Dog,bepridil,33,33.0,2263
Dog,bepridil,33,44.0,2264
Dog,bepridil,33,55.0,2265
Dog,bepridil,33,66.0,2266
Dog,bepridil,33,77.0,2267
Dog,bepridil,33,88.0,2268
Dog,bepridil,33,99.0,2269
Dog,bepridil,34,0.0,2270
Dog,bepridil,34,11.0,2271
Dog,bepridil,34,22.0,2272
Dog,bepridil,34,33.0,2273
Dog,bepridil,34,44.0,2274
Dog,bepridil,34,55.0,2275
Dog,bepridil,34,66.0,2276
Dog,bepridil,34,77.0,2277
Dog,bepridil,34,88.0,2278
Dog,bepridil,34,99.0,2279
Dog,bepridil,35,0.0,2280
Dog,bepridil,35,11.0,2281
Dog,bepridil,35,22.0,2282
Dog,bepridil,35,33.0,2283
Dog,bepridil,35,44.0,2284
Dog,bepridil,35,55.0,2285
Dog,bepridil,35,66.0,2286
Dog,bepridil,35,77.0,2287
Dog,bepridil,35,88.0,2288
Dog,bepridil,35,99.0,2289
Dog,bepridil,36,0.0,2290
Dog,bepridil,36,11.0,2291
Dog,bepridil,36,22.0,2292
Dog,bepridil,36,33.0,2293
Dog,bepridil,36,44.0,2294
Dog,bepridil,36,55.0,2295
Dog,bepridil,36,66.0,2296
Dog,bepridil,36,77.0,2297
Dog,bepridil,36,88.0,2298
Dog,bepridil,36,99.0,2299
Dog,bepridil,37,0.0,2300
Dog,bepridil,37,11.0,2301
Dog,bepridil,37,22.0,2302
Dog,bepridil,37,33.0,2303
Dog,bepridil,37,44.0,2304
Dog,bepridil,37,55.0,2305
Dog,bepridil,37,66.0,2306
Dog,bepridil,37,77.0,2307
Dog,bepridil,37,88.0,2308
Dog,bepridil,37,99.0,2309
Dog,bepridil,38,0.0,2310
Dog,bepridil,38,11.0,2311
Dog,bepridil,38,22.0,2312
Dog,bepridil,38,33.0,2313
Dog,bepridil,38,44.0,2314
Dog,bepridil,38,55.0,2315
Dog,bepridil,38,66.0,2316
Dog,bepridil,38,77.0,2317
Dog,bepridil,38,88.0,2318
Dog,bepridil,38,99.0,2319
Dog,bepridil,39,0.0,2320
Dog,bepridil,39,11.0,2321
Dog,bepridil,39,22.0,2322
Dog,bepridil,39,33.0,2323
Dog,bepridil,39,44.0,2324
Dog,bepridil,39,55.0,2325
Dog,bepridil,39,66.0,2326
Dog,bepridil,39,77.0,2327
Dog,bepridil,39,88.0,2328
Dog,bepridil,39,99.0,2329
Dog,bepridil,40,0.0,2330
Dog,bepridil,40,11.0,2331
Dog,bepridil,40,22.0,2332
Dog,bepridil,40,33.0,2333
Dog,bepridil,40,44.0,2334
Dog,bepridil,40,55.0,2335
Dog,bepridil,40,66.0,2336
Dog,bepridil,40,77.0,2337
Dog,bepridil,40,88.0,2338
Dog,bepridil,40,99.0,2339
Dog,bepridil,41,0.0,2340
Dog,bepridil,41,11.0,2341
Dog,bepridil,41,22.0,2342
Dog,bepridil,41,33.0,2343
Dog,bepridil,41,44.0,2344
Dog,bepridil,41,55.0,2345
Dog,bepridil,41,66.0,2346
Dog,bepridil,41,77.0,2347
Dog,bepridil,41,88.0,2348
Dog,bepridil,41,99.0,2349
Dog,chlorpromazine,0,0.0,4370
Dog,chlorpromazine,0,12.67,4371
Dog,chlorpromazine,0,25.33,4372
Dog,chlorpromazine,0,38.0,4373
Dog,chlorpromazine,0,50.67,4374
Dog,chlorpromazine,0,63.33,4375
Dog,chlorpromazine,0,76.0,4376
Dog,chlorpromazine,0,88.67,4377
Dog,chlorpromazine,0,101.33,4378
Dog,chlorpromazine,0,114.0,4379
Dog,chlorpromazine,1,0.0,4380
Dog,chlorpromazine,1,12.67,4381
Dog,chlorpromazine,1,25.33,4382
Dog,chlorpromazine,1,38.0,4383
Dog,chlorpromazine,1,50.67,4384
Dog,chlorpromazine,1,63.33,4385
Dog,chlorpromazine,1,76.0,4386
Dog,chlorpromazine,1,88.67,4387
Dog,chlorpromazine,1,101.33,4388
Dog,chlorpromazine,1,114.0,4389
Dog,chlorpromazine,2,0.0,4390
Dog,chlorpromazine,2,12.67,4391
Dog,chlorpromazine,2,25.33,4392
Dog,chlorpromazine,2,38.0,4393
Dog,chlorpromazine,2,50.67,4394
Dog,chlorpromazine,2,63.33,4395
Dog,chlorpromazine,2,76.0,4396
Dog,chlorpromazine,2,88.67,4397
Dog,chlorpromazine,2,101.33,4398
Dog,chlorpromazine,2,114.0,4399
Dog,chlorpromazine,3,0.0,4400
Dog,chlorpromazine,3,12.67,4401
Dog,chlorpromazine,3,25.33,4402
Dog,chlorpromazine,3,38.0,4403
Dog,chlorpromazine,3,50.67,4404
Dog,chlorpromazine,3,63.33,4405
Dog,chlorpromazine,3,76.0,4406
Dog,chlorpromazine,3,88.67,4407
Dog,chlorpromazine,3,101.33,4408
Dog,chlorpromazine,3,114.0,4409
Dog,chlorpromazine,4,0.0,4410
Dog,chlorpromazine,4,12.67,4411
Dog,chlorpromazine,4,25.33,4412
Dog,chlorpromazine,4,38.0,4413
Dog,chlorpromazine,4,50.67,4414
Dog,chlorpromazine,4,63.33,4415
Dog,chlorpromazine,4,76.0,4416
Dog,chlorpromazine,4,88.67,4417
Dog,chlorpromazine,4,101.33,4418
Dog,chlorpromazine,4,114.0,4419
Dog,chlorpromazine,5,0.0,4420
Dog,chlorpromazine,5,12.67,4421
Dog,chlorpromazine,5,25.33,4422
Dog,chlorpromazine,5,38.0,4423
Dog,chlorpromazine,5,50.67,4424
Dog,chlorpromazine,5,63.33,4425
Dog,chlorpromazine,5,76.0,4426
Dog,chlorpromazine,5,88.67,4427
Dog,chlorpromazine,5,101.33,4428
Dog,chlorpromazine,5,114.0,4429
Dog,chlorpromazine,6,0.0,4430
Dog,chlorpromazine,6,12.67,4431
Dog,chlorpromazine,6,25.33,4432
Dog,chlorpromazine,6,38.0,4433
Dog,chlorpromazine,6,50.67,4434
Dog,chlorpromazine,6,63.33,4435
Dog,chlorpromazine,6,76.0,4436
Dog,chlorpromazine,6,88.67,4437
Dog,chlorpromazine,6,101.33,4438
Dog,chlorpromazine,6,114.0,4439
Dog,chlorpromazine,7,0.0,4440
Dog,chlorpromazine,7,12.67,4441
Dog,chlorpromazine,7,25.33,4442
Dog,chlorpromazine,7,38.0,4443
Dog,chlorpromazine,7,50.67,4444
Dog,chlorpromazine,7,63.33,4445
Dog,chlorpromazine,7,76.0,4446
Dog,chlorpromazine,7,88.67,4447
Dog,chlorpromazine,7,101.33,4448
Dog,chlorpromazine,7,114.0,4449
Dog,chlorpromazine,8,0.0,4450
Dog,chlorpromazine,8,12.67,4451
Dog,chlorpromazine,8,25.33,4452
Dog,chlorpromazine,8,38.0,4453
Dog,chlorpromazine,8,50.67,4454
Dog,chlorpromazine,8,63.33,4455
Dog,chlorpromazine,8,76.0,4456
Dog,chlorpromazine,8,88.67,4457
Dog,chlorpromazine,8,101.33,4458
Dog,chlorpromazine,8,114.0,4459
Dog,chlorpromazine,9,0.0,4460
Dog,chlorpromazine,9,12.67,4461
Dog,chlorpromazine,9,25.33,4462
Dog,chlorpromazine,9,38.0,4463
Dog,chlorpromazine,9,50.67,4464
Dog,chlorpromazine,9,63.33,4465
Dog,chlorpromazine,9,76.0,4466
Dog,chlorpromazine,9,88.67,4467
Dog,chlorpromazine,9,101.33,4468
Dog,chlorpromazine,9,114.0,4469
Dog,chlorpromazine,10,0.0,4470
Dog,chlorpromazine,10,12.67,4471
Dog,chlorpromazine,10,25.33,4472
Dog,chlorpromazine,10,38.0,4473
Dog,chlorpromazine,10,50.67,4474
Dog,chlorpromazine,10,63.33,4475
Dog,chlorpromazine,10,76.0,4476
Dog,chlorpromazine,10,88.67,4477
Dog,chlorpromazine,10,101.33,4478
Dog,chlorpromazine,10,114.0,4479
Dog,chlorpromazine,11,0.0,4480
Dog,chlorpromazine,11,12.67,4481
Dog,chlorpromazine,11,25.33,4482
Dog,chlorpromazine,11,38.0,4483
Dog,chlorpromazine,11,50.67,4484
Dog,chlorpromazine,11,63.33,4485
Dog,chlorpromazine,11,76.0,4486
Dog,chlorpromazine,11,88.67,4487
Dog,chlorpromazine,11,101.33,4488
Dog,chlorpromazine,11,114.0,4489
Dog,chlorpromazine,13,0.0,4490
Dog,chlorpromazine,13,12.67,4491
Dog,chlorpromazine,13,25.33,4492
Dog,chlorpromazine,13,38.0,4493
Dog,chlorpromazine,13,50.67,4494
Dog,chlorpromazine,13,63.33,4495
Dog,chlorpromazine,13,76.0,4496
Dog,chlorpromazine,13,88.67,4497
Dog,chlorpromazine,13,101.33,4498
Dog,chlorpromazine,13,114.0,4499
Dog,chlorpromazine,14,0.0,4500
Dog,chlorpromazine,14,12.67,4501
Dog,chlorpromazine,14,25.33,4502
Dog,chlorpromazine,14,38.0,4503
Dog,chlorpromazine,14,50.67,4504
Dog,chlorpromazine,14,63.33,4505
Dog,chlorpromazine,14,76.0,4506
Dog,chlorpromazine,14,88.67,4507
Dog,chlorpromazine,14,101.33,4508
Dog,chlorpromazine,14,114.0,4509
Dog,chlorpromazine,15,0.0,4510
Dog,chlorpromazine,15,12.67,4511
Dog,chlorpromazine,15,25.33,4512
Dog,chlorpromazine,15,38.0,4513
Dog,chlorpromazine,15,50.67,4514
Dog,chlorpromazine,15,63.33,4515
Dog,chlorpromazine,15,76.0,4516
Dog,chlorpromazine,15,88.67,4517
Dog,chlorpromazine,15,101.33,4518
Dog,chlorpromazine,15,114.0,4519
Dog,chlorpromazine,16,0.0,4520
Dog,chlorpromazine,16,12.67,4521
Dog,chlorpromazine,16,25.33,4522
Dog,chlorpromazine,16,38.0,4523
Dog,chlorpromazine,16,50.67,4524
Dog,chlorpromazine,16,63.33,4525
Dog,chlorpromazine,16,76.0,4526
Dog,chlorpromazine,16,88.67,4527
Dog,chlorpromazine,16,101.33,4528
Dog,chlorpromazine,16,114.0,4529
Dog,chlorpromazine,17,0.0,4530
Dog,chlorpromazine,17,12.67,4531
Dog,chlorpromazine,17,25.33,4532
Dog,chlorpromazine,17,38.0,4533
Dog,chlorpromazine,17,50.67,4534
Dog,chlorpromazine,17,63.33,4535
Dog,chlorpromazine,17,76.0,4536
Dog,chlorpromazine,17,88.67,4537
Dog,chlorpromazine,17,101.33,4538
Dog,chlorpromazine,17,114.0,4539
Dog,chlorpromazine,18,0.0,4540
Dog,chlorpromazine,18,12.67,4541
Dog,chlorpromazine,18,25.33,4542
Dog,chlorpromazine,18,38.0,4543
Dog,chlorpromazine,18,50.67,4544
Dog,chlorpromazine,18,63.33,4545
Dog,chlorpromazine,18,76.0,4546
Dog,chlorpromazine,18,88.67,4547
Dog,chlorpromazine,18,101.33,4548
Dog,chlorpromazine,18,114.0,4549
Dog,chlorpromazine,19,0.0,4550
Dog,chlorpromazine,19,12.67,4551
Dog,chlorpromazine,19,25.33,4552
Dog,chlorpromazine,19,38.0,4553
Dog,chlorpromazine,19,50.67,4554
Dog,chlorpromazine,19,63.33,4555
Dog,chlorpromazine,19,76.0,4556
Dog,chlorpromazine,19,88.67,4557
Dog,chlorpromazine,19,101.33,4558
Dog,chlorpromazine,19,114.0,4559
Dog,chlorpromazine,20,0.0,4560
Dog,chlorpromazine,20,12.67,4561
Dog,chlorpromazine,20,25.33,4562
Dog,chlorpromazine,20,38.0,4563
Dog,chlorpromazine,20,50.67,4564
Dog,chlorpromazine,20,63.33,4565
Dog,chlorpromazine,20,76.0,4566
Dog,chlorpromazine,20,88.67,4567
Dog,chlorpromazine,20,101.33,4568
Dog,chlorpromazine,20,114.0,4569
Dog,chlorpromazine,21,0.0,4570
Dog,chlorpromazine,21,12.67,4571
Dog,chlorpromazine,21,25.33,4572
Dog,chlorpromazine,21,38.0,4573
Dog,chlorpromazine,21,50.67,4574
Dog,chlorpromazine,21,63.33,4575
Dog,chlorpromazine,21,76.0,4576
Dog,chlorpromazine,21,88.67,4577
Dog,chlorpromazine,21,101.33,4578
Dog,chlorpromazine,21,114.0,4579
Dog,chlorpromazine,22,0.0,4580
Dog,chlorpromazine,22,12.67,4581
Dog,chlorpromazine,22,25.33,4582
Dog,chlorpromazine,22,38.0,4583
Dog,chlorpromazine,22,50.67,4584
Dog,chlorpromazine,22,63.33,4585
Dog,chlorpromazine,22,76.0,4586
Dog,chlorpromazine,22,88.67,4587
Dog,chlorpromazine,22,101.33,4588
Dog,chlorpromazine,22,114.0,4589
Dog,chlorpromazine,23,0.0,4590
Dog,chlorpromazine,23,12.67,4591
Dog,chlorpromazine,23,25.33,4592
Dog,chlorpromazine,23,38.0,4593
Dog,chlorpromazine,23,50.67,4594
Dog,chlorpromazine,23,63.33,4595
Dog,chlorpromazine,23,76.0,4596
Dog,chlorpromazine,23,88.67,4597
Dog,chlorpromazine,23,101.33,4598
Dog,chlorpromazine,23,114.0,4599
Dog,chlorpromazine,24,0.0,4600
Dog,chlorpromazine,24,12.67,4601
Dog,chlorpromazine,24,25.33,4602
Dog,chlorpromazine,24,38.0,4603
Dog,chlorpromazine,24,50.67,4604
Dog,chlorpromazine,24,63.33,4605
Dog,chlorpromazine,24,76.0,4606
Dog,chlorpromazine,24,88.67,4607
Dog,chlorpromazine,24,101.33,4608
Dog,chlorpromazine,24,114.0,4609
Dog,chlorpromazine,25,0.0,4610
Dog,chlorpromazine,25,12.67,4611
Dog,chlorpromazine,25,25.33,4612
Dog,chlorpromazine,25,38.0,4613
Dog,chlorpromazine,25,50.67,4614
Dog,chlorpromazine,25,63.33,4615
Dog,chlorpromazine,25,76.0,4616
Dog,chlorpromazine,25,88.67,4617
Dog,chlorpromazine,25,101.33,4618
Dog,chlorpromazine,25,114.0,4619
Dog,chlorpromazine,26,0.0,4620
Dog,chlorpromazine,26,12.67,4621
Dog,chlorpromazine,26,25.33,4622
Dog,chlorpromazine,26,38.0,4623
Dog,chlorpromazine,26,50.67,4624
Dog,chlorpromazine,26,63.33,4625
Dog,chlorpromazine,26,76.0,4626
Dog,chlorpromazine,26,88.67,4627
Dog,chlorpromazine,26,101.33,4628
Dog,chlorpromazine,26,114.0,4629
Dog,chlorpromazine,27,0.0,4630
Dog,chlorpromazine,27,12.67,4631
Dog,chlorpromazine,27,25.33,4632
Dog,chlorpromazine,27,38.0,4633
Dog,chlorpromazine,27,50.67,4634
Dog,chlorpromazine,27,63.33,4635
Dog,chlorpromazine,27,76.0,4636
Dog,chlorpromazine,27,88.67,4637
Dog,chlorpromazine,27,101.33,4638
Dog,chlorpromazine,27,114.0,4639
Dog,chlorpromazine,28,0.0,4640
Dog,chlorpromazine,28,12.67,4641
Dog,chlorpromazine,28,25.33,4642
Dog,chlorpromazine,28,38.0,4643
Dog,chlorpromazine,28,50.67,4644
Dog,chlorpromazine,28,63.33,4645
Dog,chlorpromazine,28,76.0,4646
Dog,chlorpromazine,28,88.67,4647
Dog,chlorpromazine,28,101.33,4648
Dog,chlorpromazine,28,114.0,4649
Dog,chlorpromazine,29,0.0,4650
Dog,chlorpromazine,29,12.67,4651
Dog,chlorpromazine,29,25.33,4652
Dog,chlorpromazine,29,38.0,4653
Dog,chlorpromazine,29,50.67,4654
Dog,chlorpromazine,29,63.33,4655
Dog,chlorpromazine,29,76.0,4656
Dog,chlorpromazine,29,88.67,4657
Dog,chlorpromazine,29,101.33,4658
Dog,chlorpromazine,29,114.0,4659
Dog,chlorpromazine,30,0.0,4660
Dog,chlorpromazine,30,12.67,4661
Dog,chlorpromazine,30,25.33,4662
Dog,chlorpromazine,30,38.0,4663
Dog,chlorpromazine,30,50.67,4664
Dog,chlorpromazine,30,63.33,4665
Dog,chlorpromazine,30,76.0,4666
Dog,chlorpromazine,30,88.67,4667
Dog,chlorpromazine,30,101.33,4668
Dog,chlorpromazine,30,114.0,4669
Dog,chlorpromazine,31,0.0,4670
Dog,chlorpromazine,31,12.67,4671
Dog,chlorpromazine,31,25.33,4672
Dog,chlorpromazine,31,38.0,4673
Dog,chlorpromazine,31,50.67,4674
Dog,chlorpromazine,31,63.33,4675
Dog,chlorpromazine,31,76.0,4676
Dog,chlorpromazine,31,88.67,4677
Dog,chlorpromazine,31,101.33,4678
Dog,chlorpromazine,31,114.0,4679
Dog,chlorpromazine,32,0.0,4680
Dog,chlorpromazine,32,12.67,4681
Dog,chlorpromazine,32,25.33,4682
Dog,chlorpromazine,32,38.0,4683
Dog,chlorpromazine,32,50.67,4684
Dog,chlorpromazine,32,63.33,4685
Dog,chlorpromazine,32,76.0,4686
Dog,chlorpromazine,32,88.67,4687
Dog,chlorpromazine,32,101.33,4688
Dog,chlorpromazine,32,114.0,4689
Dog,chlorpromazine,33,0.0,4690
Dog,chlorpromazine,33,12.67,4691
Dog,chlorpromazine,33,25.33,4692
Dog,chlorpromazine,33,38.0,4693
Dog,chlorpromazine,33,50.67,4694
Dog,chlorpromazine,33,63.33,4695
Dog,chlorpromazine,33,76.0,4696
Dog,chlorpromazine,33,88.67,4697
Dog,chlorpromazine,33,101.33,4698
Dog,chlorpromazine,33,114.0,4699
Dog,chlorpromazine,34,0.0,4700
Dog,chlorpromazine,34,12.67,4701
Dog,chlorpromazine,34,25.33,4702
Dog,chlorpromazine,34,38.0,4703
Dog,chlorpromazine,34,50.67,4704
Dog,chlorpromazine,34,63.33,4705
Dog,chlorpromazine,34,76.0,4706
Dog,chlorpromazine,34,88.67,4707
Dog,chlorpromazine,34,101.33,4708
Dog,chlorpromazine,34,114.0,4709
Dog,chlorpromazine,35,0.0,4710
Dog,chlorpromazine,35,12.67,4711
Dog,chlorpromazine,35,25.33,4712
Dog,chlorpromazine,35,38.0,4713
Dog,chlorpromazine,35,50.67,4714
Dog,chlorpromazine,35,63.33,4715
Dog,chlorpromazine,35,76.0,4716
Dog,chlorpromazine,35,88.67,4717
Dog,chlorpromazine,35,101.33,4718
Dog,chlorpromazine,35,114.0,4719
Dog,chlorpromazine,36,0.0,4720
Dog,chlorpromazine,36,12.67,4721
Dog,chlorpromazine,36,25.33,4722
Dog,chlorpromazine,36,38.0,4723
Dog,chlorpromazine,36,50.67,4724
Dog,chlorpromazine,36,63.33,4725
Dog,chlorpromazine,36,76.0,4726
Dog,chlorpromazine,36,88.67,4727
Dog,chlorpromazine,36,101.33,4728
Dog,chlorpromazine,36,114.0,4729
Dog,chlorpromazine,37,0.0,4730
Dog,chlorpromazine,37,12.67,4731
Dog,chlorpromazine,37,25.33,4732
Dog,chlorpromazine,37,38.0,4733
Dog,chlorpromazine,37,50.67,4734
Dog,chlorpromazine,37,63.33,4735
Dog,chlorpromazine,37,76.0,4736
Dog,chlorpromazine,37,88.67,4737
Dog,chlorpromazine,37,101.33,4738
Dog,chlorpromazine,37,114.0,4739
Dog,chlorpromazine,38,0.0,4740
Dog,chlorpromazine,38,12.67,4741
Dog,chlorpromazine,38,25.33,4742
Dog,chlorpromazine,38,38.0,4743
Dog,chlorpromazine,38,50.67,4744
Dog,chlorpromazine,38,63.33,4745
Dog,chlorpromazine,38,76.0,4746
Dog,chlorpromazine,38,88.67,4747
Dog,chlorpromazine,38,101.33,4748
Dog,chlorpromazine,38,114.0,4749
Dog,chlorpromazine,39,0.0,4750
Dog,chlorpromazine,39,12.67,4751
Dog,chlorpromazine,39,25.33,4752
Dog,chlorpromazine,39,38.0,4753
Dog,chlorpromazine,39,50.67,4754
Dog,chlorpromazine,39,63.33,4755
Dog,chlorpromazine,39,76.0,4756
Dog,chlorpromazine,39,88.67,4757
Dog,chlorpromazine,39,101.33,4758
Dog,chlorpromazine,39,114.0,4759
Dog,chlorpromazine,40,0.0,4760
Dog,chlorpromazine,40,12.67,4761
Dog,chlorpromazine,40,25.33,4762
Dog,chlorpromazine,40,38.0,4763
Dog,chlorpromazine,40,50.67,4764
Dog,chlorpromazine,40,63.33,4765
Dog,chlorpromazine,40,76.0,4766
Dog,chlorpromazine,40,88.67,4767
Dog,chlorpromazine,40,101.33,4768
Dog,chlorpromazine,40,114.0,4769
Dog,chlorpromazine,41,0.0,4770
Dog,chlorpromazine,41,12.67,4771
Dog,chlorpromazine,41,25.33,4772
Dog,chlorpromazine,41,38.0,4773
Dog,chlorpromazine,41,50.67,4774
Dog,chlorpromazine,41,63.33,4775
Dog,chlorpromazine,41,76.0,4776
Dog,chlorpromazine,41,88.67,4777
Dog,chlorpromazine,41,101.33,4778
Dog,chlorpromazine,41,114.0,4779
Dog,cisapride,0,0.0,6690
Dog,cisapride,0,0.87,6691
Dog,cisapride,0,1.73,6692
Dog,cisapride,0,2.6,6693
Dog,cisapride,0,3.47,6694
Dog,cisapride,0,4.33,6695
Dog,cisapride,0,5.2,6696
Dog,cisapride,0,6.07,6697
Dog,cisapride,0,6.93,6698
Dog,cisapride,0,7.8,6699
Dog,cisapride,2,0.0,6700
Dog,cisapride,2,0.87,6701
Dog,cisapride,2,1.73,6702
Dog,cisapride,2,2.6,6703
Dog,cisapride,2,3.47,6704
Dog,cisapride,2,4.33,6705
Dog,cisapride,2,5.2,6706
Dog,cisapride,2,6.07,6707
Dog,cisapride,2,6.93,6708
Dog,cisapride,2,7.8,6709
Dog,cisapride,3,0.0,6710
Dog,cisapride,3,0.87,6711
Dog,cisapride,3,1.73,6712
Dog,cisapride,3,2.6,6713
Dog,cisapride,3,3.47,6714
Dog,cisapride,3,4.33,6715
Dog,cisapride,3,5.2,6716
Dog,cisapride,3,6.07,6717
Dog,cisapride,3,6.93,6718
Dog,cisapride,3,7.8,6719
Dog,cisapride,4,0.0,6720
Dog,cisapride,4,0.87,6721
Dog,cisapride,4,1.73,6722
Dog,cisapride,4,2.6,6723
Dog,cisapride,4,3.47,6724
Dog,cisapride,4,4.33,6725
Dog,cisapride,4,5.2,6726
Dog,cisapride,4,6.07,6727
Dog,cisapride,4,6.93,6728
Dog,cisapride,4,7.8,6729
Dog,cisapride,5,0.0,6730
Dog,cisapride,5,0.87,6731
Dog,cisapride,5,1.73,6732
Dog,cisapride,5,2.6,6733
Dog,cisapride,5,3.47,6734
Dog,cisapride,5,4.33,6735
Dog,cisapride,5,5.2,6736
Dog,cisapride,5,6.07,6737
Dog,cisapride,5,6.93,6738
Dog,cisapride,5,7.8,6739
Dog,cisapride,6,0.0,6740
Dog,cisapride,6,0.87,6741
Dog,cisapride,6,1.73,6742
Dog,cisapride,6,2.6,6743
Dog,cisapride,6,3.47,6744
Dog,cisapride,6,4.33,6745
Dog,cisapride,6,5.2,6746
Dog,cisapride,6,6.07,6747
Dog,cisapride,6,6.93,6748
Dog,cisapride,6,7.8,6749
Dog,cisapride,7,0.0,6750
Dog,cisapride,7,0.87,6751
Dog,cisapride,7,1.73,6752
Dog,cisapride,7,2.6,6753
Dog,cisapride,7,3.47,6754
Dog,cisapride,7,4.33,6755
Dog,cisapride,7,5.2,6756
Dog,cisapride,7,6.07,6757
Dog,cisapride,7,6.93,6758
Dog,cisapride,7,7.8,6759
Dog,cisapride,8,0.0,6760
Dog,cisapride,8,0.87,6761
Dog,cisapride,8,1.73,6762
Dog,cisapride,8,2.6,6763
Dog,cisapride,8,3.47,6764
Dog,cisapride,8,4.33,6765
Dog,cisapride,8,5.2,6766
Dog,cisapride,8,6.07,6767
Dog,cisapride,8,6.93,6768
Dog,cisapride,8,7.8,6769
Dog,cisapride,9,0.0,6770
Dog,cisapride,9,0.87,6771
Dog,cisapride,9,1.73,6772
Dog,cisapride,9,2.6,6773
Dog,cisapride,9,3.47,6774
Dog,cisapride,9,4.33,6775
Dog,cisapride,9,5.2,6776
Dog,cisapride,9,6.07,6777
Dog,cisapride,9,6.93,6778
Dog,cisapride,9,7.8,6779
Dog,cisapride,10,0.0,6780
Dog,cisapride,10,0.87,6781
Dog,cisapride,10,1.73,6782
Dog,cisapride,10,2.6,6783
Dog,cisapride,10,3.47,6784
Dog,cisapride,10,4.33,6785
Dog,cisapride,10,5.2,6786
Dog,cisapride,10,6.07,6787
Dog,cisapride,10,6.93,6788
Dog,cisapride,10,7.8,6789
Dog,cisapride,11,0.0,6790
Dog,cisapride,11,0.87,6791
Dog,cisapride,11,1.73,6792
Dog,cisapride,11,2.6,6793
Dog,cisapride,11,3.47,6794
Dog,cisapride,11,4.33,6795
Dog,cisapride,11,5.2,6796
Dog,cisapride,11,6.07,6797
Dog,cisapride,11,6.93,6798
Dog,cisapride,11,7.8,6799
Dog,cisapride,13,0.0,6800
Dog,cisapride,13,0.87,6801
Dog,cisapride,13,1.73,6802
Dog,cisapride,13,2.6,6803
Dog,cisapride,13,3.47,6804
Dog,cisapride,13,4.33,6805
Dog,cisapride,13,5.2,6806
Dog,cisapride,13,6.07,6807
Dog,cisapride,13,6.93,6808
Dog,cisapride,13,7.8,6809
Dog,cisapride,14,0.0,6810
Dog,cisapride,14,0.87,6811
Dog,cisapride,14,1.73,6812
Dog,cisapride,14,2.6,6813
Dog,cisapride,14,3.47,6814
Dog,cisapride,14,4.33,6815
Dog,cisapride,14,5.2,6816
Dog,cisapride,14,6.07,6817
Dog,cisapride,14,6.93,6818
Dog,cisapride,14,7.8,6819
Dog,cisapride,15,0.0,6820
Dog,cisapride,15,0.87,6821
Dog,cisapride,15,1.73,6822
Dog,cisapride,15,2.6,6823
Dog,cisapride,15,3.47,6824
Dog,cisapride,15,4.33,6825
Dog,cisapride,15,5.2,6826
Dog,cisapride,15,6.07,6827
Dog,cisapride,15,6.93,6828
Dog,cisapride,15,7.8,6829
Dog,cisapride,16,0.0,6830
Dog,cisapride,16,0.87,6831
Dog,cisapride,16,1.73,6832
Dog,cisapride,16,2.6,6833
Dog,cisapride,16,3.47,6834
Dog,cisapride,16,4.33,6835
Dog,cisapride,16,5.2,6836
Dog,cisapride,16,6.07,6837
Dog,cisapride,16,6.93,6838
Dog,cisapride,16,7.8,6839
Dog,cisapride,17,0.0,6840
Dog,cisapride,17,0.87,6841
Dog,cisapride,17,1.73,6842
Dog,cisapride,17,2.6,6843
Dog,cisapride,17,3.47,6844
Dog,cisapride,17,4.33,6845
Dog,cisapride,17,5.2,6846
Dog,cisapride,17,6.07,6847
Dog,cisapride,17,6.93,6848
Dog,cisapride,17,7.8,6849
Dog,cisapride,18,0.0,6850
Dog,cisapride,18,0.87,6851
Dog,cisapride,18,1.73,6852
Dog,cisapride,18,2.6,6853
Dog,cisapride,18,3.47,6854
Dog,cisapride,18,4.33,6855
Dog,cisapride,18,5.2,6856
Dog,cisapride,18,6.07,6857
Dog,cisapride,18,6.93,6858
Dog,cisapride,18,7.8,6859
Dog,cisapride,19,0.0,6860
Dog,cisapride,19,0.87,6861
Dog,cisapride,19,1.73,6862
Dog,cisapride,19,2.6,6863
Dog,cisapride,19,3.47,6864
Dog,cisapride,19,4.33,6865
Dog,cisapride,19,5.2,6866
Dog,cisapride,19,6.07,6867
Dog,cisapride,19,6.93,6868
Dog,cisapride,19,7.8,6869
Dog,cisapride,20,0.0,6870
Dog,cisapride,20,0.87,6871
Dog,cisapride,20,1.73,6872
Dog,cisapride,20,2.6,6873
Dog,cisapride,20,3.47,6874
Dog,cisapride,20,4.33,6875
Dog,cisapride,20,5.2,6876
Dog,cisapride,20,6.07,6877
Dog,cisapride,20,6.93,6878
Dog,cisapride,20,7.8,6879
Dog,cisapride,21,0.0,6880
Dog,cisapride,21,0.87,6881
Dog,cisapride,21,1.73,6882
Dog,cisapride,21,2.6,6883
Dog,cisapride,21,3.47,6884
Dog,cisapride,21,4.33,6885
Dog,cisapride,21,5.2,6886
Dog,cisapride,21,6.07,6887
Dog,cisapride,21,6.93,6888
Dog,cisapride,21,7.8,6889
Dog,cisapride,22,0.0,6890
Dog,cisapride,22,0.87,6891
Dog,cisapride,22,1.73,6892
Dog,cisapride,22,2.6,6893
Dog,cisapride,22,3.47,6894
Dog,cisapride,22,4.33,6895
Dog,cisapride,22,5.2,6896
Dog,cisapride,22,6.07,6897
Dog,cisapride,22,6.93,6898
Dog,cisapride,22,7.8,6899
Dog,cisapride,23,0.0,6900
Dog,cisapride,23,0.87,6901
Dog,cisapride,23,1.73,6902
Dog,cisapride,23,2.6,6903
Dog,cisapride,23,3.47,6904
Dog,cisapride,23,4.33,6905
Dog,cisapride,23,5.2,6906
Dog,cisapride,23,6.07,6907
Dog,cisapride,23,6.93,6908
Dog,cisapride,23,7.8,6909
Dog,cisapride,24,0.0,6910
Dog,cisapride,24,0.87,6911
Dog,cisapride,24,1.73,6912
Dog,cisapride,24,2.6,6913
Dog,cisapride,24,3.47,6914
Dog,cisapride,24,4.33,6915
Dog,cisapride,24,5.2,6916
Dog,cisapride,24,6.07,6917
Dog,cisapride,24,6.93,6918
Dog,cisapride,24,7.8,6919
Dog,cisapride,25,0.0,6920
Dog,cisapride,25,0.87,6921
Dog,cisapride,25,1.73,6922
Dog,cisapride,25,2.6,6923
Dog,cisapride,25,3.47,6924
Dog,cisapride,25,4.33,6925
Dog,cisapride,25,5.2,6926
Dog,cisapride,25,6.07,6927
Dog,cisapride,25,6.93,6928
Dog,cisapride,25,7.8,6929
Dog,cisapride,26,0.0,6930
Dog,cisapride,26,0.87,6931
Dog,cisapride,26,1.73,6932
Dog,cisapride,26,2.6,6933
Dog,cisapride,26,3.47,6934
Dog,cisapride,26,4.33,6935
Dog,cisapride,26,5.2,6936
Dog,cisapride,26,6.07,6937
Dog,cisapride,26,6.93,6938
Dog,cisapride,26,7.8,6939
Dog,cisapride,27,0.0,6940
Dog,cisapride,27,0.87,6941
Dog,cisapride,27,1.73,6942
Dog,cisapride,27,2.6,6943
Dog,cisapride,27,3.47,6944
Dog,cisapride,27,4.33,6945
Dog,cisapride,27,5.2,6946
Dog,cisapride,27,6.07,6947
Dog,cisapride,27,6.93,6948
Dog,cisapride,27,7.8,6949
Dog,cisapride,28,0.0,6950
Dog,cisapride,28,0.87,6951
Dog,cisapride,28,1.73,6952
Dog,cisapride,28,2.6,6953
Dog,cisapride,28,3.47,6954
Dog,cisapride,28,4.33,6955
Dog,cisapride,28,5.2,6956
Dog,cisapride,28,6.07,6957
Dog,cisapride,28,6.93,6958
Dog,cisapride,28,7.8,6959
Dog,cisapride,29,0.0,6960
Dog,cisapride,29,0.87,6961
Dog,cisapride,29,1.73,6962
Dog,cisapride,29,2.6,6963
Dog,cisapride,29,3.47,6964
Dog,cisapride,29,4.33,6965
Dog,cisapride,29,5.2,6966
Dog,cisapride,29,6.07,6967
Dog,cisapride,29,6.93,6968
Dog,cisapride,29,7.8,6969
Dog,cisapride,30,0.0,6970
Dog,cisapride,30,0.87,6971
Dog,cisapride,30,1.73,6972
Dog,cisapride,30,2.6,6973
Dog,cisapride,30,3.47,6974
Dog,cisapride,30,4.33,6975
Dog,cisapride,30,5.2,6976
Dog,cisapride,30,6.07,6977
Dog,cisapride,30,6.93,6978
Dog,cisapride,30,7.8,6979
Dog,cisapride,31,0.0,6980
Dog,cisapride,31,0.87,6981
Dog,cisapride,31,1.73,6982
Dog,cisapride,31,2.6,6983
Dog,cisapride,31,3.47,6984
Dog,cisapride,31,4.33,6985
Dog,cisapride,31,5.2,6986
Dog,cisapride,31,6.07,6987
Dog,cisapride,31,6.93,6988
Dog,cisapride,31,7.8,6989
Dog,cisapride,32,0.0,6990
Dog,cisapride,32,0.87,6991
Dog,cisapride,32,1.73,6992
Dog,cisapride,32,2.6,6993
Dog,cisapride,32,3.47,6994
Dog,cisapride,32,4.33,6995
Dog,cisapride,32,5.2,6996
Dog,cisapride,32,6.07,6997
Dog,cisapride,32,6.93,6998
Dog,cisapride,32,7.8,6999
Dog,cisapride,33,0.0,7000
Dog,cisapride,33,0.87,7001
Dog,cisapride,33,1.73,7002
Dog,cisapride,33,2.6,7003
Dog,cisapride,33,3.47,7004
Dog,cisapride,33,4.33,7005
Dog,cisapride,33,5.2,7006
Dog,cisapride,33,6.07,7007
Dog,cisapride,33,6.93,7008
Dog,cisapride,33,7.8,7009
Dog,cisapride,34,0.0,7010
Dog,cisapride,34,0.87,7011
Dog,cisapride,34,1.73,7012
Dog,cisapride,34,2.6,7013
Dog,cisapride,34,3.47,7014
Dog,cisapride,34,4.33,7015
Dog,cisapride,34,5.2,7016
Dog,cisapride,34,6.07,7017
Dog,cisapride,34,6.93,7018
Dog,cisapride,34,7.8,7019
Dog,cisapride,35,0.0,7020
Dog,cisapride,35,0.87,7021
Dog,cisapride,35,1.73,7022
Dog,cisapride,35,2.6,7023
Dog,cisapride,35,3.47,7024
Dog,cisapride,35,4.33,7025
Dog,cisapride,35,5.2,7026
Dog,cisapride,35,6.07,7027
Dog,cisapride,35,6.93,7028
Dog,cisapride,35,7.8,7029
Dog,cisapride,36,0.0,7030
Dog,cisapride,36,0.87,7031
Dog,cisapride,36,1.73,7032
Dog,cisapride,36,2.6,7033
Dog,cisapride,36,3.47,7034
Dog,cisapride,36,4.33,7035
Dog,cisapride,36,5.2,7036
Dog,cisapride,36,6.07,7037
Dog,cisapride,36,6.93,7038
Dog,cisapride,36,7.8,7039
Dog,cisapride,37,0.0,7040
Dog,cisapride,37,0.87,7041
Dog,cisapride,37,1.73,7042
Dog,cisapride,37,2.6,7043
Dog,cisapride,37,3.47,7044
Dog,cisapride,37,4.33,7045
Dog,cisapride,37,5.2,7046
Dog,cisapride,37,6.07,7047
Dog,cisapride,37,6.93,7048
Dog,cisapride,37,7.8,7049
Dog,cisapride,38,0.0,7050
Dog,cisapride,38,0.87,7051
Dog,cisapride,38,1.73,7052
Dog,cisapride,38,2.6,7053
Dog,cisapride,38,3.47,7054
Dog,cisapride,38,4.33,7055
Dog,cisapride,38,5.2,7056
Dog,cisapride,38,6.07,7057
Dog,cisapride,38,6.93,7058
Dog,cisapride,38,7.8,7059
Dog,cisapride,39,0.0,7060
Dog,cisapride,39,0.87,7061
Dog,cisapride,39,1.73,7062
Dog,cisapride,39,2.6,7063
Dog,cisapride,39,3.47,7064
Dog,cisapride,39,4.33,7065
Dog,cisapride,39,5.2,7066
Dog,cisapride,39,6.07,7067
Dog,cisapride,39,6.93,7068
Dog,cisapride,39,7.8,7069
Dog,cisapride,40,0.0,7070
Dog,cisapride,40,0.87,7071
Dog,cisapride,40,1.73,7072
Dog,cisapride,40,2.6,7073
Dog,cisapride,40,3.47,7074
Dog,cisapride,40,4.33,7075
Dog,cisapride,40,5.2,7076
Dog,cisapride,40,6.07,7077
Dog,cisapride,40,6.93,7078
Dog,cisapride,40,7.8,7079
Dog,cisapride,41,0.0,7080
Dog,cisapride,41,0.87,7081
Dog,cisapride,41,1.73,7082
Dog,cisapride,41,2.6,7083
Dog,cisapride,41,3.47,7084
Dog,cisapride,41,4.33,7085
Dog,cisapride,41,5.2,7086
Dog,cisapride,41,6.07,7087
Dog,cisapride,41,6.93,7088
Dog,cisapride,41,7.8,7089
Dog,diltiazem,0,0.0,8950
Dog,diltiazem,0,40.67,8951
Dog,diltiazem,0,81.33,8952
Dog,diltiazem,0,122.0,8953
Dog,diltiazem,0,162.67,8954
Dog,diltiazem,0,203.33,8955
Dog,diltiazem,0,244.0,8956
Dog,diltiazem,0,284.67,8957
Dog,diltiazem,0,325.33,8958
Dog,diltiazem,0,366.0,8959
Dog,diltiazem,1,0.0,8960
Dog,diltiazem,1,40.67,8961
Dog,diltiazem,1,81.33,8962
Dog,diltiazem,1,122.0,8963
Dog,diltiazem,1,162.67,8964
Dog,diltiazem,1,203.33,8965
Dog,diltiazem,1,244.0,8966
Dog,diltiazem,1,284.67,8967
Dog,diltiazem,1,325.33,8968
Dog,diltiazem,1,366.0,8969
Dog,diltiazem,2,0.0,8970
Dog,diltiazem,2,40.67,8971
Dog,diltiazem,2,81.33,8972
Dog,diltiazem,2,122.0,8973
Dog,diltiazem,2,162.67,8974
Dog,diltiazem,2,203.33,8975
Dog,diltiazem,2,244.0,8976
Dog,diltiazem,2,284.67,8977
Dog,diltiazem,2,325.33,8978
Dog,diltiazem,2,366.0,8979
Dog,diltiazem,3,0.0,8980
Dog,diltiazem,3,40.67,8981
Dog,diltiazem,3,81.33,8982
Dog,diltiazem,3,122.0,8983
Dog,diltiazem,3,162.67,8984
Dog,diltiazem,3,203.33,8985
Dog,diltiazem,3,244.0,8986
Dog,diltiazem,3,284.67,8987
Dog,diltiazem,3,325.33,8988
Dog,diltiazem,3,366.0,8989
Dog,diltiazem,4,0.0,8990
Dog,diltiazem,4,40.67,8991
Dog,diltiazem,4,81.33,8992
Dog,diltiazem,4,122.0,8993
Dog,diltiazem,4,162.67,8994
Dog,diltiazem,4,203.33,8995
Dog,diltiazem,4,244.0,8996
Dog,diltiazem,4,284.67,8997
Dog,diltiazem,4,325.33,8998
Dog,diltiazem,4,366.0,8999
Dog,diltiazem,5,0.0,9000
Dog,diltiazem,5,40.67,9001
Dog,diltiazem,5,81.33,9002
Dog,diltiazem,5,122.0,9003
Dog,diltiazem,5,162.67,9004
Dog,diltiazem,5,203.33,9005
Dog,diltiazem,5,244.0,9006
Dog,diltiazem,5,284.67,9007
Dog,diltiazem,5,325.33,9008
Dog,diltiazem,5,366.0,9009
Dog,diltiazem,6,0.0,9010
Dog,diltiazem,6,40.67,9011
Dog,diltiazem,6,81.33,9012
Dog,diltiazem,6,122.0,9013
Dog,diltiazem,6,162.67,9014
Dog,diltiazem,6,203.33,9015
Dog,diltiazem,6,244.0,9016
Dog,diltiazem,6,284.67,9017
Dog,diltiazem,6,325.33,9018
Dog,diltiazem,6,366.0,9019
Dog,diltiazem,7,0.0,9020
Dog,diltiazem,7,40.67,9021
Dog,diltiazem,7,81.33,9022
Dog,diltiazem,7,122.0,9023
Dog,diltiazem,7,162.67,9024
Dog,diltiazem,7,203.33,9025
Dog,diltiazem,7,244.0,9026
Dog,diltiazem,7,284.67,9027
Dog,diltiazem,7,325.33,9028
Dog,diltiazem,7,366.0,9029
Dog,diltiazem,8,0.0,9030
Dog,diltiazem,8,40.67,9031
Dog,diltiazem,8,81.33,9032
Dog,diltiazem,8,122.0,9033
Dog,diltiazem,8,162.67,9034
Dog,diltiazem,8,203.33,9035
Dog,diltiazem,8,244.0,9036
Dog,diltiazem,8,284.67,9037
Dog,diltiazem,8,325.33,9038
Dog,diltiazem,8,366.0,9039
Dog,diltiazem,9,0.0,9040
Dog,diltiazem,9,40.67,9041
Dog,diltiazem,9,81.33,9042
Dog,diltiazem,9,122.0,9043
Dog,diltiazem,9,162.67,9044
Dog,diltiazem,9,203.33,9045
Dog,diltiazem,9,244.0,9046
Dog,diltiazem,9,284.67,9047
Dog,diltiazem,9,325.33,9048
Dog,diltiazem,9,366.0,9049
Dog,diltiazem,11,0.0,9050
Dog,diltiazem,11,40.67,9051
Dog,diltiazem,11,81.33,9052
Dog,diltiazem,11,122.0,9053
Dog,diltiazem,11,162.67,9054
Dog,diltiazem,11,203.33,9055
Dog,diltiazem,11,244.0,9056
Dog,diltiazem,11,284.67,9057
Dog,diltiazem,11,325.33,9058
Dog,diltiazem,11,366.0,9059
Dog,diltiazem,12,0.0,9060
Dog,diltiazem,12,40.67,9061
Dog,diltiazem,12,81.33,9062
Dog,diltiazem,12,122.0,9063
Dog,diltiazem,12,162.67,9064
Dog,diltiazem,12,203.33,9065
Dog,diltiazem,12,244.0,9066
Dog,diltiazem,12,284.67,9067
Dog,diltiazem,12,325.33,9068
Dog,diltiazem,12,366.0,9069
Dog,diltiazem,13,0.0,9070
Dog,diltiazem,13,40.67,9071
Dog,diltiazem,13,81.33,9072
Dog,diltiazem,13,122.0,9073
Dog,diltiazem,13,162.67,9074
Dog,diltiazem,13,203.33,9075
Dog,diltiazem,13,244.0,9076
Dog,diltiazem,13,284.67,9077
Dog,diltiazem,13,325.33,9078
Dog,diltiazem,13,366.0,9079
Dog,diltiazem,14,0.0,9080
Dog,diltiazem,14,40.67,9081
Dog,diltiazem,14,81.33,9082
Dog,diltiazem,14,122.0,9083
Dog,diltiazem,14,162.67,9084
Dog,diltiazem,14,203.33,9085
Dog,diltiazem,14,244.0,9086
Dog,diltiazem,14,284.67,9087
Dog,diltiazem,14,325.33,9088
Dog,diltiazem,14,366.0,9089
Dog,diltiazem,15,0.0,9090
Dog,diltiazem,15,40.67,9091
Dog,diltiazem,15,81.33,9092
Dog,diltiazem,15,122.0,9093
Dog,diltiazem,15,162.67,9094
Dog,diltiazem,15,203.33,9095
Dog,diltiazem,15,244.0,9096
Dog,diltiazem,15,284.67,9097
Dog,diltiazem,15,325.33,9098
Dog,diltiazem,15,366.0,9099
Dog,diltiazem,16,0.0,9100
Dog,diltiazem,16,40.67,9101
Dog,diltiazem,16,81.33,9102
Dog,diltiazem,16,122.0,9103
Dog,diltiazem,16,162.67,9104
Dog,diltiazem,16,203.33,9105
Dog,diltiazem,16,244.0,9106
Dog,diltiazem,16,284.67,9107
Dog,diltiazem,16,325.33,9108
Dog,diltiazem,16,366.0,9109
Dog,diltiazem,17,0.0,9110
Dog,diltiazem,17,40.67,9111
Dog,diltiazem,17,81.33,9112
Dog,diltiazem,17,122.0,9113
Dog,diltiazem,17,162.67,9114
Dog,diltiazem,17,203.33,9115
Dog,diltiazem,17,244.0,9116
Dog,diltiazem,17,284.67,9117
Dog,diltiazem,17,325.33,9118
Dog,diltiazem,17,366.0,9119
Dog,diltiazem,18,0.0,9120
Dog,diltiazem,18,40.67,9121
Dog,diltiazem,18,81.33,9122
Dog,diltiazem,18,122.0,9123
Dog,diltiazem,18,162.67,9124
Dog,diltiazem,18,203.33,9125
Dog,diltiazem,18,244.0,9126
Dog,diltiazem,18,284.67,9127
Dog,diltiazem,18,325.33,9128
Dog,diltiazem,18,366.0,9129
Dog,diltiazem,19,0.0,9130
Dog,diltiazem,19,40.67,9131
Dog,diltiazem,19,81.33,9132
Dog,diltiazem,19,122.0,9133
Dog,diltiazem,19,162.67,9134
Dog,diltiazem,19,203.33,9135
Dog,diltiazem,19,244.0,9136
Dog,diltiazem,19,284.67,9137
Dog,diltiazem,19,325.33,9138
Dog,diltiazem,19,366.0,9139
Dog,diltiazem,20,0.0,9140
Dog,diltiazem,20,40.67,9141
Dog,diltiazem,20,81.33,9142
Dog,diltiazem,20,122.0,9143
Dog,diltiazem,20,162.67,9144
Dog,diltiazem,20,203.33,9145
Dog,diltiazem,20,244.0,9146
Dog,diltiazem,20,284.67,9147
Dog,diltiazem,20,325.33,9148
Dog,diltiazem,20,366.0,9149
Dog,diltiazem,21,0.0,9150
Dog,diltiazem,21,40.67,9151
Dog,diltiazem,21,81.33,9152
Dog,diltiazem,21,122.0,9153
Dog,diltiazem,21,162.67,9154
Dog,diltiazem,21,203.33,9155
Dog,diltiazem,21,244.0,9156
Dog,diltiazem,21,284.67,9157
Dog,diltiazem,21,325.33,9158
Dog,diltiazem,21,366.0,9159
Dog,diltiazem,22,0.0,9160
Dog,diltiazem,22,40.67,9161
Dog,diltiazem,22,81.33,9162
Dog,diltiazem,22,122.0,9163
Dog,diltiazem,22,162.67,9164
Dog,diltiazem,22,203.33,9165
Dog,diltiazem,22,244.0,9166
Dog,diltiazem,22,284.67,9167
Dog,diltiazem,22,325.33,9168
Dog,diltiazem,22,366.0,9169
Dog,diltiazem,23,0.0,9170
Dog,diltiazem,23,40.67,9171
Dog,diltiazem,23,81.33,9172
Dog,diltiazem,23,122.0,9173
Dog,diltiazem,23,162.67,9174
Dog,diltiazem,23,203.33,9175
Dog,diltiazem,23,244.0,9176
Dog,diltiazem,23,284.67,9177
Dog,diltiazem,23,325.33,9178
Dog,diltiazem,23,366.0,9179
Dog,diltiazem,24,0.0,9180
Dog,diltiazem,24,40.67,9181
Dog,diltiazem,24,81.33,9182
Dog,diltiazem,24,122.0,9183
Dog,diltiazem,24,162.67,9184
Dog,diltiazem,24,203.33,9185
Dog,diltiazem,24,244.0,9186
Dog,diltiazem,24,284.67,9187
Dog,diltiazem,24,325.33,9188
Dog,diltiazem,24,366.0,9189
Dog,diltiazem,26,0.0,9190
Dog,diltiazem,26,40.67,9191
Dog,diltiazem,26,81.33,9192
Dog,diltiazem,26,122.0,9193
Dog,diltiazem,26,162.67,9194
Dog,diltiazem,26,203.33,9195
Dog,diltiazem,26,244.0,9196
Dog,diltiazem,26,284.67,9197
Dog,diltiazem,26,325.33,9198
Dog,diltiazem,26,366.0,9199
Dog,diltiazem,27,0.0,9200
Dog,diltiazem,27,40.67,9201
Dog,diltiazem,27,81.33,9202
Dog,diltiazem,27,122.0,9203
Dog,diltiazem,27,162.67,9204
Dog,diltiazem,27,203.33,9205
Dog,diltiazem,27,244.0,9206
Dog,diltiazem,27,284.67,9207
Dog,diltiazem,27,325.33,9208
Dog,diltiazem,27,366.0,9209
Dog,diltiazem,28,0.0,9210
Dog,diltiazem,28,40.67,9211
Dog,diltiazem,28,81.33,9212
Dog,diltiazem,28,122.0,9213
Dog,diltiazem,28,162.67,9214
Dog,diltiazem,28,203.33,9215
Dog,diltiazem,28,244.0,9216
Dog,diltiazem,28,284.67,9217
Dog,diltiazem,28,325.33,9218
Dog,diltiazem,28,366.0,9219
Dog,diltiazem,29,0.0,9220
Dog,diltiazem,29,40.67,9221
Dog,diltiazem,29,81.33,9222
Dog,diltiazem,29,122.0,9223
Dog,diltiazem,29,162.67,9224
Dog,diltiazem,29,203.33,9225
Dog,diltiazem,29,244.0,9226
Dog,diltiazem,29,284.67,9227
Dog,diltiazem,29,325.33,9228
Dog,diltiazem,29,366.0,9229
Dog,diltiazem,30,0.0,9230
Dog,diltiazem,30,40.67,9231
Dog,diltiazem,30,81.33,9232
Dog,diltiazem,30,122.0,9233
Dog,diltiazem,30,162.67,9234
Dog,diltiazem,30,203.33,9235
Dog,diltiazem,30,244.0,9236
Dog,diltiazem,30,284.67,9237
Dog,diltiazem,30,325.33,9238
Dog,diltiazem,30,366.0,9239
Dog,diltiazem,31,0.0,9240
Dog,diltiazem,31,40.67,9241
Dog,diltiazem,31,81.33,9242
Dog,diltiazem,31,122.0,9243
Dog,diltiazem,31,162.67,9244
Dog,diltiazem,31,203.33,9245
Dog,diltiazem,31,244.0,9246
Dog,diltiazem,31,284.67,9247
Dog,diltiazem,31,325.33,9248
Dog,diltiazem,31,366.0,9249
Dog,diltiazem,32,0.0,9250
Dog,diltiazem,32,40.67,9251
Dog,diltiazem,32,81.33,9252
Dog,diltiazem,32,122.0,9253
Dog,diltiazem,32,162.67,9254
Dog,diltiazem,32,203.33,9255
Dog,diltiazem,32,244.0,9256
Dog,diltiazem,32,284.67,9257
Dog,diltiazem,32,325.33,9258
Dog,diltiazem,32,366.0,9259
Dog,diltiazem,33,0.0,9260
Dog,diltiazem,33,40.67,9261
Dog,diltiazem,33,81.33,9262
Dog,diltiazem,33,122.0,9263
Dog,diltiazem,33,162.67,9264
Dog,diltiazem,33,203.33,9265
Dog,diltiazem,33,244.0,9266
Dog,diltiazem,33,284.67,9267
Dog,diltiazem,33,325.33,9268
Dog,diltiazem,33,366.0,9269
Dog,diltiazem,34,0.0,9270
Dog,diltiazem,34,40.67,9271
Dog,diltiazem,34,81.33,9272
Dog,diltiazem,34,122.0,9273
Dog,diltiazem,34,162.67,9274
Dog,diltiazem,34,203.33,9275
Dog,diltiazem,34,244.0,9276
Dog,diltiazem,34,284.67,9277
Dog,diltiazem,34,325.33,9278
Dog,diltiazem,34,366.0,9279
Dog,diltiazem,35,0.0,9280
Dog,diltiazem,35,40.67,9281
Dog,diltiazem,35,81.33,9282
Dog,diltiazem,35,122.0,9283
Dog,diltiazem,35,162.67,9284
Dog,diltiazem,35,203.33,9285
Dog,diltiazem,35,244.0,9286
Dog,diltiazem,35,284.67,9287
Dog,diltiazem,35,325.33,9288
Dog,diltiazem,35,366.0,9289
Dog,diltiazem,36,0.0,9290
Dog,diltiazem,36,40.67,9291
Dog,diltiazem,36,81.33,9292
Dog,diltiazem,36,122.0,9293
Dog,diltiazem,36,162.67,9294
Dog,diltiazem,36,203.33,9295
Dog,diltiazem,36,244.0,9296
Dog,diltiazem,36,284.67,9297
Dog,diltiazem,36,325.33,9298
Dog,diltiazem,36,366.0,9299
Dog,diltiazem,37,0.0,9300
Dog,diltiazem,37,40.67,9301
Dog,diltiazem,37,81.33,9302
Dog,diltiazem,37,122.0,9303
Dog,diltiazem,37,162.67,9304
Dog,diltiazem,37,203.33,9305
Dog,diltiazem,37,244.0,9306
Dog,diltiazem,37,284.67,9307
Dog,diltiazem,37,325.33,9308
Dog,diltiazem,37,366.0,9309
Dog,diltiazem,38,0.0,9310
Dog,diltiazem,38,40.67,9311
Dog,diltiazem,38,81.33,9312
Dog,diltiazem,38,122.0,9313
Dog,diltiazem,38,162.67,9314
Dog,diltiazem,38,203.33,9315
Dog,diltiazem,38,244.0,9316
Dog,diltiazem,38,284.67,9317
Dog,diltiazem,38,325.33,9318
Dog,diltiazem,38,366.0,9319
Dog,diltiazem,39,0.0,9320
Dog,diltiazem,39,40.67,9321
Dog,diltiazem,39,81.33,9322
Dog,diltiazem,39,122.0,9323
Dog,diltiazem,39,162.67,9324
Dog,diltiazem,39,203.33,9325
Dog,diltiazem,39,244.0,9326
Dog,diltiazem,39,284.67,9327
Dog,diltiazem,39,325.33,9328
Dog,diltiazem,39,366.0,9329
Dog,diltiazem,40,0.0,9330
Dog,diltiazem,40,40.67,9331
Dog,diltiazem,40,81.33,9332
Dog,diltiazem,40,122.0,9333
Dog,diltiazem,40,162.67,9334
Dog,diltiazem,40,203.33,9335
Dog,diltiazem,40,244.0,9336
Dog,diltiazem,40,284.67,9337
Dog,diltiazem,40,325.33,9338
Dog,diltiazem,40,366.0,9339
Dog,diltiazem,41,0.0,9340
Dog,diltiazem,41,40.67,9341
Dog,diltiazem,41,81.33,9342
Dog,diltiazem,41,122.0,9343
Dog,diltiazem,41,162.67,9344
Dog,diltiazem,41,203.33,9345
Dog,diltiazem,41,244.0,9346
Dog,diltiazem,41,284.67,9347
Dog,diltiazem,41,325.33,9348
Dog,diltiazem,41,366.0,9349
Dog,dofetilide,0,0.0,11280
Dog,dofetilide,0,0.67,11281
Dog,dofetilide,0,1.33,11282
Dog,dofetilide,0,2.0,11283
Dog,dofetilide,0,2.67,11284
Dog,dofetilide,0,3.33,11285
Dog,dofetilide,0,4.0,11286
Dog,dofetilide,0,4.67,11287
Dog,dofetilide,0,5.33,11288
Dog,dofetilide,0,6.0,11289
Dog,dofetilide,2,0.0,11290
Dog,dofetilide,2,0.67,11291
Dog,dofetilide,2,1.33,11292
Dog,dofetilide,2,2.0,11293
Dog,dofetilide,2,2.67,11294
Dog,dofetilide,2,3.33,11295
Dog,dofetilide,2,4.0,11296
Dog,dofetilide,2,4.67,11297
Dog,dofetilide,2,5.33,11298
Dog,dofetilide,2,6.0,11299
Dog,dofetilide,3,0.0,11300
Dog,dofetilide,3,0.67,11301
Dog,dofetilide,3,1.33,11302
Dog,dofetilide,3,2.0,11303
Dog,dofetilide,3,2.67,11304
Dog,dofetilide,3,3.33,11305
Dog,dofetilide,3,4.0,11306
Dog,dofetilide,3,4.67,11307
Dog,dofetilide,3,5.33,11308
Dog,dofetilide,3,6.0,11309
Dog,dofetilide,4,0.0,11310
Dog,dofetilide,4,0.67,11311
Dog,dofetilide,4,1.33,11312
Dog,dofetilide,4,2.0,11313
Dog,dofetilide,4,2.67,11314
Dog,dofetilide,4,3.33,11315
Dog,dofetilide,4,4.0,11316
Dog,dofetilide,4,4.67,11317
Dog,dofetilide,4,5.33,11318
Dog,dofetilide,4,6.0,11319
Dog,dofetilide,5,0.0,11320
Dog,dofetilide,5,0.67,11321
Dog,dofetilide,5,1.33,11322
Dog,dofetilide,5,2.0,11323
Dog,dofetilide,5,2.67,11324
Dog,dofetilide,5,3.33,11325
Dog,dofetilide,5,4.0,11326
Dog,dofetilide,5,4.67,11327
Dog,dofetilide,5,5.33,11328
Dog,dofetilide,5,6.0,11329
Dog,dofetilide,6,0.0,11330
Dog,dofetilide,6,0.67,11331
Dog,dofetilide,6,1.33,11332
Dog,dofetilide,6,2.0,11333
Dog,dofetilide,6,2.67,11334
Dog,dofetilide,6,3.33,11335
Dog,dofetilide,6,4.0,11336
Dog,dofetilide,6,4.67,11337
Dog,dofetilide,6,5.33,11338
Dog,dofetilide,6,6.0,11339
Dog,dofetilide,7,0.0,11340
Dog,dofetilide,7,0.67,11341
Dog,dofetilide,7,1.33,11342
Dog,dofetilide,7,2.0,11343
Dog,dofetilide,7,2.67,11344
Dog,dofetilide,7,3.33,11345
Dog,dofetilide,7,4.0,11346
Dog,dofetilide,7,4.67,11347
Dog,dofetilide,7,5.33,11348
Dog,dofetilide,7,6.0,11349
Dog,dofetilide,9,0.0,11350
Dog,dofetilide,9,0.67,11351
Dog,dofetilide,9,1.33,11352
Dog,dofetilide,9,2.0,11353
Dog,dofetilide,9,2.67,11354
Dog,dofetilide,9,3.33,11355
Dog,dofetilide,9,4.0,11356
Dog,dofetilide,9,4.67,11357
Dog,dofetilide,9,5.33,11358
Dog,dofetilide,9,6.0,11359
Dog,dofetilide,11,0.0,11360
Dog,dofetilide,11,0.67,11361
Dog,dofetilide,11,1.33,11362
Dog,dofetilide,11,2.0,11363
Dog,dofetilide,11,2.67,11364
Dog,dofetilide,11,3.33,11365
Dog,dofetilide,11,4.0,11366
Dog,dofetilide,11,4.67,11367
Dog,dofetilide,11,5.33,11368
Dog,dofetilide,11,6.0,11369
Dog,dofetilide,14,0.0,11370
Dog,dofetilide,14,0.67,11371
Dog,dofetilide,14,1.33,11372
Dog,dofetilide,14,2.0,11373
Dog,dofetilide,14,2.67,11374
Dog,dofetilide,14,3.33,11375
Dog,dofetilide,14,4.0,11376
Dog,dofetilide,14,4.67,11377
Dog,dofetilide,14,5.33,11378
Dog,dofetilide,14,6.0,11379
Dog,dofetilide,15,0.0,11380
Dog,dofetilide,15,0.67,11381
Dog,dofetilide,15,1.33,11382
Dog,dofetilide,15,2.0,11383
Dog,dofetilide,15,2.67,11384
Dog,dofetilide,15,3.33,11385
Dog,dofetilide,15,4.0,11386
Dog,dofetilide,15,4.67,11387
Dog,dofetilide,15,5.33,11388
Dog,dofetilide,15,6.0,11389
Dog,dofetilide,16,0.0,11390
Dog,dofetilide,16,0.67,11391
Dog,dofetilide,16,1.33,11392
Dog,dofetilide,16,2.0,11393
Dog,dofetilide,16,2.67,11394
Dog,dofetilide,16,3.33,11395
Dog,dofetilide,16,4.0,11396
Dog,dofetilide,16,4.67,11397
Dog,dofetilide,16,5.33,11398
Dog,dofetilide,16,6.0,11399
Dog,dofetilide,19,0.0,11400
Dog,dofetilide,19,0.67,11401
Dog,dofetilide,19,1.33,11402
Dog,dofetilide,19,2.0,11403
Dog,dofetilide,19,2.67,11404
Dog,dofetilide,19,3.33,11405
Dog,dofetilide,19,4.0,11406
Dog,dofetilide,19,4.67,11407
Dog,dofetilide,19,5.33,11408
Dog,dofetilide,19,6.0,11409
Dog,dofetilide,20,0.0,11410
Dog,dofetilide,20,0.67,11411
Dog,dofetilide,20,1.33,11412
Dog,dofetilide,20,2.0,11413
Dog,dofetilide,20,2.67,11414
Dog,dofetilide,20,3.33,11415
Dog,dofetilide,20,4.0,11416
Dog,dofetilide,20,4.67,11417
Dog,dofetilide,20,5.33,11418
Dog,dofetilide,20,6.0,11419
Dog,dofetilide,22,0.0,11420
Dog,dofetilide,22,0.67,11421
Dog,dofetilide,22,1.33,11422
Dog,dofetilide,22,2.0,11423
Dog,dofetilide,22,2.67,11424
Dog,dofetilide,22,3.33,11425
Dog,dofetilide,22,4.0,11426
Dog,dofetilide,22,4.67,11427
Dog,dofetilide,22,5.33,11428
Dog,dofetilide,22,6.0,11429
Dog,dofetilide,23,0.0,11430
Dog,dofetilide,23,0.67,11431
Dog,dofetilide,23,1.33,11432
Dog,dofetilide,23,2.0,11433
Dog,dofetilide,23,2.67,11434
Dog,dofetilide,23,3.33,11435
Dog,dofetilide,23,4.0,11436
Dog,dofetilide,23,4.67,11437
Dog,dofetilide,23,5.33,11438
Dog,dofetilide,23,6.0,11439
Dog,dofetilide,24,0.0,11440
Dog,dofetilide,24,0.67,11441
Dog,dofetilide,24,1.33,11442
Dog,dofetilide,24,2.0,11443
Dog,dofetilide,24,2.67,11444
Dog,dofetilide,24,3.33,11445
Dog,dofetilide,24,4.0,11446
Dog,dofetilide,24,4.67,11447
Dog,dofetilide,24,5.33,11448
Dog,dofetilide,24,6.0,11449
Dog,dofetilide,25,0.0,11450
Dog,dofetilide,25,0.67,11451
Dog,dofetilide,25,1.33,11452
Dog,dofetilide,25,2.0,11453
Dog,dofetilide,25,2.67,11454
Dog,dofetilide,25,3.33,11455
Dog,dofetilide,25,4.0,11456
Dog,dofetilide,25,4.67,11457
Dog,dofetilide,25,5.33,11458
Dog,dofetilide,25,6.0,11459
Dog,dofetilide,27,0.0,11460
Dog,dofetilide,27,0.67,11461
Dog,dofetilide,27,1.33,11462
Dog,dofetilide,27,2.0,11463
Dog,dofetilide,27,2.67,11464
Dog,dofetilide,27,3.33,11465
Dog,dofetilide,27,4.0,11466
Dog,dofetilide,27,4.67,11467
Dog,dofetilide,27,5.33,11468
Dog,dofetilide,27,6.0,11469
Dog,dofetilide,28,0.0,11470
Dog,dofetilide,28,0.67,11471
Dog,dofetilide,28,1.33,11472
Dog,dofetilide,28,2.0,11473
Dog,dofetilide,28,2.67,11474
Dog,dofetilide,28,3.33,11475
Dog,dofetilide,28,4.0,11476
Dog,dofetilide,28,4.67,11477
Dog,dofetilide,28,5.33,11478
Dog,dofetilide,28,6.0,11479
Dog,dofetilide,29,0.0,11480
Dog,dofetilide,29,0.67,11481
Dog,dofetilide,29,1.33,11482
Dog,dofetilide,29,2.0,11483
Dog,dofetilide,29,2.67,11484
Dog,dofetilide,29,3.33,11485
Dog,dofetilide,29,4.0,11486
Dog,dofetilide,29,4.67,11487
Dog,dofetilide,29,5.33,11488
Dog,dofetilide,29,6.0,11489
Dog,dofetilide,30,0.0,11490
Dog,dofetilide,30,0.67,11491
Dog,dofetilide,30,1.33,11492
Dog,dofetilide,30,2.0,11493
Dog,dofetilide,30,2.67,11494
Dog,dofetilide,30,3.33,11495
Dog,dofetilide,30,4.0,11496
Dog,dofetilide,30,4.67,11497
Dog,dofetilide,30,5.33,11498
Dog,dofetilide,30,6.0,11499
Dog,dofetilide,32,0.0,11500
Dog,dofetilide,32,0.67,11501
Dog,dofetilide,32,1.33,11502
Dog,dofetilide,32,2.0,11503
Dog,dofetilide,32,2.67,11504
Dog,dofetilide,32,3.33,11505
Dog,dofetilide,32,4.0,11506
Dog,dofetilide,32,4.67,11507
Dog,dofetilide,32,5.33,11508
Dog,dofetilide,32,6.0,11509
Dog,dofetilide,33,0.0,11510
Dog,dofetilide,33,0.67,11511
Dog,dofetilide,33,1.33,11512
Dog,dofetilide,33,2.0,11513
Dog,dofetilide,33,2.67,11514
Dog,dofetilide,33,3.33,11515
Dog,dofetilide,33,4.0,11516
Dog,dofetilide,33,4.67,11517
Dog,dofetilide,33,5.33,11518
Dog,dofetilide,33,6.0,11519
Dog,dofetilide,34,0.0,11520
Dog,dofetilide,34,0.67,11521
Dog,dofetilide,34,1.33,11522
Dog,dofetilide,34,2.0,11523
Dog,dofetilide,34,2.67,11524
Dog,dofetilide,34,3.33,11525
Dog,dofetilide,34,4.0,11526
Dog,dofetilide,34,4.67,11527
Dog,dofetilide,34,5.33,11528
Dog,dofetilide,34,6.0,11529
Dog,dofetilide,36,0.0,11530
Dog,dofetilide,36,0.67,11531
Dog,dofetilide,36,1.33,11532
Dog,dofetilide,36,2.0,11533
Dog,dofetilide,36,2.67,11534
Dog,dofetilide,36,3.33,11535
Dog,dofetilide,36,4.0,11536
Dog,dofetilide,36,4.67,11537
Dog,dofetilide,36,5.33,11538
Dog,dofetilide,36,6.0,11539
Dog,dofetilide,37,0.0,11540
Dog,dofetilide,37,0.67,11541
Dog,dofetilide,37,1.33,11542
Dog,dofetilide,37,2.0,11543
Dog,dofetilide,37,2.67,11544
Dog,dofetilide,37,3.33,11545
Dog,dofetilide,37,4.0,11546
Dog,dofetilide,37,4.67,11547
Dog,dofetilide,37,5.33,11548
Dog,dofetilide,37,6.0,11549
Dog,dofetilide,38,0.0,11550
Dog,dofetilide,38,0.67,11551
Dog,dofetilide,38,1.33,11552
Dog,dofetilide,38,2.0,11553
Dog,dofetilide,38,2.67,11554
Dog,dofetilide,38,3.33,11555
Dog,dofetilide,38,4.0,11556
Dog,dofetilide,38,4.67,11557
Dog,dofetilide,38,5.33,11558
Dog,dofetilide,38,6.0,11559
Dog,dofetilide,39,0.0,11560
Dog,dofetilide,39,0.67,11561
Dog,dofetilide,39,1.33,11562
Dog,dofetilide,39,2.0,11563
Dog,dofetilide,39,2.67,11564
Dog,dofetilide,39,3.33,11565
Dog,dofetilide,39,4.0,11566
Dog,dofetilide,39,4.67,11567
Dog,dofetilide,39,5.33,11568
Dog,dofetilide,39,6.0,11569
Dog,dofetilide,40,0.0,11570
Dog,dofetilide,40,0.67,11571
Dog,dofetilide,40,1.33,11572
Dog,dofetilide,40,2.0,11573
Dog,dofetilide,40,2.67,11574
Dog,dofetilide,40,3.33,11575
Dog,dofetilide,40,4.0,11576
Dog,dofetilide,40,4.67,11577
Dog,dofetilide,40,5.33,11578
Dog,dofetilide,40,6.0,11579
Dog,dofetilide,41,0.0,11580
Dog,dofetilide,41,0.67,11581
Dog,dofetilide,41,1.33,11582
Dog,dofetilide,41,2.0,11583
Dog,dofetilide,41,2.67,11584
Dog,dofetilide,41,3.33,11585
Dog,dofetilide,41,4.0,11586
Dog,dofetilide,41,4.67,11587
Dog,dofetilide,41,5.33,11588
Dog,dofetilide,41,6.0,11589
Dog,mexiletine,0,0.0,13520
Dog,mexiletine,0,1376.33,13521
Dog,mexiletine,0,2752.67,13522
Dog,mexiletine,0,4129.0,13523
Dog,mexiletine,0,5505.33,13524
Dog,mexiletine,0,6881.67,13525
Dog,mexiletine,0,8258.0,13526
Dog,mexiletine,0,9634.33,13527
Dog,mexiletine,0,11010.67,13528
Dog,mexiletine,0,12387.0,13529
Dog,mexiletine,2,0.0,13530
Dog,mexiletine,2,1376.33,13531
Dog,mexiletine,2,2752.67,13532
Dog,mexiletine,2,4129.0,13533
Dog,mexiletine,2,5505.33,13534
Dog,mexiletine,2,6881.67,13535
Dog,mexiletine,2,8258.0,13536
Dog,mexiletine,2,9634.33,13537
Dog,mexiletine,2,11010.67,13538
Dog,mexiletine,2,12387.0,13539
Dog,mexiletine,3,0.0,13540
Dog,mexiletine,3,1376.33,13541
Dog,mexiletine,3,2752.67,13542
Dog,mexiletine,3,4129.0,13543
Dog,mexiletine,3,5505.33,13544
Dog,mexiletine,3,6881.67,13545
Dog,mexiletine,3,8258.0,13546
Dog,mexiletine,3,9634.33,13547
Dog,mexiletine,3,11010.67,13548
Dog,mexiletine,3,12387.0,13549
Dog,mexiletine,4,0.0,13550
Dog,mexiletine,4,1376.33,13551
Dog,mexiletine,4,2752.67,13552
Dog,mexiletine,4,4129.0,13553
Dog,mexiletine,4,5505.33,13554
Dog,mexiletine,4,6881.67,13555
Dog,mexiletine,4,8258.0,13556
Dog,mexiletine,4,9634.33,13557
Dog,mexiletine,4,11010.67,13558
Dog,mexiletine,4,12387.0,13559
Dog,mexiletine,5,0.0,13560
Dog,mexiletine,5,1376.33,13561
Dog,mexiletine,5,2752.67,13562
Dog,mexiletine,5,4129.0,13563
Dog,mexiletine,5,5505.33,13564
Dog,mexiletine,5,6881.67,13565
Dog,mexiletine,5,8258.0,13566
Dog,mexiletine,5,9634.33,13567
Dog,mexiletine,5,11010.67,13568
Dog,mexiletine,5,12387.0,13569
Dog,mexiletine,6,0.0,13570
Dog,mexiletine,6,1376.33,13571
Dog,mexiletine,6,2752.67,13572
Dog,mexiletine,6,4129.0,13573
Dog,mexiletine,6,5505.33,13574
Dog,mexiletine,6,6881.67,13575
Dog,mexiletine,6,8258.0,13576
Dog,mexiletine,6,9634.33,13577
Dog,mexiletine,6,11010.67,13578
Dog,mexiletine,6,12387.0,13579
Dog,mexiletine,7,0.0,13580
Dog,mexiletine,7,1376.33,13581
Dog,mexiletine,7,2752.67,13582
Dog,mexiletine,7,4129.0,13583
Dog,mexiletine,7,5505.33,13584
Dog,mexiletine,7,6881.67,13585
Dog,mexiletine,7,8258.0,13586
Dog,mexiletine,7,9634.33,13587
Dog,mexiletine,7,11010.67,13588
Dog,mexiletine,7,12387.0,13589
Dog,mexiletine,8,0.0,13590
Dog,mexiletine,8,1376.33,13591
Dog,mexiletine,8,2752.67,13592
Dog,mexiletine,8,4129.0,13593
Dog,mexiletine,8,5505.33,13594
Dog,mexiletine,8,6881.67,13595
Dog,mexiletine,8,8258.0,13596
Dog,mexiletine,8,9634.33,13597
Dog,mexiletine,8,11010.67,13598
Dog,mexiletine,8,12387.0,13599
Dog,mexiletine,9,0.0,13600
Dog,mexiletine,9,1376.33,13601
Dog,mexiletine,9,2752.67,13602
Dog,mexiletine,9,4129.0,13603
Dog,mexiletine,9,5505.33,13604
Dog,mexiletine,9,6881.67,13605
Dog,mexiletine,9,8258.0,13606
Dog,mexiletine,9,9634.33,13607
Dog,mexiletine,9,11010.67,13608
Dog,mexiletine,9,12387.0,13609
Dog,mexiletine,10,0.0,13610
Dog,mexiletine,10,1376.33,13611
Dog,mexiletine,10,2752.67,13612
Dog,mexiletine,10,4129.0,13613
Dog,mexiletine,10,5505.33,13614
Dog,mexiletine,10,6881.67,13615
Dog,mexiletine,10,8258.0,13616
Dog,mexiletine,10,9634.33,13617
Dog,mexiletine,10,11010.67,13618
Dog,mexiletine,10,12387.0,13619
Dog,mexiletine,11,0.0,13620
Dog,mexiletine,11,1376.33,13621
Dog,mexiletine,11,2752.67,13622
Dog,mexiletine,11,4129.0,13623
Dog,mexiletine,11,5505.33,13624
Dog,mexiletine,11,6881.67,13625
Dog,mexiletine,11,8258.0,13626
Dog,mexiletine,11,9634.33,13627
Dog,mexiletine,11,11010.67,13628
Dog,mexiletine,11,12387.0,13629
Dog,mexiletine,14,0.0,13630
Dog,mexiletine,14,1376.33,13631
Dog,mexiletine,14,2752.67,13632
Dog,mexiletine,14,4129.0,13633
Dog,mexiletine,14,5505.33,13634
Dog,mexiletine,14,6881.67,13635
Dog,mexiletine,14,8258.0,13636
Dog,mexiletine,14,9634.33,13637
Dog,mexiletine,14,11010.67,13638
Dog,mexiletine,14,12387.0,13639
Dog,mexiletine,15,0.0,13640
Dog,mexiletine,15,1376.33,13641
Dog,mexiletine,15,2752.67,13642
Dog,mexiletine,15,4129.0,13643
Dog,mexiletine,15,5505.33,13644
Dog,mexiletine,15,6881.67,13645
Dog,mexiletine,15,8258.0,13646
Dog,mexiletine,15,9634.33,13647
Dog,mexiletine,15,11010.67,13648
Dog,mexiletine,15,12387.0,13649
Dog,mexiletine,16,0.0,13650
Dog,mexiletine,16,1376.33,13651
Dog,mexiletine,16,2752.67,13652
Dog,mexiletine,16,4129.0,13653
Dog,mexiletine,16,5505.33,13654
Dog,mexiletine,16,6881.67,13655
Dog,mexiletine,16,8258.0,13656
Dog,mexiletine,16,9634.33,13657
Dog,mexiletine,16,11010.67,13658
Dog,mexiletine,16,12387.0,13659
Dog,mexiletine,17,0.0,13660
Dog,mexiletine,17,1376.33,13661
Dog,mexiletine,17,2752.67,13662
Dog,mexiletine,17,4129.0,13663
Dog,mexiletine,17,5505.33,13664
Dog,mexiletine,17,6881.67,13665
Dog,mexiletine,17,8258.0,13666
Dog,mexiletine,17,9634.33,13667
Dog,mexiletine,17,11010.67,13668
Dog,mexiletine,17,12387.0,13669
Dog,mexiletine,19,0.0,13670
Dog,mexiletine,19,1376.33,13671
Dog,mexiletine,19,2752.67,13672
Dog,mexiletine,19,4129.0,13673
Dog,mexiletine,19,5505.33,13674
Dog,mexiletine,19,6881.67,13675
Dog,mexiletine,19,8258.0,13676
Dog,mexiletine,19,9634.33,13677
Dog,mexiletine,19,11010.67,13678
Dog,mexiletine,19,12387.0,13679
Dog,mexiletine,20,0.0,13680
Dog,mexiletine,20,1376.33,13681
Dog,mexiletine,20,2752.67,13682
Dog,mexiletine,20,4129.0,13683
Dog,mexiletine,20,5505.33,13684
Dog,mexiletine,20,6881.67,13685
Dog,mexiletine,20,8258.0,13686
Dog,mexiletine,20,9634.33,13687
Dog,mexiletine,20,11010.67,13688
Dog,mexiletine,20,12387.0,13689
Dog,mexiletine,21,0.0,13690
Dog,mexiletine,21,1376.33,13691
Dog,mexiletine,21,2752.67,13692
Dog,mexiletine,21,4129.0,13693
Dog,mexiletine,21,5505.33,13694
Dog,mexiletine,21,6881.67,13695
Dog,mexiletine,21,8258.0,13696
Dog,mexiletine,21,9634.33,13697
Dog,mexiletine,21,11010.67,13698
Dog,mexiletine,21,12387.0,13699
Dog,mexiletine,22,0.0,13700
Dog,mexiletine,22,1376.33,13701
Dog,mexiletine,22,2752.67,13702
Dog,mexiletine,22,4129.0,13703
Dog,mexiletine,22,5505.33,13704
Dog,mexiletine,22,6881.67,13705
Dog,mexiletine,22,8258.0,13706
Dog,mexiletine,22,9634.33,13707
Dog,mexiletine,22,11010.67,13708
Dog,mexiletine,22,12387.0,13709
Dog,mexiletine,23,0.0,13710
Dog,mexiletine,23,1376.33,13711
Dog,mexiletine,23,2752.67,13712
Dog,mexiletine,23,4129.0,13713
Dog,mexiletine,23,5505.33,13714
Dog,mexiletine,23,6881.67,13715
Dog,mexiletine,23,8258.0,13716
Dog,mexiletine,23,9634.33,13717
Dog,mexiletine,23,11010.67,13718
Dog,mexiletine,23,12387.0,13719
Dog,mexiletine,24,0.0,13720
Dog,mexiletine,24,1376.33,13721
Dog,mexiletine,24,2752.67,13722
Dog,mexiletine,24,4129.0,13723
Dog,mexiletine,24,5505.33,13724
Dog,mexiletine,24,6881.67,13725
Dog,mexiletine,24,8258.0,13726
Dog,mexiletine,24,9634.33,13727
Dog,mexiletine,24,11010.67,13728
Dog,mexiletine,24,12387.0,13729
Dog,mexiletine,25,0.0,13730
Dog,mexiletine,25,1376.33,13731
Dog,mexiletine,25,2752.67,13732
Dog,mexiletine,25,4129.0,13733
Dog,mexiletine,25,5505.33,13734
Dog,mexiletine,25,6881.67,13735
Dog,mexiletine,25,8258.0,13736
Dog,mexiletine,25,9634.33,13737
Dog,mexiletine,25,11010.67,13738
Dog,mexiletine,25,12387.0,13739
Dog,mexiletine,26,0.0,13740
Dog,mexiletine,26,1376.33,13741
Dog,mexiletine,26,2752.67,13742
Dog,mexiletine,26,4129.0,13743
Dog,mexiletine,26,5505.33,13744
Dog,mexiletine,26,6881.67,13745
Dog,mexiletine,26,8258.0,13746
Dog,mexiletine,26,9634.33,13747
Dog,mexiletine,26,11010.67,13748
Dog,mexiletine,26,12387.0,13749
Dog,mexiletine,27,0.0,13750
Dog,mexiletine,27,1376.33,13751
Dog,mexiletine,27,2752.67,13752
Dog,mexiletine,27,4129.0,13753
Dog,mexiletine,27,5505.33,13754
Dog,mexiletine,27,6881.67,13755
Dog,mexiletine,27,8258.0,13756
Dog,mexiletine,27,9634.33,13757
Dog,mexiletine,27,11010.67,13758
Dog,mexiletine,27,12387.0,13759
Dog,mexiletine,28,0.0,13760
Dog,mexiletine,28,1376.33,13761
Dog,mexiletine,28,2752.67,13762
Dog,mexiletine,28,4129.0,13763
Dog,mexiletine,28,5505.33,13764
Dog,mexiletine,28,6881.67,13765
Dog,mexiletine,28,8258.0,13766
Dog,mexiletine,28,9634.33,13767
Dog,mexiletine,28,11010.67,13768
Dog,mexiletine,28,12387.0,13769
Dog,mexiletine,29,0.0,13770
Dog,mexiletine,29,1376.33,13771
Dog,mexiletine,29,2752.67,13772
Dog,mexiletine,29,4129.0,13773
Dog,mexiletine,29,5505.33,13774
Dog,mexiletine,29,6881.67,13775
Dog,mexiletine,29,8258.0,13776
Dog,mexiletine,29,9634.33,13777
Dog,mexiletine,29,11010.67,13778
Dog,mexiletine,29,12387.0,13779
Dog,mexiletine,30,0.0,13780
Dog,mexiletine,30,1376.33,13781
Dog,mexiletine,30,2752.67,13782
Dog,mexiletine,30,4129.0,13783
Dog,mexiletine,30,5505.33,13784
Dog,mexiletine,30,6881.67,13785
Dog,mexiletine,30,8258.0,13786
Dog,mexiletine,30,9634.33,13787
Dog,mexiletine,30,11010.67,13788
Dog,mexiletine,30,12387.0,13789
Dog,mexiletine,32,0.0,13790
Dog,mexiletine,32,1376.33,13791
Dog,mexiletine,32,2752.67,13792
Dog,mexiletine,32,4129.0,13793
Dog,mexiletine,32,5505.33,13794
Dog,mexiletine,32,6881.67,13795
Dog,mexiletine,32,8258.0,13796
Dog,mexiletine,32,9634.33,13797
Dog,mexiletine,32,11010.67,13798
Dog,mexiletine,32,12387.0,13799
Dog,mexiletine,33,0.0,13800
Dog,mexiletine,33,1376.33,13801
Dog,mexiletine,33,2752.67,13802
Dog,mexiletine,33,4129.0,13803
Dog,mexiletine,33,5505.33,13804
Dog,mexiletine,33,6881.67,13805
Dog,mexiletine,33,8258.0,13806
Dog,mexiletine,33,9634.33,13807
Dog,mexiletine,33,11010.67,13808
Dog,mexiletine,33,12387.0,13809
Dog,mexiletine,34,0.0,13810
Dog,mexiletine,34,1376.33,13811
Dog,mexiletine,34,2752.67,13812
Dog,mexiletine,34,4129.0,13813
Dog,mexiletine,34,5505.33,13814
Dog,mexiletine,34,6881.67,13815
Dog,mexiletine,34,8258.0,13816
Dog,mexiletine,34,9634.33,13817
Dog,mexiletine,34,11010.67,13818
Dog,mexiletine,34,12387.0,13819
Dog,mexiletine,36,0.0,13820
Dog,mexiletine,36,1376.33,13821
Dog,mexiletine,36,2752.67,13822
Dog,mexiletine,36,4129.0,13823
Dog,mexiletine,36,5505.33,13824
Dog,mexiletine,36,6881.67,13825
Dog,mexiletine,36,8258.0,13826
Dog,mexiletine,36,9634.33,13827
Dog,mexiletine,36,11010.67,13828
Dog,mexiletine,36,12387.0,13829
Dog,mexiletine,37,0.0,13830
Dog,mexiletine,37,1376.33,13831
Dog,mexiletine,37,2752.67,13832
Dog,mexiletine,37,4129.0,13833
Dog,mexiletine,37,5505.33,13834
Dog,mexiletine,37,6881.67,13835
Dog,mexiletine,37,8258.0,13836
Dog,mexiletine,37,9634.33,13837
Dog,mexiletine,37,11010.67,13838
Dog,mexiletine,37,12387.0,13839
Dog,mexiletine,38,0.0,13840
Dog,mexiletine,38,1376.33,13841
Dog,mexiletine,38,2752.67,13842
Dog,mexiletine,38,4129.0,13843
Dog,mexiletine,38,5505.33,13844
Dog,mexiletine,38,6881.67,13845
Dog,mexiletine,38,8258.0,13846
Dog,mexiletine,38,9634.33,13847
Dog,mexiletine,38,11010.67,13848
Dog,mexiletine,38,12387.0,13849
Dog,mexiletine,39,0.0,13850
Dog,mexiletine,39,1376.33,13851
Dog,mexiletine,39,2752.67,13852
Dog,mexiletine,39,4129.0,13853
Dog,mexiletine,39,5505.33,13854
Dog,mexiletine,39,6881.67,13855
Dog,mexiletine,39,8258.0,13856
Dog,mexiletine,39,9634.33,13857
Dog,mexiletine,39,11010.67,13858
Dog,mexiletine,39,12387.0,13859
Dog,mexiletine,40,0.0,13860
Dog,mexiletine,40,1376.33,13861
Dog,mexiletine,40,2752.67,13862
Dog,mexiletine,40,4129.0,13863
Dog,mexiletine,40,5505.33,13864
Dog,mexiletine,40,6881.67,13865
Dog,mexiletine,40,8258.0,13866
Dog,mexiletine,40,9634.33,13867
Dog,mexiletine,40,11010.67,13868
Dog,mexiletine,40,12387.0,13869
Dog,mexiletine,41,0.0,13870
Dog,mexiletine,41,1376.33,13871
Dog,mexiletine,41,2752.67,13872
Dog,mexiletine,41,4129.0,13873
Dog,mexiletine,41,5505.33,13874
Dog,mexiletine,41,6881.67,13875
Dog,mexiletine,41,8258.0,13876
Dog,mexiletine,41,9634.33,13877
Dog,mexiletine,41,11010.67,13878
Dog,mexiletine,41,12387.0,13879
Dog,ondansetron,0,0.0,15859
Dog,ondansetron,0,46.33,15860
Dog,ondansetron,0,92.67,15861
Dog,ondansetron,0,139.0,15862
Dog,ondansetron,0,185.33,15863
Dog,ondansetron,0,231.67,15864
Dog,ondansetron,0,278.0,15865
Dog,ondansetron,0,324.33,15866
Dog,ondansetron,0,370.67,15867
Dog,ondansetron,0,417.0,15868
Dog,ondansetron,1,0.0,15869
Dog,ondansetron,1,46.33,15870
Dog,ondansetron,1,92.67,15871
Dog,ondansetron,1,139.0,15872
Dog,ondansetron,1,185.33,15873
Dog,ondansetron,1,231.67,15874
Dog,ondansetron,1,278.0,15875
Dog,ondansetron,1,324.33,15876
Dog,ondansetron,1,370.67,15877
Dog,ondansetron,1,417.0,15878
Dog,ondansetron,2,0.0,15879
Dog,ondansetron,2,46.33,15880
Dog,ondansetron,2,92.67,15881
Dog,ondansetron,2,139.0,15882
Dog,ondansetron,2,185.33,15883
Dog,ondansetron,2,231.67,15884
Dog,ondansetron,2,278.0,15885
Dog,ondansetron,2,324.33,15886
Dog,ondansetron,2,370.67,15887
Dog,ondansetron,2,417.0,15888
Dog,ondansetron,3,0.0,15889
Dog,ondansetron,3,46.33,15890
Dog,ondansetron,3,92.67,15891
Dog,ondansetron,3,139.0,15892
Dog,ondansetron,3,185.33,15893
Dog,ondansetron,3,231.67,15894
Dog,ondansetron,3,278.0,15895
Dog,ondansetron,3,324.33,15896
Dog,ondansetron,3,370.67,15897
Dog,ondansetron,3,417.0,15898
Dog,ondansetron,4,0.0,15899
Dog,ondansetron,4,46.33,15900
Dog,ondansetron,4,92.67,15901
Dog,ondansetron,4,139.0,15902
Dog,ondansetron,4,185.33,15903
Dog,ondansetron,4,231.67,15904
Dog,ondansetron,4,278.0,15905
Dog,ondansetron,4,324.33,15906
Dog,ondansetron,4,370.67,15907
Dog,ondansetron,4,417.0,15908
Dog,ondansetron,5,0.0,15909
Dog,ondansetron,5,46.33,15910
Dog,ondansetron,5,92.67,15911
Dog,ondansetron,5,139.0,15912
Dog,ondansetron,5,185.33,15913
Dog,ondansetron,5,231.67,15914
Dog,ondansetron,5,278.0,15915
Dog,ondansetron,5,324.33,15916
Dog,ondansetron,5,370.67,15917
Dog,ondansetron,5,417.0,15918
Dog,ondansetron,6,0.0,15919
Dog,ondansetron,6,46.33,15920
Dog,ondansetron,6,92.67,15921
Dog,ondansetron,6,139.0,15922
Dog,ondansetron,6,185.33,15923
Dog,ondansetron,6,231.67,15924
Dog,ondansetron,6,278.0,15925
Dog,ondansetron,6,324.33,15926
Dog,ondansetron,6,370.67,15927
Dog,ondansetron,6,417.0,15928
Dog,ondansetron,7,0.0,15929
Dog,ondansetron,7,46.33,15930
Dog,ondansetron,7,92.67,15931
Dog,ondansetron,7,139.0,15932
Dog,ondansetron,7,185.33,15933
Dog,ondansetron,7,231.67,15934
Dog,ondansetron,7,278.0,15935
Dog,ondansetron,7,324.33,15936
Dog,ondansetron,7,370.67,15937
Dog,ondansetron,7,417.0,15938
Dog,ondansetron,8,0.0,15939
Dog,ondansetron,8,46.33,15940
Dog,ondansetron,8,92.67,15941
Dog,ondansetron,8,139.0,15942
Dog,ondansetron,8,185.33,15943
Dog,ondansetron,8,231.67,15944
Dog,ondansetron,8,278.0,15945
Dog,ondansetron,8,324.33,15946
Dog,ondansetron,8,370.67,15947
Dog,ondansetron,8,417.0,15948
Dog,ondansetron,9,0.0,15949
Dog,ondansetron,9,46.33,15950
Dog,ondansetron,9,92.67,15951
Dog,ondansetron,9,139.0,15952
Dog,ondansetron,9,185.33,15953
Dog,ondansetron,9,231.67,15954
Dog,ondansetron,9,278.0,15955
Dog,ondansetron,9,324.33,15956
Dog,ondansetron,9,370.67,15957
Dog,ondansetron,9,417.0,15958
Dog,ondansetron,10,0.0,15959
Dog,ondansetron,10,46.33,15960
Dog,ondansetron,10,92.67,15961
Dog,ondansetron,10,139.0,15962
Dog,ondansetron,10,185.33,15963
Dog,ondansetron,10,231.67,15964
Dog,ondansetron,10,278.0,15965
Dog,ondansetron,10,324.33,15966
Dog,ondansetron,10,370.67,15967
Dog,ondansetron,10,417.0,15968
Dog,ondansetron,11,0.0,15969
Dog,ondansetron,11,46.33,15970
Dog,ondansetron,11,92.67,15971
Dog,ondansetron,11,139.0,15972
Dog,ondansetron,11,185.33,15973
Dog,ondansetron,11,231.67,15974
Dog,ondansetron,11,278.0,15975
Dog,ondansetron,11,324.33,15976
Dog,ondansetron,11,370.67,15977
Dog,ondansetron,11,417.0,15978
Dog,ondansetron,13,0.0,15979
Dog,ondansetron,13,46.33,15980
Dog,ondansetron,13,92.67,15981
Dog,ondansetron,13,139.0,15982
Dog,ondansetron,13,185.33,15983
Dog,ondansetron,13,231.67,15984
Dog,ondansetron,13,278.0,15985
Dog,ondansetron,13,324.33,15986
Dog,ondansetron,13,370.67,15987
Dog,ondansetron,13,417.0,15988
Dog,ondansetron,14,0.0,15989
Dog,ondansetron,14,46.33,15990
Dog,ondansetron,14,92.67,15991
Dog,ondansetron,14,139.0,15992
Dog,ondansetron,14,185.33,15993
Dog,ondansetron,14,231.67,15994
Dog,ondansetron,14,278.0,15995
Dog,ondansetron,14,324.33,15996
Dog,ondansetron,14,370.67,15997
Dog,ondansetron,14,417.0,15998
Dog,ondansetron,15,0.0,15999
Dog,ondansetron,15,46.33,16000
Dog,ondansetron,15,92.67,16001
Dog,ondansetron,15,139.0,16002
Dog,ondansetron,15,185.33,16003
Dog,ondansetron,15,231.67,16004
Dog,ondansetron,15,278.0,16005
Dog,ondansetron,15,324.33,16006
Dog,ondansetron,15,370.67,16007
Dog,ondansetron,15,417.0,16008
Dog,ondansetron,16,0.0,16009
Dog,ondansetron,16,46.33,16010
Dog,ondansetron,16,92.67,16011
Dog,ondansetron,16,139.0,16012
Dog,ondansetron,16,185.33,16013
Dog,ondansetron,16,231.67,16014
Dog,ondansetron,16,278.0,16015
Dog,ondansetron,16,324.33,16016
Dog,ondansetron,16,370.67,16017
Dog,ondansetron,16,417.0,16018
Dog,ondansetron,17,0.0,16019
Dog,ondansetron,17,46.33,16020
Dog,ondansetron,17,92.67,16021
Dog,ondansetron,17,139.0,16022
Dog,ondansetron,17,185.33,16023
Dog,ondansetron,17,231.67,16024
Dog,ondansetron,17,278.0,16025
Dog,ondansetron,17,324.33,16026
Dog,ondansetron,17,370.67,16027
Dog,ondansetron,17,417.0,16028
Dog,ondansetron,19,0.0,16029
Dog,ondansetron,19,46.33,16030
Dog,ondansetron,19,92.67,16031
Dog,ondansetron,19,139.0,16032
Dog,ondansetron,19,185.33,16033
Dog,ondansetron,19,231.67,16034
Dog,ondansetron,19,278.0,16035
Dog,ondansetron,19,324.33,16036
Dog,ondansetron,19,370.67,16037
Dog,ondansetron,19,417.0,16038
Dog,ondansetron,20,0.0,16039
Dog,ondansetron,20,46.33,16040
Dog,ondansetron,20,92.67,16041
Dog,ondansetron,20,139.0,16042
Dog,ondansetron,20,185.33,16043
Dog,ondansetron,20,231.67,16044
Dog,ondansetron,20,278.0,16045
Dog,ondansetron,20,324.33,16046
Dog,ondansetron,20,370.67,16047
Dog,ondansetron,20,417.0,16048
Dog,ondansetron,21,0.0,16049
Dog,ondansetron,21,46.33,16050
Dog,ondansetron,21,92.67,16051
Dog,ondansetron,21,139.0,16052
Dog,ondansetron,21,185.33,16053
Dog,ondansetron,21,231.67,16054
Dog,ondansetron,21,278.0,16055
Dog,ondansetron,21,324.33,16056
Dog,ondansetron,21,370.67,16057
Dog,ondansetron,21,417.0,16058
Dog,ondansetron,22,0.0,16059
Dog,ondansetron,22,46.33,16060
Dog,ondansetron,22,92.67,16061
Dog,ondansetron,22,139.0,16062
Dog,ondansetron,22,185.33,16063
Dog,ondansetron,22,231.67,16064
Dog,ondansetron,22,278.0,16065
Dog,ondansetron,22,324.33,16066
Dog,ondansetron,22,370.67,16067
Dog,ondansetron,22,417.0,16068
Dog,ondansetron,23,0.0,16069
Dog,ondansetron,23,46.33,16070
Dog,ondansetron,23,92.67,16071
Dog,ondansetron,23,139.0,16072
Dog,ondansetron,23,185.33,16073
Dog,ondansetron,23,231.67,16074
Dog,ondansetron,23,278.0,16075
Dog,ondansetron,23,324.33,16076
Dog,ondansetron,23,370.67,16077
Dog,ondansetron,23,417.0,16078
Dog,ondansetron,24,0.0,16079
Dog,ondansetron,24,46.33,16080
Dog,ondansetron,24,92.67,16081
Dog,ondansetron,24,139.0,16082
Dog,ondansetron,24,185.33,16083
Dog,ondansetron,24,231.67,16084
Dog,ondansetron,24,278.0,16085
Dog,ondansetron,24,324.33,16086
Dog,ondansetron,24,370.67,16087
Dog,ondansetron,24,417.0,16088
Dog,ondansetron,25,0.0,16089
Dog,ondansetron,25,46.33,16090
Dog,ondansetron,25,92.67,16091
Dog,ondansetron,25,139.0,16092
Dog,ondansetron,25,185.33,16093
Dog,ondansetron,25,231.67,16094
Dog,ondansetron,25,278.0,16095
Dog,ondansetron,25,324.33,16096
Dog,ondansetron,25,370.67,16097
Dog,ondansetron,25,417.0,16098
Dog,ondansetron,26,0.0,16099
Dog,ondansetron,26,46.33,16100
Dog,ondansetron,26,92.67,16101
Dog,ondansetron,26,139.0,16102
Dog,ondansetron,26,185.33,16103
Dog,ondansetron,26,231.67,16104
Dog,ondansetron,26,278.0,16105
Dog,ondansetron,26,324.33,16106
Dog,ondansetron,26,370.67,16107
Dog,ondansetron,26,417.0,16108
Dog,ondansetron,27,0.0,16109
Dog,ondansetron,27,46.33,16110
Dog,ondansetron,27,92.67,16111
Dog,ondansetron,27,139.0,16112
Dog,ondansetron,27,185.33,16113
Dog,ondansetron,27,231.67,16114
Dog,ondansetron,27,278.0,16115
Dog,ondansetron,27,324.33,16116
Dog,ondansetron,27,370.67,16117
Dog,ondansetron,27,417.0,16118
Dog,ondansetron,28,0.0,16119
Dog,ondansetron,28,46.33,16120
Dog,ondansetron,28,92.67,16121
Dog,ondansetron,28,139.0,16122
Dog,ondansetron,28,185.33,16123
Dog,ondansetron,28,231.67,16124
Dog,ondansetron,28,278.0,16125
Dog,ondansetron,28,324.33,16126
Dog,ondansetron,28,370.67,16127
Dog,ondansetron,28,417.0,16128
Dog,ondansetron,29,0.0,16129
Dog,ondansetron,29,46.33,16130
Dog,ondansetron,29,92.67,16131
Dog,ondansetron,29,139.0,16132
Dog,ondansetron,29,185.33,16133
Dog,ondansetron,29,231.67,16134
Dog,ondansetron,29,278.0,16135
Dog,ondansetron,29,324.33,16136
Dog,ondansetron,29,370.67,16137
Dog,ondansetron,29,417.0,16138
Dog,ondansetron,30,0.0,16139
Dog,ondansetron,30,46.33,16140
Dog,ondansetron,30,92.67,16141
Dog,ondansetron,30,139.0,16142
Dog,ondansetron,30,185.33,16143
Dog,ondansetron,30,231.67,16144
Dog,ondansetron,30,278.0,16145
Dog,ondansetron,30,324.33,16146
Dog,ondansetron,30,370.67,16147
Dog,ondansetron,30,417.0,16148
Dog,ondansetron,31,0.0,16149
Dog,ondansetron,31,46.33,16150
Dog,ondansetron,31,92.67,16151
Dog,ondansetron,31,139.0,16152
Dog,ondansetron,31,185.33,16153
Dog,ondansetron,31,231.67,16154
Dog,ondansetron,31,278.0,16155
Dog,ondansetron,31,324.33,16156
Dog,ondansetron,31,370.67,16157
Dog,ondansetron,31,417.0,16158
Dog,ondansetron,32,0.0,16159
Dog,ondansetron,32,46.33,16160
Dog,ondansetron,32,92.67,16161
Dog,ondansetron,32,139.0,16162
Dog,ondansetron,32,185.33,16163
Dog,ondansetron,32,231.67,16164
Dog,ondansetron,32,278.0,16165
Dog,ondansetron,32,324.33,16166
Dog,ondansetron,32,370.67,16167
Dog,ondansetron,32,417.0,16168
Dog,ondansetron,33,0.0,16169
Dog,ondansetron,33,46.33,16170
Dog,ondansetron,33,92.67,16171
Dog,ondansetron,33,139.0,16172
Dog,ondansetron,33,185.33,16173
Dog,ondansetron,33,231.67,16174
Dog,ondansetron,33,278.0,16175
Dog,ondansetron,33,324.33,16176
Dog,ondansetron,33,370.67,16177
Dog,ondansetron,33,417.0,16178
Dog,ondansetron,34,0.0,16179
Dog,ondansetron,34,46.33,16180
Dog,ondansetron,34,92.67,16181
Dog,ondansetron,34,139.0,16182
Dog,ondansetron,34,185.33,16183
Dog,ondansetron,34,231.67,16184
Dog,ondansetron,34,278.0,16185
Dog,ondansetron,34,324.33,16186
Dog,ondansetron,34,370.67,16187
Dog,ondansetron,34,417.0,16188
Dog,ondansetron,36,0.0,16189
Dog,ondansetron,36,46.33,16190
Dog,ondansetron,36,92.67,16191
Dog,ondansetron,36,139.0,16192
Dog,ondansetron,36,185.33,16193
Dog,ondansetron,36,231.67,16194
Dog,ondansetron,36,278.0,16195
Dog,ondansetron,36,324.33,16196
Dog,ondansetron,36,370.67,16197
Dog,ondansetron,36,417.0,16198
Dog,ondansetron,37,0.0,16199
Dog,ondansetron,37,46.33,16200
Dog,ondansetron,37,92.67,16201
Dog,ondansetron,37,139.0,16202
Dog,ondansetron,37,185.33,16203
Dog,ondansetron,37,231.67,16204
Dog,ondansetron,37,278.0,16205
Dog,ondansetron,37,324.33,16206
Dog,ondansetron,37,370.67,16207
Dog,ondansetron,37,417.0,16208
Dog,ondansetron,38,0.0,16209
Dog,ondansetron,38,46.33,16210
Dog,ondansetron,38,92.67,16211
Dog,ondansetron,38,139.0,16212
Dog,ondansetron,38,185.33,16213
Dog,ondansetron,38,231.67,16214
Dog,ondansetron,38,278.0,16215
Dog,ondansetron,38,324.33,16216
Dog,ondansetron,38,370.67,16217
Dog,ondansetron,38,417.0,16218
Dog,ondansetron,39,0.0,16219
Dog,ondansetron,39,46.33,16220
Dog,ondansetron,39,92.67,16221
Dog,ondansetron,39,139.0,16222
Dog,ondansetron,39,185.33,16223
Dog,ondansetron,39,231.67,16224
Dog,ondansetron,39,278.0,16225
Dog,ondansetron,39,324.33,16226
Dog,ondansetron,39,370.67,16227
Dog,ondansetron,39,417.0,16228
Dog,ondansetron,41,0.0,16229
Dog,ondansetron,41,46.33,16230
Dog,ondansetron,41,92.67,16231
Dog,ondansetron,41,139.0,16232
Dog,ondansetron,41,185.33,16233
Dog,ondansetron,41,231.67,16234
Dog,ondansetron,41,278.0,16235
Dog,ondansetron,41,324.33,16236
Dog,ondansetron,41,370.67,16237
Dog,ondansetron,41,417.0,16238
Dog,quinidine,0,0.0,17769
Dog,quinidine,0,1079.0,17770
Dog,quinidine,0,2158.0,17771
Dog,quinidine,0,3237.0,17772
Dog,quinidine,0,4316.0,17773
Dog,quinidine,0,5395.0,17774
Dog,quinidine,0,6474.0,17775
Dog,quinidine,0,7553.0,17776
Dog,quinidine,0,8632.0,17777
Dog,quinidine,0,9711.0,17778
Dog,quinidine,2,0.0,17779
Dog,quinidine,2,1079.0,17780
Dog,quinidine,2,2158.0,17781
Dog,quinidine,2,3237.0,17782
Dog,quinidine,2,4316.0,17783
Dog,quinidine,2,5395.0,17784
Dog,quinidine,2,6474.0,17785
Dog,quinidine,2,7553.0,17786
Dog,quinidine,2,8632.0,17787
Dog,quinidine,2,9711.0,17788
Dog,quinidine,3,0.0,17789
Dog,quinidine,3,1079.0,17790
Dog,quinidine,3,2158.0,17791
Dog,quinidine,3,3237.0,17792
Dog,quinidine,3,4316.0,17793
Dog,quinidine,3,5395.0,17794
Dog,quinidine,3,6474.0,17795
Dog,quinidine,3,7553.0,17796
Dog,quinidine,3,8632.0,17797
Dog,quinidine,3,9711.0,17798
Dog,quinidine,4,0.0,17799
Dog,quinidine,4,1079.0,17800
Dog,quinidine,4,2158.0,17801
Dog,quinidine,4,3237.0,17802
Dog,quinidine,4,4316.0,17803
Dog,quinidine,4,5395.0,17804
Dog,quinidine,4,6474.0,17805
Dog,quinidine,4,7553.0,17806
Dog,quinidine,4,8632.0,17807
Dog,quinidine,4,9711.0,17808
Dog,quinidine,5,0.0,17809
Dog,quinidine,5,1079.0,17810
Dog,quinidine,5,2158.0,17811
Dog,quinidine,5,3237.0,17812
Dog,quinidine,5,4316.0,17813
Dog,quinidine,5,5395.0,17814
Dog,quinidine,5,6474.0,17815
Dog,quinidine,5,7553.0,17816
Dog,quinidine,5,8632.0,17817
Dog,quinidine,5,9711.0,17818
Dog,quinidine,6,0.0,17819
Dog,quinidine,6,1079.0,17820
Dog,quinidine,6,2158.0,17821
Dog,quinidine,6,3237.0,17822
Dog,quinidine,6,4316.0,17823
Dog,quinidine,6,5395.0,17824
Dog,quinidine,6,6474.0,17825
Dog,quinidine,6,7553.0,17826
Dog,quinidine,6,8632.0,17827
Dog,quinidine,6,9711.0,17828
Dog,quinidine,7,0.0,17829
Dog,quinidine,7,1079.0,17830
Dog,quinidine,7,2158.0,17831
Dog,quinidine,7,3237.0,17832
Dog,quinidine,7,4316.0,17833
Dog,quinidine,7,5395.0,17834
Dog,quinidine,7,6474.0,17835
Dog,quinidine,7,7553.0,17836
Dog,quinidine,7,8632.0,17837
Dog,quinidine,7,9711.0,17838
Dog,quinidine,8,0.0,17839
Dog,quinidine,8,1079.0,17840
Dog,quinidine,8,2158.0,17841
Dog,quinidine,8,3237.0,17842
Dog,quinidine,8,4316.0,17843
Dog,quinidine,8,5395.0,17844
Dog,quinidine,8,6474.0,17845
Dog,quinidine,8,7553.0,17846
Dog,quinidine,8,8632.0,17847
Dog,quinidine,8,9711.0,17848
Dog,quinidine,9,0.0,17849
Dog,quinidine,9,1079.0,17850
Dog,quinidine,9,2158.0,17851
Dog,quinidine,9,3237.0,17852
Dog,quinidine,9,4316.0,17853
Dog,quinidine,9,5395.0,17854
Dog,quinidine,9,6474.0,17855
Dog,quinidine,9,7553.0,17856
Dog,quinidine,9,8632.0,17857
Dog,quinidine,9,9711.0,17858
Dog,quinidine,10,0.0,17859
Dog,quinidine,10,1079.0,17860
Dog,quinidine,10,2158.0,17861
Dog,quinidine,10,3237.0,17862
Dog,quinidine,10,4316.0,17863
Dog,quinidine,10,5395.0,17864
Dog,quinidine,10,6474.0,17865
Dog,quinidine,10,7553.0,17866
Dog,quinidine,10,8632.0,17867
Dog,quinidine,10,9711.0,17868
Dog,quinidine,11,0.0,17869
Dog,quinidine,11,1079.0,17870
Dog,quinidine,11,2158.0,17871
Dog,quinidine,11,3237.0,17872
Dog,quinidine,11,4316.0,17873
Dog,quinidine,11,5395.0,17874
Dog,quinidine,11,6474.0,17875
Dog,quinidine,11,7553.0,17876
Dog,quinidine,11,8632.0,17877
Dog,quinidine,11,9711.0,17878
Dog,quinidine,13,0.0,17879
Dog,quinidine,13,1079.0,17880
Dog,quinidine,13,2158.0,17881
Dog,quinidine,13,3237.0,17882
Dog,quinidine,13,4316.0,17883
Dog,quinidine,13,5395.0,17884
Dog,quinidine,13,6474.0,17885
Dog,quinidine,13,7553.0,17886
Dog,quinidine,13,8632.0,17887
Dog,quinidine,13,9711.0,17888
Dog,quinidine,14,0.0,17889
Dog,quinidine,14,1079.0,17890
Dog,quinidine,14,2158.0,17891
Dog,quinidine,14,3237.0,17892
Dog,quinidine,14,4316.0,17893
Dog,quinidine,14,5395.0,17894
Dog,quinidine,14,6474.0,17895
Dog,quinidine,14,7553.0,17896
Dog,quinidine,14,8632.0,17897
Dog,quinidine,14,9711.0,17898
Dog,quinidine,15,0.0,17899
Dog,quinidine,15,1079.0,17900
Dog,quinidine,15,2158.0,17901
Dog,quinidine,15,3237.0,17902
Dog,quinidine,15,4316.0,17903
Dog,quinidine,15,5395.0,17904
Dog,quinidine,15,6474.0,17905
Dog,quinidine,15,7553.0,17906
Dog,quinidine,15,8632.0,17907
Dog,quinidine,15,9711.0,17908
Dog,quinidine,17,0.0,17909
Dog,quinidine,17,1079.0,17910
Dog,quinidine,17,2158.0,17911
Dog,quinidine,17,3237.0,17912
Dog,quinidine,17,4316.0,17913
Dog,quinidine,17,5395.0,17914
Dog,quinidine,17,6474.0,17915
Dog,quinidine,17,7553.0,17916
Dog,quinidine,17,8632.0,17917
Dog,quinidine,17,9711.0,17918
Dog,quinidine,18,0.0,17919
Dog,quinidine,18,1079.0,17920
Dog,quinidine,18,2158.0,17921
Dog,quinidine,18,3237.0,17922
Dog,quinidine,18,4316.0,17923
Dog,quinidine,18,5395.0,17924
Dog,quinidine,18,6474.0,17925
Dog,quinidine,18,7553.0,17926
Dog,quinidine,18,8632.0,17927
Dog,quinidine,18,9711.0,17928
Dog,quinidine,19,0.0,17929
Dog,quinidine,19,1079.0,17930
Dog,quinidine,19,2158.0,17931
Dog,quinidine,19,3237.0,17932
Dog,quinidine,19,4316.0,17933
Dog,quinidine,19,5395.0,17934
Dog,quinidine,19,6474.0,17935
Dog,quinidine,19,7553.0,17936
Dog,quinidine,19,8632.0,17937
Dog,quinidine,19,9711.0,17938
Dog,quinidine,20,0.0,17939
Dog,quinidine,20,1079.0,17940
Dog,quinidine,20,2158.0,17941
Dog,quinidine,20,3237.0,17942
Dog,quinidine,20,4316.0,17943
Dog,quinidine,20,5395.0,17944
Dog,quinidine,20,6474.0,17945
Dog,quinidine,20,7553.0,17946
Dog,quinidine,20,8632.0,17947
Dog,quinidine,20,9711.0,17948
Dog,quinidine,21,0.0,17949
Dog,quinidine,21,1079.0,17950
Dog,quinidine,21,2158.0,17951
Dog,quinidine,21,3237.0,17952
Dog,quinidine,21,4316.0,17953
Dog,quinidine,21,5395.0,17954
Dog,quinidine,21,6474.0,17955
Dog,quinidine,21,7553.0,17956
Dog,quinidine,21,8632.0,17957
Dog,quinidine,21,9711.0,17958
Dog,quinidine,22,0.0,17959
Dog,quinidine,22,1079.0,17960
Dog,quinidine,22,2158.0,17961
Dog,quinidine,22,3237.0,17962
Dog,quinidine,22,4316.0,17963
Dog,quinidine,22,5395.0,17964
Dog,quinidine,22,6474.0,17965
Dog,quinidine,22,7553.0,17966
Dog,quinidine,22,8632.0,17967
Dog,quinidine,22,9711.0,17968
Dog,quinidine,23,0.0,17969
Dog,quinidine,23,1079.0,17970
Dog,quinidine,23,2158.0,17971
Dog,quinidine,23,3237.0,17972
Dog,quinidine,23,4316.0,17973
Dog,quinidine,23,5395.0,17974
Dog,quinidine,23,6474.0,17975
Dog,quinidine,23,7553.0,17976
Dog,quinidine,23,8632.0,17977
Dog,quinidine,23,9711.0,17978
Dog,quinidine,24,0.0,17979
Dog,quinidine,24,1079.0,17980
Dog,quinidine,24,2158.0,17981
Dog,quinidine,24,3237.0,17982
Dog,quinidine,24,4316.0,17983
Dog,quinidine,24,5395.0,17984
Dog,quinidine,24,6474.0,17985
Dog,quinidine,24,7553.0,17986
Dog,quinidine,24,8632.0,17987
Dog,quinidine,24,9711.0,17988
Dog,quinidine,26,0.0,17989
Dog,quinidine,26,1079.0,17990
Dog,quinidine,26,2158.0,17991
Dog,quinidine,26,3237.0,17992
Dog,quinidine,26,4316.0,17993
Dog,quinidine,26,5395.0,17994
Dog,quinidine,26,6474.0,17995
Dog,quinidine,26,7553.0,17996
Dog,quinidine,26,8632.0,17997
Dog,quinidine,26,9711.0,17998
Dog,quinidine,27,0.0,17999
Dog,quinidine,27,1079.0,18000
Dog,quinidine,27,2158.0,18001
Dog,quinidine,27,3237.0,18002
Dog,quinidine,27,4316.0,18003
Dog,quinidine,27,5395.0,18004
Dog,quinidine,27,6474.0,18005
Dog,quinidine,27,7553.0,18006
Dog,quinidine,27,8632.0,18007
Dog,quinidine,27,9711.0,18008
Dog,quinidine,28,0.0,18009
Dog,quinidine,28,1079.0,18010
Dog,quinidine,28,2158.0,18011
Dog,quinidine,28,3237.0,18012
Dog,quinidine,28,4316.0,18013
Dog,quinidine,28,5395.0,18014
Dog,quinidine,28,6474.0,18015
Dog,quinidine,28,7553.0,18016
Dog,quinidine,28,8632.0,18017
Dog,quinidine,28,9711.0,18018
Dog,quinidine,29,0.0,18019
Dog,quinidine,29,1079.0,18020
Dog,quinidine,29,2158.0,18021
Dog,quinidine,29,3237.0,18022
Dog,quinidine,29,4316.0,18023
Dog,quinidine,29,5395.0,18024
Dog,quinidine,29,6474.0,18025
Dog,quinidine,29,7553.0,18026
Dog,quinidine,29,8632.0,18027
Dog,quinidine,29,9711.0,18028
Dog,quinidine,30,0.0,18029
Dog,quinidine,30,1079.0,18030
Dog,quinidine,30,2158.0,18031
Dog,quinidine,30,3237.0,18032
Dog,quinidine,30,4316.0,18033
Dog,quinidine,30,5395.0,18034
Dog,quinidine,30,6474.0,18035
Dog,quinidine,30,7553.0,18036
Dog,quinidine,30,8632.0,18037
Dog,quinidine,30,9711.0,18038
Dog,quinidine,31,0.0,18039
Dog,quinidine,31,1079.0,18040
Dog,quinidine,31,2158.0,18041
Dog,quinidine,31,3237.0,18042
Dog,quinidine,31,4316.0,18043
Dog,quinidine,31,5395.0,18044
Dog,quinidine,31,6474.0,18045
Dog,quinidine,31,7553.0,18046
Dog,quinidine,31,8632.0,18047
Dog,quinidine,31,9711.0,18048
Dog,quinidine,32,0.0,18049
Dog,quinidine,32,1079.0,18050
Dog,quinidine,32,2158.0,18051
Dog,quinidine,32,3237.0,18052
Dog,quinidine,32,4316.0,18053
Dog,quinidine,32,5395.0,18054
Dog,quinidine,32,6474.0,18055
Dog,quinidine,32,7553.0,18056
Dog,quinidine,32,8632.0,18057
Dog,quinidine,32,9711.0,18058
Dog,quinidine,33,0.0,18059
Dog,quinidine,33,1079.0,18060
Dog,quinidine,33,2158.0,18061
Dog,quinidine,33,3237.0,18062
Dog,quinidine,33,4316.0,18063
Dog,quinidine,33,5395.0,18064
Dog,quinidine,33,6474.0,18065
Dog,quinidine,33,7553.0,18066
Dog,quinidine,33,8632.0,18067
Dog,quinidine,33,9711.0,18068
Dog,quinidine,34,0.0,18069
Dog,quinidine,34,1079.0,18070
Dog,quinidine,34,2158.0,18071
Dog,quinidine,34,3237.0,18072
Dog,quinidine,34,4316.0,18073
Dog,quinidine,34,5395.0,18074
Dog,quinidine,34,6474.0,18075
Dog,quinidine,34,7553.0,18076
Dog,quinidine,34,8632.0,18077
Dog,quinidine,34,9711.0,18078
Dog,quinidine,35,0.0,18079
Dog,quinidine,35,1079.0,18080
Dog,quinidine,35,2158.0,18081
Dog,quinidine,35,3237.0,18082
Dog,quinidine,35,4316.0,18083
Dog,quinidine,35,5395.0,18084
Dog,quinidine,35,6474.0,18085
Dog,quinidine,35,7553.0,18086
Dog,quinidine,35,8632.0,18087
Dog,quinidine,35,9711.0,18088
Dog,quinidine,36,0.0,18089
Dog,quinidine,36,1079.0,18090
Dog,quinidine,36,2158.0,18091
Dog,quinidine,36,3237.0,18092
Dog,quinidine,36,4316.0,18093
Dog,quinidine,36,5395.0,18094
Dog,quinidine,36,6474.0,18095
Dog,quinidine,36,7553.0,18096
Dog,quinidine,36,8632.0,18097
Dog,quinidine,36,9711.0,18098
Dog,quinidine,37,0.0,18099
Dog,quinidine,37,1079.0,18100
Dog,quinidine,37,2158.0,18101
Dog,quinidine,37,3237.0,18102
Dog,quinidine,37,4316.0,18103
Dog,quinidine,37,5395.0,18104
Dog,quinidine,37,6474.0,18105
Dog,quinidine,37,7553.0,18106
Dog,quinidine,37,8632.0,18107
Dog,quinidine,37,9711.0,18108
Dog,quinidine,38,0.0,18109
Dog,quinidine,38,1079.0,18110
Dog,quinidine,38,2158.0,18111
Dog,quinidine,38,3237.0,18112
Dog,quinidine,38,4316.0,18113
Dog,quinidine,38,5395.0,18114
Dog,quinidine,38,6474.0,18115
Dog,quinidine,38,7553.0,18116
Dog,quinidine,38,8632.0,18117
Dog,quinidine,38,9711.0,18118
Dog,quinidine,40,0.0,18119
Dog,quinidine,40,1079.0,18120
Dog,quinidine,40,2158.0,18121
Dog,quinidine,40,3237.0,18122
Dog,quinidine,40,4316.0,18123
Dog,quinidine,40,5395.0,18124
Dog,quinidine,40,6474.0,18125
Dog,quinidine,40,7553.0,18126
Dog,quinidine,40,8632.0,18127
Dog,quinidine,40,9711.0,18128
Dog,quinidine,41,0.0,18129
Dog,quinidine,41,1079.0,18130
Dog,quinidine,41,2158.0,18131
Dog,quinidine,41,3237.0,18132
Dog,quinidine,41,4316.0,18133
Dog,quinidine,41,5395.0,18134
Dog,quinidine,41,6474.0,18135
Dog,quinidine,41,7553.0,18136
Dog,quinidine,41,8632.0,18137
Dog,quinidine,41,9711.0,18138
Dog,ranolazine,0,0.0,20099
Dog,ranolazine,0,649.4,20100
Dog,ranolazine,0,1298.8,20101
Dog,ranolazine,0,1948.2,20102
Dog,ranolazine,0,2597.6,20103
Dog,ranolazine,0,3247.0,20104
Dog,ranolazine,0,3896.4,20105
Dog,ranolazine,0,4545.8,20106
Dog,ranolazine,0,5195.2,20107
Dog,ranolazine,0,5844.6,20108
Dog,ranolazine,2,0.0,20109
Dog,ranolazine,2,649.4,20110
Dog,ranolazine,2,1298.8,20111
Dog,ranolazine,2,1948.2,20112
Dog,ranolazine,2,2597.6,20113
Dog,ranolazine,2,3247.0,20114
Dog,ranolazine,2,3896.4,20115
Dog,ranolazine,2,4545.8,20116
Dog,ranolazine,2,5195.2,20117
Dog,ranolazine,2,5844.6,20118
Dog,ranolazine,3,0.0,20119
Dog,ranolazine,3,649.4,20120
Dog,ranolazine,3,1298.8,20121
Dog,ranolazine,3,1948.2,20122
Dog,ranolazine,3,2597.6,20123
Dog,ranolazine,3,3247.0,20124
Dog,ranolazine,3,3896.4,20125
Dog,ranolazine,3,4545.8,20126
Dog,ranolazine,3,5195.2,20127
Dog,ranolazine,3,5844.6,20128
Dog,ranolazine,4,0.0,20129
Dog,ranolazine,4,649.4,20130
Dog,ranolazine,4,1298.8,20131
Dog,ranolazine,4,1948.2,20132
Dog,ranolazine,4,2597.6,20133
Dog,ranolazine,4,3247.0,20134
Dog,ranolazine,4,3896.4,20135
Dog,ranolazine,4,4545.8,20136
Dog,ranolazine,4,5195.2,20137
Dog,ranolazine,4,5844.6,20138
Dog,ranolazine,5,0.0,20139
Dog,ranolazine,5,649.4,20140
Dog,ranolazine,5,1298.8,20141
Dog,ranolazine,5,1948.2,20142
Dog,ranolazine,5,2597.6,20143
Dog,ranolazine,5,3247.0,20144
Dog,ranolazine,5,3896.4,20145
Dog,ranolazine,5,4545.8,20146
Dog,ranolazine,5,5195.2,20147
Dog,ranolazine,5,5844.6,20148
Dog,ranolazine,6,0.0,20149
Dog,ranolazine,6,649.4,20150
Dog,ranolazine,6,1298.8,20151
Dog,ranolazine,6,1948.2,20152
Dog,ranolazine,6,2597.6,20153
Dog,ranolazine,6,3247.0,20154
Dog,ranolazine,6,3896.4,20155
Dog,ranolazine,6,4545.8,20156
Dog,ranolazine,6,5195.2,20157
Dog,ranolazine,6,5844.6,20158
Dog,ranolazine,7,0.0,20159
Dog,ranolazine,7,649.4,20160
Dog,ranolazine,7,1298.8,20161
Dog,ranolazine,7,1948.2,20162
Dog,ranolazine,7,2597.6,20163
Dog,ranolazine,7,3247.0,20164
Dog,ranolazine,7,3896.4,20165
Dog,ranolazine,7,4545.8,20166
Dog,ranolazine,7,5195.2,20167
Dog,ranolazine,7,5844.6,20168
Dog,ranolazine,8,0.0,20169
Dog,ranolazine,8,649.4,20170
Dog,ranolazine,8,1298.8,20171
Dog,ranolazine,8,1948.2,20172
Dog,ranolazine,8,2597.6,20173
Dog,ranolazine,8,3247.0,20174
Dog,ranolazine,8,3896.4,20175
Dog,ranolazine,8,4545.8,20176
Dog,ranolazine,8,5195.2,20177
Dog,ranolazine,8,5844.6,20178
Dog,ranolazine,9,0.0,20179
Dog,ranolazine,9,649.4,20180
Dog,ranolazine,9,1298.8,20181
Dog,ranolazine,9,1948.2,20182
Dog,ranolazine,9,2597.6,20183
Dog,ranolazine,9,3247.0,20184
Dog,ranolazine,9,3896.4,20185
Dog,ranolazine,9,4545.8,20186
Dog,ranolazine,9,5195.2,20187
Dog,ranolazine,9,5844.6,20188
Dog,ranolazine,10,0.0,20189
Dog,ranolazine,10,649.4,20190
Dog,ranolazine,10,1298.8,20191
Dog,ranolazine,10,1948.2,20192
Dog,ranolazine,10,2597.6,20193
Dog,ranolazine,10,3247.0,20194
Dog,ranolazine,10,3896.4,20195
Dog,ranolazine,10,4545.8,20196
Dog,ranolazine,10,5195.2,20197
Dog,ranolazine,10,5844.6,20198
Dog,ranolazine,11,0.0,20199
Dog,ranolazine,11,649.4,20200
Dog,ranolazine,11,1298.8,20201
Dog,ranolazine,11,1948.2,20202
Dog,ranolazine,11,2597.6,20203
Dog,ranolazine,11,3247.0,20204
Dog,ranolazine,11,3896.4,20205
Dog,ranolazine,11,4545.8,20206
Dog,ranolazine,11,5195.2,20207
Dog,ranolazine,11,5844.6,20208
Dog,ranolazine,14,0.0,20209
Dog,ranolazine,14,649.4,20210
Dog,ranolazine,14,1298.8,20211
Dog,ranolazine,14,1948.2,20212
Dog,ranolazine,14,2597.6,20213
Dog,ranolazine,14,3247.0,20214
Dog,ranolazine,14,3896.4,20215
Dog,ranolazine,14,4545.8,20216
Dog,ranolazine,14,5195.2,20217
Dog,ranolazine,14,5844.6,20218
Dog,ranolazine,15,0.0,20219
Dog,ranolazine,15,649.4,20220
Dog,ranolazine,15,1298.8,20221
Dog,ranolazine,15,1948.2,20222
Dog,ranolazine,15,2597.6,20223
Dog,ranolazine,15,3247.0,20224
Dog,ranolazine,15,3896.4,20225
Dog,ranolazine,15,4545.8,20226
Dog,ranolazine,15,5195.2,20227
Dog,ranolazine,15,5844.6,20228
Dog,ranolazine,16,0.0,20229
Dog,ranolazine,16,649.4,20230
Dog,ranolazine,16,1298.8,20231
Dog,ranolazine,16,1948.2,20232
Dog,ranolazine,16,2597.6,20233
Dog,ranolazine,16,3247.0,20234
Dog,ranolazine,16,3896.4,20235
Dog,ranolazine,16,4545.8,20236
Dog,ranolazine,16,5195.2,20237
Dog,ranolazine,16,5844.6,20238
Dog,ranolazine,17,0.0,20239
Dog,ranolazine,17,649.4,20240
Dog,ranolazine,17,1298.8,20241
Dog,ranolazine,17,1948.2,20242
Dog,ranolazine,17,2597.6,20243
Dog,ranolazine,17,3247.0,20244
Dog,ranolazine,17,3896.4,20245
Dog,ranolazine,17,4545.8,20246
Dog,ranolazine,17,5195.2,20247
Dog,ranolazine,17,5844.6,20248
Dog,ranolazine,19,0.0,20249
Dog,ranolazine,19,649.4,20250
Dog,ranolazine,19,1298.8,20251
Dog,ranolazine,19,1948.2,20252
Dog,ranolazine,19,2597.6,20253
Dog,ranolazine,19,3247.0,20254
Dog,ranolazine,19,3896.4,20255
Dog,ranolazine,19,4545.8,20256
Dog,ranolazine,19,5195.2,20257
Dog,ranolazine,19,5844.6,20258
Dog,ranolazine,20,0.0,20259
Dog,ranolazine,20,649.4,20260
Dog,ranolazine,20,1298.8,20261
Dog,ranolazine,20,1948.2,20262
Dog,ranolazine,20,2597.6,20263
Dog,ranolazine,20,3247.0,20264
Dog,ranolazine,20,3896.4,20265
Dog,ranolazine,20,4545.8,20266
Dog,ranolazine,20,5195.2,20267
Dog,ranolazine,20,5844.6,20268
Dog,ranolazine,21,0.0,20269
Dog,ranolazine,21,649.4,20270
Dog,ranolazine,21,1298.8,20271
Dog,ranolazine,21,1948.2,20272
Dog,ranolazine,21,2597.6,20273
Dog,ranolazine,21,3247.0,20274
Dog,ranolazine,21,3896.4,20275
Dog,ranolazine,21,4545.8,20276
Dog,ranolazine,21,5195.2,20277
Dog,ranolazine,21,5844.6,20278
Dog,ranolazine,22,0.0,20279
Dog,ranolazine,22,649.4,20280
Dog,ranolazine,22,1298.8,20281
Dog,ranolazine,22,1948.2,20282
Dog,ranolazine,22,2597.6,20283
Dog,ranolazine,22,3247.0,20284
Dog,ranolazine,22,3896.4,20285
Dog,ranolazine,22,4545.8,20286
Dog,ranolazine,22,5195.2,20287
Dog,ranolazine,22,5844.6,20288
Dog,ranolazine,23,0.0,20289
Dog,ranolazine,23,649.4,20290
Dog,ranolazine,23,1298.8,20291
Dog,ranolazine,23,1948.2,20292
Dog,ranolazine,23,2597.6,20293
Dog,ranolazine,23,3247.0,20294
Dog,ranolazine,23,3896.4,20295
Dog,ranolazine,23,4545.8,20296
Dog,ranolazine,23,5195.2,20297
Dog,ranolazine,23,5844.6,20298
Dog,ranolazine,24,0.0,20299
Dog,ranolazine,24,649.4,20300
Dog,ranolazine,24,1298.8,20301
Dog,ranolazine,24,1948.2,20302
Dog,ranolazine,24,2597.6,20303
Dog,ranolazine,24,3247.0,20304
Dog,ranolazine,24,3896.4,20305
Dog,ranolazine,24,4545.8,20306
Dog,ranolazine,24,5195.2,20307
Dog,ranolazine,24,5844.6,20308
Dog,ranolazine,25,0.0,20309
Dog,ranolazine,25,649.4,20310
Dog,ranolazine,25,1298.8,20311
Dog,ranolazine,25,1948.2,20312
Dog,ranolazine,25,2597.6,20313
Dog,ranolazine,25,3247.0,20314
Dog,ranolazine,25,3896.4,20315
Dog,ranolazine,25,4545.8,20316
Dog,ranolazine,25,5195.2,20317
Dog,ranolazine,25,5844.6,20318
Dog,ranolazine,26,0.0,20319
Dog,ranolazine,26,649.4,20320
Dog,ranolazine,26,1298.8,20321
Dog,ranolazine,26,1948.2,20322
Dog,ranolazine,26,2597.6,20323
Dog,ranolazine,26,3247.0,20324
Dog,ranolazine,26,3896.4,20325
Dog,ranolazine,26,4545.8,20326
Dog,ranolazine,26,5195.2,20327
Dog,ranolazine,26,5844.6,20328
Dog,ranolazine,27,0.0,20329
Dog,ranolazine,27,649.4,20330
Dog,ranolazine,27,1298.8,20331
Dog,ranolazine,27,1948.2,20332
Dog,ranolazine,27,2597.6,20333
Dog,ranolazine,27,3247.0,20334
Dog,ranolazine,27,3896.4,20335
Dog,ranolazine,27,4545.8,20336
Dog,ranolazine,27,5195.2,20337
Dog,ranolazine,27,5844.6,20338
Dog,ranolazine,28,0.0,20339
Dog,ranolazine,28,649.4,20340
Dog,ranolazine,28,1298.8,20341
Dog,ranolazine,28,1948.2,20342
Dog,ranolazine,28,2597.6,20343
Dog,ranolazine,28,3247.0,20344
Dog,ranolazine,28,3896.4,20345
Dog,ranolazine,28,4545.8,20346
Dog,ranolazine,28,5195.2,20347
Dog,ranolazine,28,5844.6,20348
Dog,ranolazine,29,0.0,20349
Dog,ranolazine,29,649.4,20350
Dog,ranolazine,29,1298.8,20351
Dog,ranolazine,29,1948.2,20352
Dog,ranolazine,29,2597.6,20353
Dog,ranolazine,29,3247.0,20354
Dog,ranolazine,29,3896.4,20355
Dog,ranolazine,29,4545.8,20356
Dog,ranolazine,29,5195.2,20357
Dog,ranolazine,29,5844.6,20358
Dog,ranolazine,30,0.0,20359
Dog,ranolazine,30,649.4,20360
Dog,ranolazine,30,1298.8,20361
Dog,ranolazine,30,1948.2,20362
Dog,ranolazine,30,2597.6,20363
Dog,ranolazine,30,3247.0,20364
Dog,ranolazine,30,3896.4,20365
Dog,ranolazine,30,4545.8,20366
Dog,ranolazine,30,5195.2,20367
Dog,ranolazine,30,5844.6,20368
Dog,ranolazine,32,0.0,20369
Dog,ranolazine,32,649.4,20370
Dog,ranolazine,32,1298.8,20371
Dog,ranolazine,32,1948.2,20372
Dog,ranolazine,32,2597.6,20373
Dog,ranolazine,32,3247.0,20374
Dog,ranolazine,32,3896.4,20375
Dog,ranolazine,32,4545.8,20376
Dog,ranolazine,32,5195.2,20377
Dog,ranolazine,32,5844.6,20378
Dog,ranolazine,33,0.0,20379
Dog,ranolazine,33,649.4,20380
Dog,ranolazine,33,1298.8,20381
Dog,ranolazine,33,1948.2,20382
Dog,ranolazine,33,2597.6,20383
Dog,ranolazine,33,3247.0,20384
Dog,ranolazine,33,3896.4,20385
Dog,ranolazine,33,4545.8,20386
Dog,ranolazine,33,5195.2,20387
Dog,ranolazine,33,5844.6,20388
Dog,ranolazine,34,0.0,20389
Dog,ranolazine,34,649.4,20390
Dog,ranolazine,34,1298.8,20391
Dog,ranolazine,34,1948.2,20392
Dog,ranolazine,34,2597.6,20393
Dog,ranolazine,34,3247.0,20394
Dog,ranolazine,34,3896.4,20395
Dog,ranolazine,34,4545.8,20396
Dog,ranolazine,34,5195.2,20397
Dog,ranolazine,34,5844.6,20398
Dog,ranolazine,36,0.0,20399
Dog,ranolazine,36,649.4,20400
Dog,ranolazine,36,1298.8,20401
Dog,ranolazine,36,1948.2,20402
Dog,ranolazine,36,2597.6,20403
Dog,ranolazine,36,3247.0,20404
Dog,ranolazine,36,3896.4,20405
Dog,ranolazine,36,4545.8,20406
Dog,ranolazine,36,5195.2,20407
Dog,ranolazine,36,5844.6,20408
Dog,ranolazine,37,0.0,20409
Dog,ranolazine,37,649.4,20410
Dog,ranolazine,37,1298.8,20411
Dog,ranolazine,37,1948.2,20412
Dog,ranolazine,37,2597.6,20413
Dog,ranolazine,37,3247.0,20414
Dog,ranolazine,37,3896.4,20415
Dog,ranolazine,37,4545.8,20416
Dog,ranolazine,37,5195.2,20417
Dog,ranolazine,37,5844.6,20418
Dog,ranolazine,38,0.0,20419
Dog,ranolazine,38,649.4,20420
Dog,ranolazine,38,1298.8,20421
Dog,ranolazine,38,1948.2,20422
Dog,ranolazine,38,2597.6,20423
Dog,ranolazine,38,3247.0,20424
Dog,ranolazine,38,3896.4,20425
Dog,ranolazine,38,4545.8,20426
Dog,ranolazine,38,5195.2,20427
Dog,ranolazine,38,5844.6,20428
Dog,ranolazine,39,0.0,20429
Dog,ranolazine,39,649.4,20430
Dog,ranolazine,39,1298.8,20431
Dog,ranolazine,39,1948.2,20432
Dog,ranolazine,39,2597.6,20433
Dog,ranolazine,39,3247.0,20434
Dog,ranolazine,39,3896.4,20435
Dog,ranolazine,39,4545.8,20436
Dog,ranolazine,39,5195.2,20437
Dog,ranolazine,39,5844.6,20438
Dog,ranolazine,40,0.0,20439
Dog,ranolazine,40,649.4,20440
Dog,ranolazine,40,1298.8,20441
Dog,ranolazine,40,1948.2,20442
Dog,ranolazine,40,2597.6,20443
Dog,ranolazine,40,3247.0,20444
Dog,ranolazine,40,3896.4,20445
Dog,ranolazine,40,4545.8,20446
Dog,ranolazine,40,5195.2,20447
Dog,ranolazine,40,5844.6,20448
Dog,ranolazine,41,0.0,20449
Dog,ranolazine,41,649.4,20450
Dog,ranolazine,41,1298.8,20451
Dog,ranolazine,41,1948.2,20452
Dog,ranolazine,41,2597.6,20453
Dog,ranolazine,41,3247.0,20454
Dog,ranolazine,41,3896.4,20455
Dog,ranolazine,41,4545.8,20456
Dog,ranolazine,41,5195.2,20457
Dog,ranolazine,41,5844.6,20458
Dog,sotalol,0,0.0,22389
Dog,sotalol,0,4896.67,22390
Dog,sotalol,0,9793.33,22391
Dog,sotalol,0,14690.0,22392
Dog,sotalol,0,19586.67,22393
Dog,sotalol,0,24483.33,22394
Dog,sotalol,0,29380.0,22395
Dog,sotalol,0,34276.67,22396
Dog,sotalol,0,39173.33,22397
Dog,sotalol,0,44070.0,22398
Dog,sotalol,2,0.0,22399
Dog,sotalol,2,4896.67,22400
Dog,sotalol,2,9793.33,22401
Dog,sotalol,2,14690.0,22402
Dog,sotalol,2,19586.67,22403
Dog,sotalol,2,24483.33,22404
Dog,sotalol,2,29380.0,22405
Dog,sotalol,2,34276.67,22406
Dog,sotalol,2,39173.33,22407
Dog,sotalol,2,44070.0,22408
Dog,sotalol,3,0.0,22409
Dog,sotalol,3,4896.67,22410
Dog,sotalol,3,9793.33,22411
Dog,sotalol,3,14690.0,22412
Dog,sotalol,3,19586.67,22413
Dog,sotalol,3,24483.33,22414
Dog,sotalol,3,29380.0,22415
Dog,sotalol,3,34276.67,22416
Dog,sotalol,3,39173.33,22417
Dog,sotalol,3,44070.0,22418
Dog,sotalol,4,0.0,22419
Dog,sotalol,4,4896.67,22420
Dog,sotalol,4,9793.33,22421
Dog,sotalol,4,14690.0,22422
Dog,sotalol,4,19586.67,22423
Dog,sotalol,4,24483.33,22424
Dog,sotalol,4,29380.0,22425
Dog,sotalol,4,34276.67,22426
Dog,sotalol,4,39173.33,22427
Dog,sotalol,4,44070.0,22428
Dog,sotalol,5,0.0,22429
Dog,sotalol,5,4896.67,22430
Dog,sotalol,5,9793.33,22431
Dog,sotalol,5,14690.0,22432
Dog,sotalol,5,19586.67,22433
Dog,sotalol,5,24483.33,22434
Dog,sotalol,5,29380.0,22435
Dog,sotalol,5,34276.67,22436
Dog,sotalol,5,39173.33,22437
Dog,sotalol,5,44070.0,22438
Dog,sotalol,6,0.0,22439
Dog,sotalol,6,4896.67,22440
Dog,sotalol,6,9793.33,22441
Dog,sotalol,6,14690.0,22442
Dog,sotalol,6,19586.67,22443
Dog,sotalol,6,24483.33,22444
Dog,sotalol,6,29380.0,22445
Dog,sotalol,6,34276.67,22446
Dog,sotalol,6,39173.33,22447
Dog,sotalol,6,44070.0,22448
Dog,sotalol,7,0.0,22449
Dog,sotalol,7,4896.67,22450
Dog,sotalol,7,9793.33,22451
Dog,sotalol,7,14690.0,22452
Dog,sotalol,7,19586.67,22453
Dog,sotalol,7,24483.33,22454
Dog,sotalol,7,29380.0,22455
Dog,sotalol,7,34276.67,22456
Dog,sotalol,7,39173.33,22457
Dog,sotalol,7,44070.0,22458
Dog,sotalol,8,0.0,22459
Dog,sotalol,8,4896.67,22460
Dog,sotalol,8,9793.33,22461
Dog,sotalol,8,14690.0,22462
Dog,sotalol,8,19586.67,22463
Dog,sotalol,8,24483.33,22464
Dog,sotalol,8,29380.0,22465
Dog,sotalol,8,34276.67,22466
Dog,sotalol,8,39173.33,22467
Dog,sotalol,8,44070.0,22468
Dog,sotalol,9,0.0,22469
Dog,sotalol,9,4896.67,22470
Dog,sotalol,9,9793.33,22471
Dog,sotalol,9,14690.0,22472
Dog,sotalol,9,19586.67,22473
Dog,sotalol,9,24483.33,22474
Dog,sotalol,9,29380.0,22475
Dog,sotalol,9,34276.67,22476
Dog,sotalol,9,39173.33,22477
Dog,sotalol,9,44070.0,22478
Dog,sotalol,10,0.0,22479
Dog,sotalol,10,4896.67,22480
Dog,sotalol,10,9793.33,22481
Dog,sotalol,10,14690.0,22482
Dog,sotalol,10,19586.67,22483
Dog,sotalol,10,24483.33,22484
Dog,sotalol,10,29380.0,22485
Dog,sotalol,10,34276.67,22486
Dog,sotalol,10,39173.33,22487
Dog,sotalol,10,44070.0,22488
Dog,sotalol,11,0.0,22489
Dog,sotalol,11,4896.67,22490
Dog,sotalol,11,9793.33,22491
Dog,sotalol,11,14690.0,22492
Dog,sotalol,11,19586.67,22493
Dog,sotalol,11,24483.33,22494
Dog,sotalol,11,29380.0,22495
Dog,sotalol,11,34276.67,22496
Dog,sotalol,11,39173.33,22497
Dog,sotalol,11,44070.0,22498
Dog,sotalol,14,0.0,22499
Dog,sotalol,14,4896.67,22500
Dog,sotalol,14,9793.33,22501
Dog,sotalol,14,14690.0,22502
Dog,sotalol,14,19586.67,22503
Dog,sotalol,14,24483.33,22504
Dog,sotalol,14,29380.0,22505
Dog,sotalol,14,34276.67,22506
Dog,sotalol,14,39173.33,22507
Dog,sotalol,14,44070.0,22508
Dog,sotalol,15,0.0,22509
Dog,sotalol,15,4896.67,22510
Dog,sotalol,15,9793.33,22511
Dog,sotalol,15,14690.0,22512
Dog,sotalol,15,19586.67,22513
Dog,sotalol,15,24483.33,22514
Dog,sotalol,15,29380.0,22515
Dog,sotalol,15,34276.67,22516
Dog,sotalol,15,39173.33,22517
Dog,sotalol,15,44070.0,22518
Dog,sotalol,16,0.0,22519
Dog,sotalol,16,4896.67,22520
Dog,sotalol,16,9793.33,22521
Dog,sotalol,16,14690.0,22522
Dog,sotalol,16,19586.67,22523
Dog,sotalol,16,24483.33,22524
Dog,sotalol,16,29380.0,22525
Dog,sotalol,16,34276.67,22526
Dog,sotalol,16,39173.33,22527
Dog,sotalol,16,44070.0,22528
Dog,sotalol,17,0.0,22529
Dog,sotalol,17,4896.67,22530
Dog,sotalol,17,9793.33,22531
Dog,sotalol,17,14690.0,22532
Dog,sotalol,17,19586.67,22533
Dog,sotalol,17,24483.33,22534
Dog,sotalol,17,29380.0,22535
Dog,sotalol,17,34276.67,22536
Dog,sotalol,17,39173.33,22537
Dog,sotalol,17,44070.0,22538
Dog,sotalol,18,0.0,22539
Dog,sotalol,18,4896.67,22540
Dog,sotalol,18,9793.33,22541
Dog,sotalol,18,14690.0,22542
Dog,sotalol,18,19586.67,22543
Dog,sotalol,18,24483.33,22544
Dog,sotalol,18,29380.0,22545
Dog,sotalol,18,34276.67,22546
Dog,sotalol,18,39173.33,22547
Dog,sotalol,18,44070.0,22548
Dog,sotalol,19,0.0,22549
Dog,sotalol,19,4896.67,22550
Dog,sotalol,19,9793.33,22551
Dog,sotalol,19,14690.0,22552
Dog,sotalol,19,19586.67,22553
Dog,sotalol,19,24483.33,22554
Dog,sotalol,19,29380.0,22555
Dog,sotalol,19,34276.67,22556
Dog,sotalol,19,39173.33,22557
Dog,sotalol,19,44070.0,22558
Dog,sotalol,20,0.0,22559
Dog,sotalol,20,4896.67,22560
Dog,sotalol,20,9793.33,22561
Dog,sotalol,20,14690.0,22562
Dog,sotalol,20,19586.67,22563
Dog,sotalol,20,24483.33,22564
Dog,sotalol,20,29380.0,22565
Dog,sotalol,20,34276.67,22566
Dog,sotalol,20,39173.33,22567
Dog,sotalol,20,44070.0,22568
Dog,sotalol,21,0.0,22569
Dog,sotalol,21,4896.67,22570
Dog,sotalol,21,9793.33,22571
Dog,sotalol,21,14690.0,22572
Dog,sotalol,21,19586.67,22573
Dog,sotalol,21,24483.33,22574
Dog,sotalol,21,29380.0,22575
Dog,sotalol,21,34276.67,22576
Dog,sotalol,21,39173.33,22577
Dog,sotalol,21,44070.0,22578
Dog,sotalol,22,0.0,22579
Dog,sotalol,22,4896.67,22580
Dog,sotalol,22,9793.33,22581
Dog,sotalol,22,14690.0,22582
Dog,sotalol,22,19586.67,22583
Dog,sotalol,22,24483.33,22584
Dog,sotalol,22,29380.0,22585
Dog,sotalol,22,34276.67,22586
Dog,sotalol,22,39173.33,22587
Dog,sotalol,22,44070.0,22588
Dog,sotalol,23,0.0,22589
Dog,sotalol,23,4896.67,22590
Dog,sotalol,23,9793.33,22591
Dog,sotalol,23,14690.0,22592
Dog,sotalol,23,19586.67,22593
Dog,sotalol,23,24483.33,22594
Dog,sotalol,23,29380.0,22595
Dog,sotalol,23,34276.67,22596
Dog,sotalol,23,39173.33,22597
Dog,sotalol,23,44070.0,22598
Dog,sotalol,24,0.0,22599
Dog,sotalol,24,4896.67,22600
Dog,sotalol,24,9793.33,22601
Dog,sotalol,24,14690.0,22602
Dog,sotalol,24,19586.67,22603
Dog,sotalol,24,24483.33,22604
Dog,sotalol,24,29380.0,22605
Dog,sotalol,24,34276.67,22606
Dog,sotalol,24,39173.33,22607
Dog,sotalol,24,44070.0,22608
Dog,sotalol,25,0.0,22609
Dog,sotalol,25,4896.67,22610
Dog,sotalol,25,9793.33,22611
Dog,sotalol,25,14690.0,22612
Dog,sotalol,25,19586.67,22613
Dog,sotalol,25,24483.33,22614
Dog,sotalol,25,29380.0,22615
Dog,sotalol,25,34276.67,22616
Dog,sotalol,25,39173.33,22617
Dog,sotalol,25,44070.0,22618
Dog,sotalol,26,0.0,22619
Dog,sotalol,26,4896.67,22620
Dog,sotalol,26,9793.33,22621
Dog,sotalol,26,14690.0,22622
Dog,sotalol,26,19586.67,22623
Dog,sotalol,26,24483.33,22624
Dog,sotalol,26,29380.0,22625
Dog,sotalol,26,34276.67,22626
Dog,sotalol,26,39173.33,22627
Dog,sotalol,26,44070.0,22628
Dog,sotalol,27,0.0,22629
Dog,sotalol,27,4896.67,22630
Dog,sotalol,27,9793.33,22631
Dog,sotalol,27,14690.0,22632
Dog,sotalol,27,19586.67,22633
Dog,sotalol,27,24483.33,22634
Dog,sotalol,27,29380.0,22635
Dog,sotalol,27,34276.67,22636
Dog,sotalol,27,39173.33,22637
Dog,sotalol,27,44070.0,22638
Dog,sotalol,28,0.0,22639
Dog,sotalol,28,4896.67,22640
Dog,sotalol,28,9793.33,22641
Dog,sotalol,28,14690.0,22642
Dog,sotalol,28,19586.67,22643
Dog,sotalol,28,24483.33,22644
Dog,sotalol,28,29380.0,22645
Dog,sotalol,28,34276.67,22646
Dog,sotalol,28,39173.33,22647
Dog,sotalol,28,44070.0,22648
Dog,sotalol,29,0.0,22649
Dog,sotalol,29,4896.67,22650
Dog,sotalol,29,9793.33,22651
Dog,sotalol,29,14690.0,22652
Dog,sotalol,29,19586.67,22653
Dog,sotalol,29,24483.33,22654
Dog,sotalol,29,29380.0,22655
Dog,sotalol,29,34276.67,22656
Dog,sotalol,29,39173.33,22657
Dog,sotalol,29,44070.0,22658
Dog,sotalol,30,0.0,22659
Dog,sotalol,30,4896.67,22660
Dog,sotalol,30,9793.33,22661
Dog,sotalol,30,14690.0,22662
Dog,sotalol,30,19586.67,22663
Dog,sotalol,30,24483.33,22664
Dog,sotalol,30,29380.0,22665
Dog,sotalol,30,34276.67,22666
Dog,sotalol,30,39173.33,22667
Dog,sotalol,30,44070.0,22668
Dog,sotalol,32,0.0,22669
Dog,sotalol,32,4896.67,22670
Dog,sotalol,32,9793.33,22671
Dog,sotalol,32,14690.0,22672
Dog,sotalol,32,19586.67,22673
Dog,sotalol,32,24483.33,22674
Dog,sotalol,32,29380.0,22675
Dog,sotalol,32,34276.67,22676
Dog,sotalol,32,39173.33,22677
Dog,sotalol,32,44070.0,22678
Dog,sotalol,33,0.0,22679
Dog,sotalol,33,4896.67,22680
Dog,sotalol,33,9793.33,22681
Dog,sotalol,33,14690.0,22682
Dog,sotalol,33,19586.67,22683
Dog,sotalol,33,24483.33,22684
Dog,sotalol,33,29380.0,22685
Dog,sotalol,33,34276.67,22686
Dog,sotalol,33,39173.33,22687
Dog,sotalol,33,44070.0,22688
Dog,sotalol,34,0.0,22689
Dog,sotalol,34,4896.67,22690
Dog,sotalol,34,9793.33,22691
Dog,sotalol,34,14690.0,22692
Dog,sotalol,34,19586.67,22693
Dog,sotalol,34,24483.33,22694
Dog,sotalol,34,29380.0,22695
Dog,sotalol,34,34276.67,22696
Dog,sotalol,34,39173.33,22697
Dog,sotalol,34,44070.0,22698
Dog,sotalol,35,0.0,22699
Dog,sotalol,35,4896.67,22700
Dog,sotalol,35,9793.33,22701
Dog,sotalol,35,14690.0,22702
Dog,sotalol,35,19586.67,22703
Dog,sotalol,35,24483.33,22704
Dog,sotalol,35,29380.0,22705
Dog,sotalol,35,34276.67,22706
Dog,sotalol,35,39173.33,22707
Dog,sotalol,35,44070.0,22708
Dog,sotalol,36,0.0,22709
Dog,sotalol,36,4896.67,22710
Dog,sotalol,36,9793.33,22711
Dog,sotalol,36,14690.0,22712
Dog,sotalol,36,19586.67,22713
Dog,sotalol,36,24483.33,22714
Dog,sotalol,36,29380.0,22715
Dog,sotalol,36,34276.67,22716
Dog,sotalol,36,39173.33,22717
Dog,sotalol,36,44070.0,22718
Dog,sotalol,37,0.0,22719
Dog,sotalol,37,4896.67,22720
Dog,sotalol,37,9793.33,22721
Dog,sotalol,37,14690.0,22722
Dog,sotalol,37,19586.67,22723
Dog,sotalol,37,24483.33,22724
Dog,sotalol,37,29380.0,22725
Dog,sotalol,37,34276.67,22726
Dog,sotalol,37,39173.33,22727
Dog,sotalol,37,44070.0,22728
Dog,sotalol,38,0.0,22729
Dog,sotalol,38,4896.67,22730
Dog,sotalol,38,9793.33,22731
Dog,sotalol,38,14690.0,22732
Dog,sotalol,38,19586.67,22733
Dog,sotalol,38,24483.33,22734
Dog,sotalol,38,29380.0,22735
Dog,sotalol,38,34276.67,22736
Dog,sotalol,38,39173.33,22737
Dog,sotalol,38,44070.0,22738
Dog,sotalol,39,0.0,22739
Dog,sotalol,39,4896.67,22740
Dog,sotalol,39,9793.33,22741
Dog,sotalol,39,14690.0,22742
Dog,sotalol,39,19586.67,22743
Dog,sotalol,39,24483.33,22744
Dog,sotalol,39,29380.0,22745
Dog,sotalol,39,34276.67,22746
Dog,sotalol,39,39173.33,22747
Dog,sotalol,39,44070.0,22748
Dog,sotalol,41,0.0,22749
Dog,sotalol,41,4896.67,22750
Dog,sotalol,41,9793.33,22751
Dog,sotalol,41,14690.0,22752
Dog,sotalol,41,19586.67,22753
Dog,sotalol,41,24483.33,22754
Dog,sotalol,41,29380.0,22755
Dog,sotalol,41,34276.67,22756
Dog,sotalol,41,39173.33,22757
Dog,sotalol,41,44070.0,22758
Dog,terfenadine,0,0.0,24669
Dog,terfenadine,0,1.33,24670
Dog,terfenadine,0,2.67,24671
Dog,terfenadine,0,4.0,24672
Dog,terfenadine,0,5.33,24673
Dog,terfenadine,0,6.67,24674
Dog,terfenadine,0,8.0,24675
Dog,terfenadine,0,9.33,24676
Dog,terfenadine,0,10.67,24677
Dog,terfenadine,0,12.0,24678
Dog,terfenadine,2,0.0,24679
Dog,terfenadine,2,1.33,24680
Dog,terfenadine,2,2.67,24681
Dog,terfenadine,2,4.0,24682
Dog,terfenadine,2,5.33,24683
Dog,terfenadine,2,6.67,24684
Dog,terfenadine,2,8.0,24685
Dog,terfenadine,2,9.33,24686
Dog,terfenadine,2,10.67,24687
Dog,terfenadine,2,12.0,24688
Dog,terfenadine,3,0.0,24689
Dog,terfenadine,3,1.33,24690
Dog,terfenadine,3,2.67,24691
Dog,terfenadine,3,4.0,24692
Dog,terfenadine,3,5.33,24693
Dog,terfenadine,3,6.67,24694
Dog,terfenadine,3,8.0,24695
Dog,terfenadine,3,9.33,24696
Dog,terfenadine,3,10.67,24697
Dog,terfenadine,3,12.0,24698
Dog,terfenadine,4,0.0,24699
Dog,terfenadine,4,1.33,24700
Dog,terfenadine,4,2.67,24701
Dog,terfenadine,4,4.0,24702
Dog,terfenadine,4,5.33,24703
Dog,terfenadine,4,6.67,24704
Dog,terfenadine,4,8.0,24705
Dog,terfenadine,4,9.33,24706
Dog,terfenadine,4,10.67,24707
Dog,terfenadine,4,12.0,24708
Dog,terfenadine,5,0.0,24709
Dog,terfenadine,5,1.33,24710
Dog,terfenadine,5,2.67,24711
Dog,terfenadine,5,4.0,24712
Dog,terfenadine,5,5.33,24713
Dog,terfenadine,5,6.67,24714
Dog,terfenadine,5,8.0,24715
Dog,terfenadine,5,9.33,24716
Dog,terfenadine,5,10.67,24717
Dog,terfenadine,5,12.0,24718
Dog,terfenadine,6,0.0,24719
Dog,terfenadine,6,1.33,24720
Dog,terfenadine,6,2.67,24721
Dog,terfenadine,6,4.0,24722
Dog,terfenadine,6,5.33,24723
Dog,terfenadine,6,6.67,24724
Dog,terfenadine,6,8.0,24725
Dog,terfenadine,6,9.33,24726
Dog,terfenadine,6,10.67,24727
Dog,terfenadine,6,12.0,24728
Dog,terfenadine,7,0.0,24729
Dog,terfenadine,7,1.33,24730
Dog,terfenadine,7,2.67,24731
Dog,terfenadine,7,4.0,24732
Dog,terfenadine,7,5.33,24733
Dog,terfenadine,7,6.67,24734
Dog,terfenadine,7,8.0,24735
Dog,terfenadine,7,9.33,24736
Dog,terfenadine,7,10.67,24737
Dog,terfenadine,7,12.0,24738
Dog,terfenadine,8,0.0,24739
Dog,terfenadine,8,1.33,24740
Dog,terfenadine,8,2.67,24741
Dog,terfenadine,8,4.0,24742
Dog,terfenadine,8,5.33,24743
Dog,terfenadine,8,6.67,24744
Dog,terfenadine,8,8.0,24745
Dog,terfenadine,8,9.33,24746
Dog,terfenadine,8,10.67,24747
Dog,terfenadine,8,12.0,24748
Dog,terfenadine,9,0.0,24749
Dog,terfenadine,9,1.33,24750
Dog,terfenadine,9,2.67,24751
Dog,terfenadine,9,4.0,24752
Dog,terfenadine,9,5.33,24753
Dog,terfenadine,9,6.67,24754
Dog,terfenadine,9,8.0,24755
Dog,terfenadine,9,9.33,24756
Dog,terfenadine,9,10.67,24757
Dog,terfenadine,9,12.0,24758
Dog,terfenadine,10,0.0,24759
Dog,terfenadine,10,1.33,24760
Dog,terfenadine,10,2.67,24761
Dog,terfenadine,10,4.0,24762
Dog,terfenadine,10,5.33,24763
Dog,terfenadine,10,6.67,24764
Dog,terfenadine,10,8.0,24765
Dog,terfenadine,10,9.33,24766
Dog,terfenadine,10,10.67,24767
Dog,terfenadine,10,12.0,24768
Dog,terfenadine,11,0.0,24769
Dog,terfenadine,11,1.33,24770
Dog,terfenadine,11,2.67,24771
Dog,terfenadine,11,4.0,24772
Dog,terfenadine,11,5.33,24773
Dog,terfenadine,11,6.67,24774
Dog,terfenadine,11,8.0,24775
Dog,terfenadine,11,9.33,24776
Dog,terfenadine,11,10.67,24777
Dog,terfenadine,11,12.0,24778
Dog,terfenadine,13,0.0,24779
Dog,terfenadine,13,1.33,24780
Dog,terfenadine,13,2.67,24781
Dog,terfenadine,13,4.0,24782
Dog,terfenadine,13,5.33,24783
Dog,terfenadine,13,6.67,24784
Dog,terfenadine,13,8.0,24785
Dog,terfenadine,13,9.33,24786
Dog,terfenadine,13,10.67,24787
Dog,terfenadine,13,12.0,24788
Dog,terfenadine,14,0.0,24789
Dog,terfenadine,14,1.33,24790
Dog,terfenadine,14,2.67,24791
Dog,terfenadine,14,4.0,24792
Dog,terfenadine,14,5.33,24793
Dog,terfenadine,14,6.67,24794
Dog,terfenadine,14,8.0,24795
Dog,terfenadine,14,9.33,24796
Dog,terfenadine,14,10.67,24797
Dog,terfenadine,14,12.0,24798
Dog,terfenadine,15,0.0,24799
Dog,terfenadine,15,1.33,24800
Dog,terfenadine,15,2.67,24801
Dog,terfenadine,15,4.0,24802
Dog,terfenadine,15,5.33,24803
Dog,terfenadine,15,6.67,24804
Dog,terfenadine,15,8.0,24805
Dog,terfenadine,15,9.33,24806
Dog,terfenadine,15,10.67,24807
Dog,terfenadine,15,12.0,24808
Dog,terfenadine,16,0.0,24809
Dog,terfenadine,16,1.33,24810
Dog,terfenadine,16,2.67,24811
Dog,terfenadine,16,4.0,24812
Dog,terfenadine,16,5.33,24813
Dog,terfenadine,16,6.67,24814
Dog,terfenadine,16,8.0,24815
Dog,terfenadine,16,9.33,24816
Dog,terfenadine,16,10.67,24817
Dog,terfenadine,16,12.0,24818
Dog,terfenadine,17,0.0,24819
Dog,terfenadine,17,1.33,24820
Dog,terfenadine,17,2.67,24821
Dog,terfenadine,17,4.0,24822
Dog,terfenadine,17,5.33,24823
Dog,terfenadine,17,6.67,24824
Dog,terfenadine,17,8.0,24825
Dog,terfenadine,17,9.33,24826
Dog,terfenadine,17,10.67,24827
Dog,terfenadine,17,12.0,24828
Dog,terfenadine,18,0.0,24829
Dog,terfenadine,18,1.33,24830
Dog,terfenadine,18,2.67,24831
Dog,terfenadine,18,4.0,24832
Dog,terfenadine,18,5.33,24833
Dog,terfenadine,18,6.67,24834
Dog,terfenadine,18,8.0,24835
Dog,terfenadine,18,9.33,24836
Dog,terfenadine,18,10.67,24837
Dog,terfenadine,18,12.0,24838
Dog,terfenadine,19,0.0,24839
Dog,terfenadine,19,1.33,24840
Dog,terfenadine,19,2.67,24841
Dog,terfenadine,19,4.0,24842
Dog,terfenadine,19,5.33,24843
Dog,terfenadine,19,6.67,24844
Dog,terfenadine,19,8.0,24845
Dog,terfenadine,19,9.33,24846
Dog,terfenadine,19,10.67,24847
Dog,terfenadine,19,12.0,24848
Dog,terfenadine,20,0.0,24849
Dog,terfenadine,20,1.33,24850
Dog,terfenadine,20,2.67,24851
Dog,terfenadine,20,4.0,24852
Dog,terfenadine,20,5.33,24853
Dog,terfenadine,20,6.67,24854
Dog,terfenadine,20,8.0,24855
Dog,terfenadine,20,9.33,24856
Dog,terfenadine,20,10.67,24857
Dog,terfenadine,20,12.0,24858
Dog,terfenadine,21,0.0,24859
Dog,terfenadine,21,1.33,24860
Dog,terfenadine,21,2.67,24861
Dog,terfenadine,21,4.0,24862
Dog,terfenadine,21,5.33,24863
Dog,terfenadine,21,6.67,24864
Dog,terfenadine,21,8.0,24865
Dog,terfenadine,21,9.33,24866
Dog,terfenadine,21,10.67,24867
Dog,terfenadine,21,12.0,24868
Dog,terfenadine,22,0.0,24869
Dog,terfenadine,22,1.33,24870
Dog,terfenadine,22,2.67,24871
Dog,terfenadine,22,4.0,24872
Dog,terfenadine,22,5.33,24873
Dog,terfenadine,22,6.67,24874
Dog,terfenadine,22,8.0,24875
Dog,terfenadine,22,9.33,24876
Dog,terfenadine,22,10.67,24877
Dog,terfenadine,22,12.0,24878
Dog,terfenadine,23,0.0,24879
Dog,terfenadine,23,1.33,24880
Dog,terfenadine,23,2.67,24881
Dog,terfenadine,23,4.0,24882
Dog,terfenadine,23,5.33,24883
Dog,terfenadine,23,6.67,24884
Dog,terfenadine,23,8.0,24885
Dog,terfenadine,23,9.33,24886
Dog,terfenadine,23,10.67,24887
Dog,terfenadine,23,12.0,24888
Dog,terfenadine,24,0.0,24889
Dog,terfenadine,24,1.33,24890
Dog,terfenadine,24,2.67,24891
Dog,terfenadine,24,4.0,24892
Dog,terfenadine,24,5.33,24893
Dog,terfenadine,24,6.67,24894
Dog,terfenadine,24,8.0,24895
Dog,terfenadine,24,9.33,24896
Dog,terfenadine,24,10.67,24897
Dog,terfenadine,24,12.0,24898
Dog,terfenadine,26,0.0,24899
Dog,terfenadine,26,1.33,24900
Dog,terfenadine,26,2.67,24901
Dog,terfenadine,26,4.0,24902
Dog,terfenadine,26,5.33,24903
Dog,terfenadine,26,6.67,24904
Dog,terfenadine,26,8.0,24905
Dog,terfenadine,26,9.33,24906
Dog,terfenadine,26,10.67,24907
Dog,terfenadine,26,12.0,24908
Dog,terfenadine,27,0.0,24909
Dog,terfenadine,27,1.33,24910
Dog,terfenadine,27,2.67,24911
Dog,terfenadine,27,4.0,24912
Dog,terfenadine,27,5.33,24913
Dog,terfenadine,27,6.67,24914
Dog,terfenadine,27,8.0,24915
Dog,terfenadine,27,9.33,24916
Dog,terfenadine,27,10.67,24917
Dog,terfenadine,27,12.0,24918
Dog,terfenadine,28,0.0,24919
Dog,terfenadine,28,1.33,24920
Dog,terfenadine,28,2.67,24921
Dog,terfenadine,28,4.0,24922
Dog,terfenadine,28,5.33,24923
Dog,terfenadine,28,6.67,24924
Dog,terfenadine,28,8.0,24925
Dog,terfenadine,28,9.33,24926
Dog,terfenadine,28,10.67,24927
Dog,terfenadine,28,12.0,24928
Dog,terfenadine,29,0.0,24929
Dog,terfenadine,29,1.33,24930
Dog,terfenadine,29,2.67,24931
Dog,terfenadine,29,4.0,24932
Dog,terfenadine,29,5.33,24933
Dog,terfenadine,29,6.67,24934
Dog,terfenadine,29,8.0,24935
Dog,terfenadine,29,9.33,24936
Dog,terfenadine,29,10.67,24937
Dog,terfenadine,29,12.0,24938
Dog,terfenadine,30,0.0,24939
Dog,terfenadine,30,1.33,24940
Dog,terfenadine,30,2.67,24941
Dog,terfenadine,30,4.0,24942
Dog,terfenadine,30,5.33,24943
Dog,terfenadine,30,6.67,24944
Dog,terfenadine,30,8.0,24945
Dog,terfenadine,30,9.33,24946
Dog,terfenadine,30,10.67,24947
Dog,terfenadine,30,12.0,24948
Dog,terfenadine,31,0.0,24949
Dog,terfenadine,31,1.33,24950
Dog,terfenadine,31,2.67,24951
Dog,terfenadine,31,4.0,24952
Dog,terfenadine,31,5.33,24953
Dog,terfenadine,31,6.67,24954
Dog,terfenadine,31,8.0,24955
Dog,terfenadine,31,9.33,24956
Dog,terfenadine,31,10.67,24957
Dog,terfenadine,31,12.0,24958
Dog,terfenadine,32,0.0,24959
Dog,terfenadine,32,1.33,24960
Dog,terfenadine,32,2.67,24961
Dog,terfenadine,32,4.0,24962
Dog,terfenadine,32,5.33,24963
Dog,terfenadine,32,6.67,24964
Dog,terfenadine,32,8.0,24965
Dog,terfenadine,32,9.33,24966
Dog,terfenadine,32,10.67,24967
Dog,terfenadine,32,12.0,24968
Dog,terfenadine,33,0.0,24969
Dog,terfenadine,33,1.33,24970
Dog,terfenadine,33,2.67,24971
Dog,terfenadine,33,4.0,24972
Dog,terfenadine,33,5.33,24973
Dog,terfenadine,33,6.67,24974
Dog,terfenadine,33,8.0,24975
Dog,terfenadine,33,9.33,24976
Dog,terfenadine,33,10.67,24977
Dog,terfenadine,33,12.0,24978
Dog,terfenadine,34,0.0,24979
Dog,terfenadine,34,1.33,24980
Dog,terfenadine,34,2.67,24981
Dog,terfenadine,34,4.0,24982
Dog,terfenadine,34,5.33,24983
Dog,terfenadine,34,6.67,24984
Dog,terfenadine,34,8.0,24985
Dog,terfenadine,34,9.33,24986
Dog,terfenadine,34,10.67,24987
Dog,terfenadine,34,12.0,24988
Dog,terfenadine,35,0.0,24989
Dog,terfenadine,35,1.33,24990
Dog,terfenadine,35,2.67,24991
Dog,terfenadine,35,4.0,24992
Dog,terfenadine,35,5.33,24993
Dog,terfenadine,35,6.67,24994
Dog,terfenadine,35,8.0,24995
Dog,terfenadine,35,9.33,24996
Dog,terfenadine,35,10.67,24997
Dog,terfenadine,35,12.0,24998
Dog,terfenadine,36,0.0,24999
Dog,terfenadine,36,1.33,25000
Dog,terfenadine,36,2.67,25001
Dog,terfenadine,36,4.0,25002
Dog,terfenadine,36,5.33,25003
Dog,terfenadine,36,6.67,25004
Dog,terfenadine,36,8.0,25005
Dog,terfenadine,36,9.33,25006
Dog,terfenadine,36,10.67,25007
Dog,terfenadine,36,12.0,25008
Dog,terfenadine,37,0.0,25009
Dog,terfenadine,37,1.33,25010
Dog,terfenadine,37,2.67,25011
Dog,terfenadine,37,4.0,25012
Dog,terfenadine,37,5.33,25013
Dog,terfenadine,37,6.67,25014
Dog,terfenadine,37,8.0,25015
Dog,terfenadine,37,9.33,25016
Dog,terfenadine,37,10.67,25017
Dog,terfenadine,37,12.0,25018
Dog,terfenadine,38,0.0,25019
Dog,terfenadine,38,1.33,25020
Dog,terfenadine,38,2.67,25021
Dog,terfenadine,38,4.0,25022
Dog,terfenadine,38,5.33,25023
Dog,terfenadine,38,6.67,25024
Dog,terfenadine,38,8.0,25025
Dog,terfenadine,38,9.33,25026
Dog,terfenadine,38,10.67,25027
Dog,terfenadine,38,12.0,25028
Dog,terfenadine,39,0.0,25029
Dog,terfenadine,39,1.33,25030
Dog,terfenadine,39,2.67,25031
Dog,terfenadine,39,4.0,25032
Dog,terfenadine,39,5.33,25033
Dog,terfenadine,39,6.67,25034
Dog,terfenadine,39,8.0,25035
Dog,terfenadine,39,9.33,25036
Dog,terfenadine,39,10.67,25037
Dog,terfenadine,39,12.0,25038
Dog,terfenadine,40,0.0,25039
Dog,terfenadine,40,1.33,25040
Dog,terfenadine,40,2.67,25041
Dog,terfenadine,40,4.0,25042
Dog,terfenadine,40,5.33,25043
Dog,terfenadine,40,6.67,25044
Dog,terfenadine,40,8.0,25045
Dog,terfenadine,40,9.33,25046
Dog,terfenadine,40,10.67,25047
Dog,terfenadine,40,12.0,25048
Dog,terfenadine,41,0.0,25049
Dog,terfenadine,41,1.33,25050
Dog,terfenadine,41,2.67,25051
Dog,terfenadine,41,4.0,25052
Dog,terfenadine,41,5.33,25053
Dog,terfenadine,41,6.67,25054
Dog,terfenadine,41,8.0,25055
Dog,terfenadine,41,9.33,25056
Dog,terfenadine,41,10.67,25057
Dog,terfenadine,41,12.0,25058
Dog,verapamil,0,0.0,26929
Dog,verapamil,0,27.0,26930
Dog,verapamil,0,54.0,26931
Dog,verapamil,0,81.0,26932
Dog,verapamil,0,108.0,26933
Dog,verapamil,0,135.0,26934
Dog,verapamil,0,162.0,26935
Dog,verapamil,0,189.0,26936
Dog,verapamil,0,216.0,26937
Dog,verapamil,0,243.0,26938
Dog,verapamil,1,0.0,26939
Dog,verapamil,1,27.0,26940
Dog,verapamil,1,54.0,26941
Dog,verapamil,1,81.0,26942
Dog,verapamil,1,108.0,26943
Dog,verapamil,1,135.0,26944
Dog,verapamil,1,162.0,26945
Dog,verapamil,1,189.0,26946
Dog,verapamil,1,216.0,26947
Dog,verapamil,1,243.0,26948
Dog,verapamil,2,0.0,26949
Dog,verapamil,2,27.0,26950
Dog,verapamil,2,54.0,26951
Dog,verapamil,2,81.0,26952
Dog,verapamil,2,108.0,26953
Dog,verapamil,2,135.0,26954
Dog,verapamil,2,162.0,26955
Dog,verapamil,2,189.0,26956
Dog,verapamil,2,216.0,26957
Dog,verapamil,2,243.0,26958
Dog,verapamil,3,0.0,26959
Dog,verapamil,3,27.0,26960
Dog,verapamil,3,54.0,26961
Dog,verapamil,3,81.0,26962
Dog,verapamil,3,108.0,26963
Dog,verapamil,3,135.0,26964
Dog,verapamil,3,162.0,26965
Dog,verapamil,3,189.0,26966
Dog,verapamil,3,216.0,26967
Dog,verapamil,3,243.0,26968
Dog,verapamil,4,0.0,26969
Dog,verapamil,4,27.0,26970
Dog,verapamil,4,54.0,26971
Dog,verapamil,4,81.0,26972
Dog,verapamil,4,108.0,26973
Dog,verapamil,4,135.0,26974
Dog,verapamil,4,162.0,26975
Dog,verapamil,4,189.0,26976
Dog,verapamil,4,216.0,26977
Dog,verapamil,4,243.0,26978
Dog,verapamil,5,0.0,26979
Dog,verapamil,5,27.0,26980
Dog,verapamil,5,54.0,26981
Dog,verapamil,5,81.0,26982
Dog,verapamil,5,108.0,26983
Dog,verapamil,5,135.0,26984
Dog,verapamil,5,162.0,26985
Dog,verapamil,5,189.0,26986
Dog,verapamil,5,216.0,26987
Dog,verapamil,5,243.0,26988
Dog,verapamil,6,0.0,26989
Dog,verapamil,6,27.0,26990
Dog,verapamil,6,54.0,26991
Dog,verapamil,6,81.0,26992
Dog,verapamil,6,108.0,26993
Dog,verapamil,6,135.0,26994
Dog,verapamil,6,162.0,26995
Dog,verapamil,6,189.0,26996
Dog,verapamil,6,216.0,26997
Dog,verapamil,6,243.0,26998
Dog,verapamil,7,0.0,26999
Dog,verapamil,7,27.0,27000
Dog,verapamil,7,54.0,27001
Dog,verapamil,7,81.0,27002
Dog,verapamil,7,108.0,27003
Dog,verapamil,7,135.0,27004
Dog,verapamil,7,162.0,27005
Dog,verapamil,7,189.0,27006
Dog,verapamil,7,216.0,27007
Dog,verapamil,7,243.0,27008
Dog,verapamil,8,0.0,27009
Dog,verapamil,8,27.0,27010
Dog,verapamil,8,54.0,27011
Dog,verapamil,8,81.0,27012
Dog,verapamil,8,108.0,27013
Dog,verapamil,8,135.0,27014
Dog,verapamil,8,162.0,27015
Dog,verapamil,8,189.0,27016
Dog,verapamil,8,216.0,27017
Dog,verapamil,8,243.0,27018
Dog,verapamil,9,0.0,27019
Dog,verapamil,9,27.0,27020
Dog,verapamil,9,54.0,27021
Dog,verapamil,9,81.0,27022
Dog,verapamil,9,108.0,27023
Dog,verapamil,9,135.0,27024
Dog,verapamil,9,162.0,27025
Dog,verapamil,9,189.0,27026
Dog,verapamil,9,216.0,27027
Dog,verapamil,9,243.0,27028
Dog,verapamil,10,0.0,27029
Dog,verapamil,10,27.0,27030
Dog,verapamil,10,54.0,27031
Dog,verapamil,10,81.0,27032
Dog,verapamil,10,108.0,27033
Dog,verapamil,10,135.0,27034
Dog,verapamil,10,162.0,27035
Dog,verapamil,10,189.0,27036
Dog,verapamil,10,216.0,27037
Dog,verapamil,10,243.0,27038
Dog,verapamil,11,0.0,27039
Dog,verapamil,11,27.0,27040
Dog,verapamil,11,54.0,27041
Dog,verapamil,11,81.0,27042
Dog,verapamil,11,108.0,27043
Dog,verapamil,11,135.0,27044
Dog,verapamil,11,162.0,27045
Dog,verapamil,11,189.0,27046
Dog,verapamil,11,216.0,27047
Dog,verapamil,11,243.0,27048
Dog,verapamil,12,0.0,27049
Dog,verapamil,12,27.0,27050
Dog,verapamil,12,54.0,27051
Dog,verapamil,12,81.0,27052
Dog,verapamil,12,108.0,27053
Dog,verapamil,12,135.0,27054
Dog,verapamil,12,162.0,27055
Dog,verapamil,12,189.0,27056
Dog,verapamil,12,216.0,27057
Dog,verapamil,12,243.0,27058
Dog,verapamil,13,0.0,27059
Dog,verapamil,13,27.0,27060
Dog,verapamil,13,54.0,27061
Dog,verapamil,13,81.0,27062
Dog,verapamil,13,108.0,27063
Dog,verapamil,13,135.0,27064
Dog,verapamil,13,162.0,27065
Dog,verapamil,13,189.0,27066
Dog,verapamil,13,216.0,27067
Dog,verapamil,13,243.0,27068
Dog,verapamil,14,0.0,27069
Dog,verapamil,14,27.0,27070
Dog,verapamil,14,54.0,27071
Dog,verapamil,14,81.0,27072
Dog,verapamil,14,108.0,27073
Dog,verapamil,14,135.0,27074
Dog,verapamil,14,162.0,27075
Dog,verapamil,14,189.0,27076
Dog,verapamil,14,216.0,27077
Dog,verapamil,14,243.0,27078
Dog,verapamil,15,0.0,27079
Dog,verapamil,15,27.0,27080
Dog,verapamil,15,54.0,27081
Dog,verapamil,15,81.0,27082
Dog,verapamil,15,108.0,27083
Dog,verapamil,15,135.0,27084
Dog,verapamil,15,162.0,27085
Dog,verapamil,15,189.0,27086
Dog,verapamil,15,216.0,27087
Dog,verapamil,15,243.0,27088
Dog,verapamil,16,0.0,27089
Dog,verapamil,16,27.0,27090
Dog,verapamil,16,54.0,27091
Dog,verapamil,16,81.0,27092
Dog,verapamil,16,108.0,27093
Dog,verapamil,16,135.0,27094
Dog,verapamil,16,162.0,27095
Dog,verapamil,16,189.0,27096
Dog,verapamil,16,216.0,27097
Dog,verapamil,16,243.0,27098
Dog,verapamil,17,0.0,27099
Dog,verapamil,17,27.0,27100
Dog,verapamil,17,54.0,27101
Dog,verapamil,17,81.0,27102
Dog,verapamil,17,108.0,27103
Dog,verapamil,17,135.0,27104
Dog,verapamil,17,162.0,27105
Dog,verapamil,17,189.0,27106
Dog,verapamil,17,216.0,27107
Dog,verapamil,17,243.0,27108
Dog,verapamil,18,0.0,27109
Dog,verapamil,18,27.0,27110
Dog,verapamil,18,54.0,27111
Dog,verapamil,18,81.0,27112
Dog,verapamil,18,108.0,27113
Dog,verapamil,18,135.0,27114
Dog,verapamil,18,162.0,27115
Dog,verapamil,18,189.0,27116
Dog,verapamil,18,216.0,27117
Dog,verapamil,18,243.0,27118
Dog,verapamil,19,0.0,27119
Dog,verapamil,19,27.0,27120
Dog,verapamil,19,54.0,27121
Dog,verapamil,19,81.0,27122
Dog,verapamil,19,108.0,27123
Dog,verapamil,19,135.0,27124
Dog,verapamil,19,162.0,27125
Dog,verapamil,19,189.0,27126
Dog,verapamil,19,216.0,27127
Dog,verapamil,19,243.0,27128
Dog,verapamil,20,0.0,27129
Dog,verapamil,20,27.0,27130
Dog,verapamil,20,54.0,27131
Dog,verapamil,20,81.0,27132
Dog,verapamil,20,108.0,27133
Dog,verapamil,20,135.0,27134
Dog,verapamil,20,162.0,27135
Dog,verapamil,20,189.0,27136
Dog,verapamil,20,216.0,27137
Dog,verapamil,20,243.0,27138
Dog,verapamil,21,0.0,27139
Dog,verapamil,21,27.0,27140
Dog,verapamil,21,54.0,27141
Dog,verapamil,21,81.0,27142
Dog,verapamil,21,108.0,27143
Dog,verapamil,21,135.0,27144
Dog,verapamil,21,162.0,27145
Dog,verapamil,21,189.0,27146
Dog,verapamil,21,216.0,27147
Dog,verapamil,21,243.0,27148
Dog,verapamil,22,0.0,27149
Dog,verapamil,22,27.0,27150
Dog,verapamil,22,54.0,27151
Dog,verapamil,22,81.0,27152
Dog,verapamil,22,108.0,27153
Dog,verapamil,22,135.0,27154
Dog,verapamil,22,162.0,27155
Dog,verapamil,22,189.0,27156
Dog,verapamil,22,216.0,27157
Dog,verapamil,22,243.0,27158
Dog,verapamil,23,0.0,27159
Dog,verapamil,23,27.0,27160
Dog,verapamil,23,54.0,27161
Dog,verapamil,23,81.0,27162
Dog,verapamil,23,108.0,27163
Dog,verapamil,23,135.0,27164
Dog,verapamil,23,162.0,27165
Dog,verapamil,23,189.0,27166
Dog,verapamil,23,216.0,27167
Dog,verapamil,23,243.0,27168
Dog,verapamil,24,0.0,27169
Dog,verapamil,24,27.0,27170
Dog,verapamil,24,54.0,27171
Dog,verapamil,24,81.0,27172
Dog,verapamil,24,108.0,27173
Dog,verapamil,24,135.0,27174
Dog,verapamil,24,162.0,27175
Dog,verapamil,24,189.0,27176
Dog,verapamil,24,216.0,27177
Dog,verapamil,24,243.0,27178
Dog,verapamil,25,0.0,27179
Dog,verapamil,25,27.0,27180
Dog,verapamil,25,54.0,27181
Dog,verapamil,25,81.0,27182
Dog,verapamil,25,108.0,27183
Dog,verapamil,25,135.0,27184
Dog,verapamil,25,162.0,27185
Dog,verapamil,25,189.0,27186
Dog,verapamil,25,216.0,27187
Dog,verapamil,25,243.0,27188
Dog,verapamil,26,0.0,27189
Dog,verapamil,26,27.0,27190
Dog,verapamil,26,54.0,27191
Dog,verapamil,26,81.0,27192
Dog,verapamil,26,108.0,27193
Dog,verapamil,26,135.0,27194
Dog,verapamil,26,162.0,27195
Dog,verapamil,26,189.0,27196
Dog,verapamil,26,216.0,27197
Dog,verapamil,26,243.0,27198
Dog,verapamil,27,0.0,27199
Dog,verapamil,27,27.0,27200
Dog,verapamil,27,54.0,27201
Dog,verapamil,27,81.0,27202
Dog,verapamil,27,108.0,27203
Dog,verapamil,27,135.0,27204
Dog,verapamil,27,162.0,27205
Dog,verapamil,27,189.0,27206
Dog,verapamil,27,216.0,27207
Dog,verapamil,27,243.0,27208
Dog,verapamil,28,0.0,27209
Dog,verapamil,28,27.0,27210
Dog,verapamil,28,54.0,27211
Dog,verapamil,28,81.0,27212
Dog,verapamil,28,108.0,27213
Dog,verapamil,28,135.0,27214
Dog,verapamil,28,162.0,27215
Dog,verapamil,28,189.0,27216
Dog,verapamil,28,216.0,27217
Dog,verapamil,28,243.0,27218
Dog,verapamil,29,0.0,27219
Dog,verapamil,29,27.0,27220
Dog,verapamil,29,54.0,27221
Dog,verapamil,29,81.0,27222
Dog,verapamil,29,108.0,27223
Dog,verapamil,29,135.0,27224
Dog,verapamil,29,162.0,27225
Dog,verapamil,29,189.0,27226
Dog,verapamil,29,216.0,27227
Dog,verapamil,29,243.0,27228
Dog,verapamil,30,0.0,27229
Dog,verapamil,30,27.0,27230
Dog,verapamil,30,54.0,27231
Dog,verapamil,30,81.0,27232
Dog,verapamil,30,108.0,27233
Dog,verapamil,30,135.0,27234
Dog,verapamil,30,162.0,27235
Dog,verapamil,30,189.0,27236
Dog,verapamil,30,216.0,27237
Dog,verapamil,30,243.0,27238
Dog,verapamil,31,0.0,27239
Dog,verapamil,31,27.0,27240
Dog,verapamil,31,54.0,27241
Dog,verapamil,31,81.0,27242
Dog,verapamil,31,108.0,27243
Dog,verapamil,31,135.0,27244
Dog,verapamil,31,162.0,27245
Dog,verapamil,31,189.0,27246
Dog,verapamil,31,216.0,27247
Dog,verapamil,31,243.0,27248
Dog,verapamil,32,0.0,27249
Dog,verapamil,32,27.0,27250
Dog,verapamil,32,54.0,27251
Dog,verapamil,32,81.0,27252
Dog,verapamil,32,108.0,27253
Dog,verapamil,32,135.0,27254
Dog,verapamil,32,162.0,27255
Dog,verapamil,32,189.0,27256
Dog,verapamil,32,216.0,27257
Dog,verapamil,32,243.0,27258
Dog,verapamil,33,0.0,27259
Dog,verapamil,33,27.0,27260
Dog,verapamil,33,54.0,27261
Dog,verapamil,33,81.0,27262
Dog,verapamil,33,108.0,27263
Dog,verapamil,33,135.0,27264
Dog,verapamil,33,162.0,27265
Dog,verapamil,33,189.0,27266
Dog,verapamil,33,216.0,27267
Dog,verapamil,33,243.0,27268
Dog,verapamil,34,0.0,27269
Dog,verapamil,34,27.0,27270
Dog,verapamil,34,54.0,27271
Dog,verapamil,34,81.0,27272
Dog,verapamil,34,108.0,27273
Dog,verapamil,34,135.0,27274
Dog,verapamil,34,162.0,27275
Dog,verapamil,34,189.0,27276
Dog,verapamil,34,216.0,27277
Dog,verapamil,34,243.0,27278
Dog,verapamil,35,0.0,27279
Dog,verapamil,35,27.0,27280
Dog,verapamil,35,54.0,27281
Dog,verapamil,35,81.0,27282
Dog,verapamil,35,108.0,27283
Dog,verapamil,35,135.0,27284
Dog,verapamil,35,162.0,27285
Dog,verapamil,35,189.0,27286
Dog,verapamil,35,216.0,27287
Dog,verapamil,35,243.0,27288
Dog,verapamil,36,0.0,27289
Dog,verapamil,36,27.0,27290
Dog,verapamil,36,54.0,27291
Dog,verapamil,36,81.0,27292
Dog,verapamil,36,108.0,27293
Dog,verapamil,36,135.0,27294
Dog,verapamil,36,162.0,27295
Dog,verapamil,36,189.0,27296
Dog,verapamil,36,216.0,27297
Dog,verapamil,36,243.0,27298
Dog,verapamil,37,0.0,27299
Dog,verapamil,37,27.0,27300
Dog,verapamil,37,54.0,27301
Dog,verapamil,37,81.0,27302
Dog,verapamil,37,108.0,27303
Dog,verapamil,37,135.0,27304
Dog,verapamil,37,162.0,27305
Dog,verapamil,37,189.0,27306
Dog,verapamil,37,216.0,27307
Dog,verapamil,37,243.0,27308
Dog,verapamil,38,0.0,27309
Dog,verapamil,38,27.0,27310
Dog,verapamil,38,54.0,27311
Dog,verapamil,38,81.0,27312
Dog,verapamil,38,108.0,27313
Dog,verapamil,38,135.0,27314
Dog,verapamil,38,162.0,27315
Dog,verapamil,38,189.0,27316
Dog,verapamil,38,216.0,27317
Dog,verapamil,38,243.0,27318
Dog,verapamil,39,0.0,27319
Dog,verapamil,39,27.0,27320
Dog,verapamil,39,54.0,27321
Dog,verapamil,39,81.0,27322
Dog,verapamil,39,108.0,27323
Dog,verapamil,39,135.0,27324
Dog,verapamil,39,162.0,27325
Dog,verapamil,39,189.0,27326
Dog,verapamil,39,216.0,27327
Dog,verapamil,39,243.0,27328
Dog,verapamil,40,0.0,27329
Dog,verapamil,40,27.0,27330
Dog,verapamil,40,54.0,27331
Dog,verapamil,40,81.0,27332
Dog,verapamil,40,108.0,27333
Dog,verapamil,40,135.0,27334
Dog,verapamil,40,162.0,27335
Dog,verapamil,40,189.0,27336
Dog,verapamil,40,216.0,27337
Dog,verapamil,40,243.0,27338
Dog,verapamil,41,0.0,27339
Dog,verapamil,41,27.0,27340
Dog,verapamil,41,54.0,27341
Dog,verapamil,41,81.0,27342
Dog,verapamil,41,108.0,27343
Dog,verapamil,41,135.0,27344
Dog,verapamil,41,162.0,27345
Dog,verapamil,41,189.0,27346
Dog,verapamil,41,216.0,27347
Dog,verapamil,41,243.0,27348
Guinea Pig,bepridil,0,0.0,250
Guinea Pig,bepridil,0,11.0,251
Guinea Pig,bepridil,0,22.0,252
Guinea Pig,bepridil,0,33.0,253
Guinea Pig,bepridil,0,44.0,254
Guinea Pig,bepridil,0,55.0,255
Guinea Pig,bepridil,0,66.0,256
Guinea Pig,bepridil,0,77.0,257
Guinea Pig,bepridil,0,88.0,258
Guinea Pig,bepridil,0,99.0,259
Guinea Pig,bepridil,1,0.0,260
Guinea Pig,bepridil,1,11.0,261
Guinea Pig,bepridil,1,22.0,262
Guinea Pig,bepridil,1,33.0,263
Guinea Pig,bepridil,1,44.0,264
Guinea Pig,bepridil,1,55.0,265
Guinea Pig,bepridil,1,66.0,266
Guinea Pig,bepridil,1,77.0,267
Guinea Pig,bepridil,1,88.0,268
Guinea Pig,bepridil,1,99.0,269
Guinea Pig,bepridil,2,0.0,270
Guinea Pig,bepridil,2,11.0,271
Guinea Pig,bepridil,2,22.0,272
Guinea Pig,bepridil,2,33.0,273
Guinea Pig,bepridil,2,44.0,274
Guinea Pig,bepridil,2,55.0,275
Guinea Pig,bepridil,2,66.0,276
Guinea Pig,bepridil,2,77.0,277
Guinea Pig,bepridil,2,88.0,278
Guinea Pig,bepridil,2,99.0,279
Guinea Pig,bepridil,3,0.0,280
Guinea Pig,bepridil,3,11.0,281
Guinea Pig,bepridil,3,22.0,282
Guinea Pig,bepridil,3,33.0,283
Guinea Pig,bepridil,3,44.0,284
Guinea Pig,bepridil,3,55.0,285
Guinea Pig,bepridil,3,66.0,286
Guinea Pig,bepridil,3,77.0,287
Guinea Pig,bepridil,3,88.0,288
Guinea Pig,bepridil,3,99.0,289
Guinea Pig,bepridil,4,0.0,290
Guinea Pig,bepridil,4,11.0,291
Guinea Pig,bepridil,4,22.0,292
Guinea Pig,bepridil,4,33.0,293
Guinea Pig,bepridil,4,44.0,294
Guinea Pig,bepridil,4,55.0,295
Guinea Pig,bepridil,4,66.0,296
Guinea Pig,bepridil,4,77.0,297
Guinea Pig,bepridil,4,88.0,298
Guinea Pig,bepridil,4,99.0,299
Guinea Pig,bepridil,5,0.0,300
Guinea Pig,bepridil,5,11.0,301
Guinea Pig,bepridil,5,22.0,302
Guinea Pig,bepridil,5,33.0,303
Guinea Pig,bepridil,5,44.0,304
Guinea Pig,bepridil,5,55.0,305
Guinea Pig,bepridil,5,66.0,306
Guinea Pig,bepridil,5,77.0,307
Guinea Pig,bepridil,5,88.0,308
Guinea Pig,bepridil,5,99.0,309
Guinea Pig,bepridil,6,0.0,310
Guinea Pig,bepridil,6,11.0,311
Guinea Pig,bepridil,6,22.0,312
Guinea Pig,bepridil,6,33.0,313
Guinea Pig,bepridil,6,44.0,314
Guinea Pig,bepridil,6,55.0,315
Guinea Pig,bepridil,6,66.0,316
Guinea Pig,bepridil,6,77.0,317
Guinea Pig,bepridil,6,88.0,318
Guinea Pig,bepridil,6,99.0,319
Guinea Pig,bepridil,7,0.0,320
Guinea Pig,bepridil,7,11.0,321
Guinea Pig,bepridil,7,22.0,322
Guinea Pig,bepridil,7,33.0,323
Guinea Pig,bepridil,7,44.0,324
Guinea Pig,bepridil,7,55.0,325
Guinea Pig,bepridil,7,66.0,326
Guinea Pig,bepridil,7,77.0,327
Guinea Pig,bepridil,7,88.0,328
Guinea Pig,bepridil,7,99.0,329
Guinea Pig,bepridil,8,0.0,330
Guinea Pig,bepridil,8,11.0,331
Guinea Pig,bepridil,8,22.0,332
Guinea Pig,bepridil,8,33.0,333
Guinea Pig,bepridil,8,44.0,334
Guinea Pig,bepridil,8,55.0,335
Guinea Pig,bepridil,8,66.0,336
Guinea Pig,bepridil,8,77.0,337
Guinea Pig,bepridil,8,88.0,338
Guinea Pig,bepridil,8,99.0,339
Guinea Pig,bepridil,9,0.0,340
Guinea Pig,bepridil,9,11.0,341
Guinea Pig,bepridil,9,22.0,342
Guinea Pig,bepridil,9,33.0,343
Guinea Pig,bepridil,9,44.0,344
Guinea Pig,bepridil,9,55.0,345
Guinea Pig,bepridil,9,66.0,346
Guinea Pig,bepridil,9,77.0,347
Guinea Pig,bepridil,9,88.0,348
Guinea Pig,bepridil,9,99.0,349
Guinea Pig,bepridil,10,0.0,350
Guinea Pig,bepridil,10,11.0,351
Guinea Pig,bepridil,10,22.0,352
Guinea Pig,bepridil,10,33.0,353
Guinea Pig,bepridil,10,44.0,354
Guinea Pig,bepridil,10,55.0,355
Guinea Pig,bepridil,10,66.0,356
Guinea Pig,bepridil,10,77.0,357
Guinea Pig,bepridil,10,88.0,358
Guinea Pig,bepridil,10,99.0,359
Guinea Pig,bepridil,11,0.0,360
Guinea Pig,bepridil,11,11.0,361
Guinea Pig,bepridil,11,22.0,362
Guinea Pig,bepridil,11,33.0,363
Guinea Pig,bepridil,11,44.0,364
Guinea Pig,bepridil,11,55.0,365
Guinea Pig,bepridil,11,66.0,366
Guinea Pig,bepridil,11,77.0,367
Guinea Pig,bepridil,11,88.0,368
Guinea Pig,bepridil,11,99.0,369
Guinea Pig,bepridil,13,0.0,370
Guinea Pig,bepridil,13,11.0,371
Guinea Pig,bepridil,13,22.0,372
Guinea Pig,bepridil,13,33.0,373
Guinea Pig,bepridil,13,44.0,374
Guinea Pig,bepridil,13,55.0,375
Guinea Pig,bepridil,13,66.0,376
Guinea Pig,bepridil,13,77.0,377
Guinea Pig,bepridil,13,88.0,378
Guinea Pig,bepridil,13,99.0,379
Guinea Pig,bepridil,14,0.0,380
Guinea Pig,bepridil,14,11.0,381
Guinea Pig,bepridil,14,22.0,382
Guinea Pig,bepridil,14,33.0,383
Guinea Pig,bepridil,14,44.0,384
Guinea Pig,bepridil,14,55.0,385
Guinea Pig,bepridil,14,66.0,386
Guinea Pig,bepridil,14,77.0,387
Guinea Pig,bepridil,14,88.0,388
Guinea Pig,bepridil,14,99.0,389
Guinea Pig,bepridil,15,0.0,390
Guinea Pig,bepridil,15,11.0,391
Guinea Pig,bepridil,15,22.0,392
Guinea Pig,bepridil,15,33.0,393
Guinea Pig,bepridil,15,44.0,394
Guinea Pig,bepridil,15,55.0,395
Guinea Pig,bepridil,15,66.0,396
Guinea Pig,bepridil,15,77.0,397
Guinea Pig,bepridil,15,88.0,398
Guinea Pig,bepridil,15,99.0,399
Guinea Pig,bepridil,16,0.0,400
Guinea Pig,bepridil,16,11.0,401
Guinea Pig,bepridil,16,22.0,402
Guinea Pig,bepridil,16,33.0,403
Guinea Pig,bepridil,16,44.0,404
Guinea Pig,bepridil,16,55.0,405
Guinea Pig,bepridil,16,66.0,406
Guinea Pig,bepridil,16,77.0,407
Guinea Pig,bepridil,16,88.0,408
Guinea Pig,bepridil,16,99.0,409
Guinea Pig,bepridil,17,0.0,410
Guinea Pig,bepridil,17,11.0,411
Guinea Pig,bepridil,17,22.0,412
Guinea Pig,bepridil,17,33.0,413
Guinea Pig,bepridil,17,44.0,414
Guinea Pig,bepridil,17,55.0,415
Guinea Pig,bepridil,17,66.0,416
Guinea Pig,bepridil,17,77.0,417
Guinea Pig,bepridil,17,88.0,418
Guinea Pig,bepridil,17,99.0,419
Guinea Pig,bepridil,18,0.0,420
Guinea Pig,bepridil,18,11.0,421
Guinea Pig,bepridil,18,22.0,422
Guinea Pig,bepridil,18,33.0,423
Guinea Pig,bepridil,18,44.0,424
Guinea Pig,bepridil,18,55.0,425
Guinea Pig,bepridil,18,66.0,426
Guinea Pig,bepridil,18,77.0,427
Guinea Pig,bepridil,18,88.0,428
Guinea Pig,bepridil,18,99.0,429
Guinea Pig,bepridil,20,0.0,430
Guinea Pig,bepridil,20,11.0,431
Guinea Pig,bepridil,20,22.0,432
Guinea Pig,bepridil,20,33.0,433
Guinea Pig,bepridil,20,44.0,434
Guinea Pig,bepridil,20,55.0,435
Guinea Pig,bepridil,20,66.0,436
Guinea Pig,bepridil,20,77.0,437
Guinea Pig,bepridil,20,88.0,438
Guinea Pig,bepridil,20,99.0,439
Guinea Pig,bepridil,21,0.0,440
Guinea Pig,bepridil,21,11.0,441
Guinea Pig,bepridil,21,22.0,442
Guinea Pig,bepridil,21,33.0,443
Guinea Pig,bepridil,21,44.0,444
Guinea Pig,bepridil,21,55.0,445
Guinea Pig,bepridil,21,66.0,446
Guinea Pig,bepridil,21,77.0,447
Guinea Pig,bepridil,21,88.0,448
Guinea Pig,bepridil,21,99.0,449
Guinea Pig,bepridil,25,0.0,450
Guinea Pig,bepridil,25,11.0,451
Guinea Pig,bepridil,25,22.0,452
Guinea Pig,bepridil,25,33.0,453
Guinea Pig,bepridil,25,44.0,454
Guinea Pig,bepridil,25,55.0,455
Guinea Pig,bepridil,25,66.0,456
Guinea Pig,bepridil,25,77.0,457
Guinea Pig,bepridil,25,88.0,458
Guinea Pig,bepridil,25,99.0,459
Guinea Pig,bepridil,27,0.0,460
Guinea Pig,bepridil,27,11.0,461
Guinea Pig,bepridil,27,22.0,462
Guinea Pig,bepridil,27,33.0,463
Guinea Pig,bepridil,27,44.0,464
Guinea Pig,bepridil,27,55.0,465
Guinea Pig,bepridil,27,66.0,466
Guinea Pig,bepridil,27,77.0,467
Guinea Pig,bepridil,27,88.0,468
Guinea Pig,bepridil,27,99.0,469
Guinea Pig,bepridil,29,0.0,470
Guinea Pig,bepridil,29,11.0,471
Guinea Pig,bepridil,29,22.0,472
Guinea Pig,bepridil,29,33.0,473
Guinea Pig,bepridil,29,44.0,474
Guinea Pig,bepridil,29,55.0,475
Guinea Pig,bepridil,29,66.0,476
Guinea Pig,bepridil,29,77.0,477
Guinea Pig,bepridil,29,88.0,478
Guinea Pig,bepridil,29,99.0,479
Guinea Pig,chlorpromazine,0,0.0,2660
Guinea Pig,chlorpromazine,0,12.67,2661
Guinea Pig,chlorpromazine,0,25.33,2662
Guinea Pig,chlorpromazine,0,38.0,2663
Guinea Pig,chlorpromazine,0,50.67,2664
Guinea Pig,chlorpromazine,0,63.33,2665
Guinea Pig,chlorpromazine,0,76.0,2666
Guinea Pig,chlorpromazine,0,88.67,2667
Guinea Pig,chlorpromazine,0,101.33,2668
Guinea Pig,chlorpromazine,0,114.0,2669
Guinea Pig,chlorpromazine,1,0.0,2670
Guinea Pig,chlorpromazine,1,12.67,2671
Guinea Pig,chlorpromazine,1,25.33,2672
Guinea Pig,chlorpromazine,1,38.0,2673
Guinea Pig,chlorpromazine,1,50.67,2674
Guinea Pig,chlorpromazine,1,63.33,2675
Guinea Pig,chlorpromazine,1,76.0,2676
Guinea Pig,chlorpromazine,1,88.67,2677
Guinea Pig,chlorpromazine,1,101.33,2678
Guinea Pig,chlorpromazine,1,114.0,2679
Guinea Pig,chlorpromazine,2,0.0,2680
Guinea Pig,chlorpromazine,2,12.67,2681
Guinea Pig,chlorpromazine,2,25.33,2682
Guinea Pig,chlorpromazine,2,38.0,2683
Guinea Pig,chlorpromazine,2,50.67,2684
Guinea Pig,chlorpromazine,2,63.33,2685
Guinea Pig,chlorpromazine,2,76.0,2686
Guinea Pig,chlorpromazine,2,88.67,2687
Guinea Pig,chlorpromazine,2,101.33,2688
Guinea Pig,chlorpromazine,2,114.0,2689
Guinea Pig,chlorpromazine,3,0.0,2690
Guinea Pig,chlorpromazine,3,12.67,2691
Guinea Pig,chlorpromazine,3,25.33,2692
Guinea Pig,chlorpromazine,3,38.0,2693
Guinea Pig,chlorpromazine,3,50.67,2694
Guinea Pig,chlorpromazine,3,63.33,2695
Guinea Pig,chlorpromazine,3,76.0,2696
Guinea Pig,chlorpromazine,3,88.67,2697
Guinea Pig,chlorpromazine,3,101.33,2698
Guinea Pig,chlorpromazine,3,114.0,2699
Guinea Pig,chlorpromazine,4,0.0,2700
Guinea Pig,chlorpromazine,4,12.67,2701
Guinea Pig,chlorpromazine,4,25.33,2702
Guinea Pig,chlorpromazine,4,38.0,2703
Guinea Pig,chlorpromazine,4,50.67,2704
Guinea Pig,chlorpromazine,4,63.33,2705
Guinea Pig,chlorpromazine,4,76.0,2706
Guinea Pig,chlorpromazine,4,88.67,2707
Guinea Pig,chlorpromazine,4,101.33,2708
Guinea Pig,chlorpromazine,4,114.0,2709
Guinea Pig,chlorpromazine,5,0.0,2710
Guinea Pig,chlorpromazine,5,12.67,2711
Guinea Pig,chlorpromazine,5,25.33,2712
Guinea Pig,chlorpromazine,5,38.0,2713
Guinea Pig,chlorpromazine,5,50.67,2714
Guinea Pig,chlorpromazine,5,63.33,2715
Guinea Pig,chlorpromazine,5,76.0,2716
Guinea Pig,chlorpromazine,5,88.67,2717
Guinea Pig,chlorpromazine,5,101.33,2718
Guinea Pig,chlorpromazine,5,114.0,2719
Guinea Pig,chlorpromazine,6,0.0,2720
Guinea Pig,chlorpromazine,6,12.67,2721
Guinea Pig,chlorpromazine,6,25.33,2722
Guinea Pig,chlorpromazine,6,38.0,2723
Guinea Pig,chlorpromazine,6,50.67,2724
Guinea Pig,chlorpromazine,6,63.33,2725
Guinea Pig,chlorpromazine,6,76.0,2726
Guinea Pig,chlorpromazine,6,88.67,2727
Guinea Pig,chlorpromazine,6,101.33,2728
Guinea Pig,chlorpromazine,6,114.0,2729
Guinea Pig,chlorpromazine,7,0.0,2730
Guinea Pig,chlorpromazine,7,12.67,2731
Guinea Pig,chlorpromazine,7,25.33,2732
Guinea Pig,chlorpromazine,7,38.0,2733
Guinea Pig,chlorpromazine,7,50.67,2734
Guinea Pig,chlorpromazine,7,63.33,2735
Guinea Pig,chlorpromazine,7,76.0,2736
Guinea Pig,chlorpromazine,7,88.67,2737
Guinea Pig,chlorpromazine,7,101.33,2738
Guinea Pig,chlorpromazine,7,114.0,2739
Guinea Pig,chlorpromazine,8,0.0,2740
Guinea Pig,chlorpromazine,8,12.67,2741
Guinea Pig,chlorpromazine,8,25.33,2742
Guinea Pig,chlorpromazine,8,38.0,2743
Guinea Pig,chlorpromazine,8,50.67,2744
Guinea Pig,chlorpromazine,8,63.33,2745
Guinea Pig,chlorpromazine,8,76.0,2746
Guinea Pig,chlorpromazine,8,88.67,2747
Guinea Pig,chlorpromazine,8,101.33,2748
Guinea Pig,chlorpromazine,8,114.0,2749
Guinea Pig,chlorpromazine,9,0.0,2750
Guinea Pig,chlorpromazine,9,12.67,2751
Guinea Pig,chlorpromazine,9,25.33,2752
Guinea Pig,chlorpromazine,9,38.0,2753
Guinea Pig,chlorpromazine,9,50.67,2754
Guinea Pig,chlorpromazine,9,63.33,2755
Guinea Pig,chlorpromazine,9,76.0,2756
Guinea Pig,chlorpromazine,9,88.67,2757
Guinea Pig,chlorpromazine,9,101.33,2758
Guinea Pig,chlorpromazine,9,114.0,2759
Guinea Pig,chlorpromazine,10,0.0,2760
Guinea Pig,chlorpromazine,10,12.67,2761
Guinea Pig,chlorpromazine,10,25.33,2762
Guinea Pig,chlorpromazine,10,38.0,2763
Guinea Pig,chlorpromazine,10,50.67,2764
Guinea Pig,chlorpromazine,10,63.33,2765
Guinea Pig,chlorpromazine,10,76.0,2766
Guinea Pig,chlorpromazine,10,88.67,2767
Guinea Pig,chlorpromazine,10,101.33,2768
Guinea Pig,chlorpromazine,10,114.0,2769
Guinea Pig,chlorpromazine,11,0.0,2770
Guinea Pig,chlorpromazine,11,12.67,2771
Guinea Pig,chlorpromazine,11,25.33,2772
Guinea Pig,chlorpromazine,11,38.0,2773
Guinea Pig,chlorpromazine,11,50.67,2774
Guinea Pig,chlorpromazine,11,63.33,2775
Guinea Pig,chlorpromazine,11,76.0,2776
Guinea Pig,chlorpromazine,11,88.67,2777
Guinea Pig,chlorpromazine,11,101.33,2778
Guinea Pig,chlorpromazine,11,114.0,2779
Guinea Pig,chlorpromazine,13,0.0,2780
Guinea Pig,chlorpromazine,13,12.67,2781
Guinea Pig,chlorpromazine,13,25.33,2782
Guinea Pig,chlorpromazine,13,38.0,2783
Guinea Pig,chlorpromazine,13,50.67,2784
Guinea Pig,chlorpromazine,13,63.33,2785
Guinea Pig,chlorpromazine,13,76.0,2786
Guinea Pig,chlorpromazine,13,88.67,2787
Guinea Pig,chlorpromazine,13,101.33,2788
Guinea Pig,chlorpromazine,13,114.0,2789
Guinea Pig,chlorpromazine,14,0.0,2790
Guinea Pig,chlorpromazine,14,12.67,2791
Guinea Pig,chlorpromazine,14,25.33,2792
Guinea Pig,chlorpromazine,14,38.0,2793
Guinea Pig,chlorpromazine,14,50.67,2794
Guinea Pig,chlorpromazine,14,63.33,2795
Guinea Pig,chlorpromazine,14,76.0,2796
Guinea Pig,chlorpromazine,14,88.67,2797
Guinea Pig,chlorpromazine,14,101.33,2798
Guinea Pig,chlorpromazine,14,114.0,2799
Guinea Pig,chlorpromazine,15,0.0,2800
Guinea Pig,chlorpromazine,15,12.67,2801
Guinea Pig,chlorpromazine,15,25.33,2802
Guinea Pig,chlorpromazine,15,38.0,2803
Guinea Pig,chlorpromazine,15,50.67,2804
Guinea Pig,chlorpromazine,15,63.33,2805
Guinea Pig,chlorpromazine,15,76.0,2806
Guinea Pig,chlorpromazine,15,88.67,2807
Guinea Pig,chlorpromazine,15,101.33,2808
Guinea Pig,chlorpromazine,15,114.0,2809
Guinea Pig,chlorpromazine,16,0.0,2810
Guinea Pig,chlorpromazine,16,12.67,2811
Guinea Pig,chlorpromazine,16,25.33,2812
Guinea Pig,chlorpromazine,16,38.0,2813
Guinea Pig,chlorpromazine,16,50.67,2814
Guinea Pig,chlorpromazine,16,63.33,2815
Guinea Pig,chlorpromazine,16,76.0,2816
Guinea Pig,chlorpromazine,16,88.67,2817
Guinea Pig,chlorpromazine,16,101.33,2818
Guinea Pig,chlorpromazine,16,114.0,2819
Guinea Pig,chlorpromazine,17,0.0,2820
Guinea Pig,chlorpromazine,17,12.67,2821
Guinea Pig,chlorpromazine,17,25.33,2822
Guinea Pig,chlorpromazine,17,38.0,2823
Guinea Pig,chlorpromazine,17,50.67,2824
Guinea Pig,chlorpromazine,17,63.33,2825
Guinea Pig,chlorpromazine,17,76.0,2826
Guinea Pig,chlorpromazine,17,88.67,2827
Guinea Pig,chlorpromazine,17,101.33,2828
Guinea Pig,chlorpromazine,17,114.0,2829
Guinea Pig,chlorpromazine,18,0.0,2830
Guinea Pig,chlorpromazine,18,12.67,2831
Guinea Pig,chlorpromazine,18,25.33,2832
Guinea Pig,chlorpromazine,18,38.0,2833
Guinea Pig,chlorpromazine,18,50.67,2834
Guinea Pig,chlorpromazine,18,63.33,2835
Guinea Pig,chlorpromazine,18,76.0,2836
Guinea Pig,chlorpromazine,18,88.67,2837
Guinea Pig,chlorpromazine,18,101.33,2838
Guinea Pig,chlorpromazine,18,114.0,2839
Guinea Pig,chlorpromazine,20,0.0,2840
Guinea Pig,chlorpromazine,20,12.67,2841
Guinea Pig,chlorpromazine,20,25.33,2842
Guinea Pig,chlorpromazine,20,38.0,2843
Guinea Pig,chlorpromazine,20,50.67,2844
Guinea Pig,chlorpromazine,20,63.33,2845
Guinea Pig,chlorpromazine,20,76.0,2846
Guinea Pig,chlorpromazine,20,88.67,2847
Guinea Pig,chlorpromazine,20,101.33,2848
Guinea Pig,chlorpromazine,20,114.0,2849
Guinea Pig,chlorpromazine,21,0.0,2850
Guinea Pig,chlorpromazine,21,12.67,2851
Guinea Pig,chlorpromazine,21,25.33,2852
Guinea Pig,chlorpromazine,21,38.0,2853
Guinea Pig,chlorpromazine,21,50.67,2854
Guinea Pig,chlorpromazine,21,63.33,2855
Guinea Pig,chlorpromazine,21,76.0,2856
Guinea Pig,chlorpromazine,21,88.67,2857
Guinea Pig,chlorpromazine,21,101.33,2858
Guinea Pig,chlorpromazine,21,114.0,2859
Guinea Pig,chlorpromazine,25,0.0,2860
Guinea Pig,chlorpromazine,25,12.67,2861
Guinea Pig,chlorpromazine,25,25.33,2862
Guinea Pig,chlorpromazine,25,38.0,2863
Guinea Pig,chlorpromazine,25,50.67,2864
Guinea Pig,chlorpromazine,25,63.33,2865
Guinea Pig,chlorpromazine,25,76.0,2866
Guinea Pig,chlorpromazine,25,88.67,2867
Guinea Pig,chlorpromazine,25,101.33,2868
Guinea Pig,chlorpromazine,25,114.0,2869
Guinea Pig,chlorpromazine,27,0.0,2870
Guinea Pig,chlorpromazine,27,12.67,2871
Guinea Pig,chlorpromazine,27,25.33,2872
Guinea Pig,chlorpromazine,27,38.0,2873
Guinea Pig,chlorpromazine,27,50.67,2874
Guinea Pig,chlorpromazine,27,63.33,2875
Guinea Pig,chlorpromazine,27,76.0,2876
Guinea Pig,chlorpromazine,27,88.67,2877
Guinea Pig,chlorpromazine,27,101.33,2878
Guinea Pig,chlorpromazine,27,114.0,2879
Guinea Pig,chlorpromazine,29,0.0,2880
Guinea Pig,chlorpromazine,29,12.67,2881
Guinea Pig,chlorpromazine,29,25.33,2882
Guinea Pig,chlorpromazine,29,38.0,2883
Guinea Pig,chlorpromazine,29,50.67,2884
Guinea Pig,chlorpromazine,29,63.33,2885
Guinea Pig,chlorpromazine,29,76.0,2886
Guinea Pig,chlorpromazine,29,88.67,2887
Guinea Pig,chlorpromazine,29,101.33,2888
Guinea Pig,chlorpromazine,29,114.0,2889
Guinea Pig,cisapride,0,0.0,5050
Guinea Pig,cisapride,0,0.87,5051
Guinea Pig,cisapride,0,1.73,5052
Guinea Pig,cisapride,0,2.6,5053
Guinea Pig,cisapride,0,3.47,5054
Guinea Pig,cisapride,0,4.33,5055
Guinea Pig,cisapride,0,5.2,5056
Guinea Pig,cisapride,0,6.07,5057
Guinea Pig,cisapride,0,6.93,5058
Guinea Pig,cisapride,0,7.8,5059
Guinea Pig,cisapride,1,0.0,5060
Guinea Pig,cisapride,1,0.87,5061
Guinea Pig,cisapride,1,1.73,5062
Guinea Pig,cisapride,1,2.6,5063
Guinea Pig,cisapride,1,3.47,5064
Guinea Pig,cisapride,1,4.33,5065
Guinea Pig,cisapride,1,5.2,5066
Guinea Pig,cisapride,1,6.07,5067
Guinea Pig,cisapride,1,6.93,5068
Guinea Pig,cisapride,1,7.8,5069
Guinea Pig,cisapride,2,0.0,5070
Guinea Pig,cisapride,2,0.87,5071
Guinea Pig,cisapride,2,1.73,5072
Guinea Pig,cisapride,2,2.6,5073
Guinea Pig,cisapride,2,3.47,5074
Guinea Pig,cisapride,2,4.33,5075
Guinea Pig,cisapride,2,5.2,5076
Guinea Pig,cisapride,2,6.07,5077
Guinea Pig,cisapride,2,6.93,5078
Guinea Pig,cisapride,2,7.8,5079
Guinea Pig,cisapride,3,0.0,5080
Guinea Pig,cisapride,3,0.87,5081
Guinea Pig,cisapride,3,1.73,5082
Guinea Pig,cisapride,3,2.6,5083
Guinea Pig,cisapride,3,3.47,5084
Guinea Pig,cisapride,3,4.33,5085
Guinea Pig,cisapride,3,5.2,5086
Guinea Pig,cisapride,3,6.07,5087
Guinea Pig,cisapride,3,6.93,5088
Guinea Pig,cisapride,3,7.8,5089
Guinea Pig,cisapride,4,0.0,5090
Guinea Pig,cisapride,4,0.87,5091
Guinea Pig,cisapride,4,1.73,5092
Guinea Pig,cisapride,4,2.6,5093
Guinea Pig,cisapride,4,3.47,5094
Guinea Pig,cisapride,4,4.33,5095
Guinea Pig,cisapride,4,5.2,5096
Guinea Pig,cisapride,4,6.07,5097
Guinea Pig,cisapride,4,6.93,5098
Guinea Pig,cisapride,4,7.8,5099
Guinea Pig,cisapride,5,0.0,5100
Guinea Pig,cisapride,5,0.87,5101
Guinea Pig,cisapride,5,1.73,5102
Guinea Pig,cisapride,5,2.6,5103
Guinea Pig,cisapride,5,3.47,5104
Guinea Pig,cisapride,5,4.33,5105
Guinea Pig,cisapride,5,5.2,5106
Guinea Pig,cisapride,5,6.07,5107
Guinea Pig,cisapride,5,6.93,5108
Guinea Pig,cisapride,5,7.8,5109
Guinea Pig,cisapride,6,0.0,5110
Guinea Pig,cisapride,6,0.87,5111
Guinea Pig,cisapride,6,1.73,5112
Guinea Pig,cisapride,6,2.6,5113
Guinea Pig,cisapride,6,3.47,5114
Guinea Pig,cisapride,6,4.33,5115
Guinea Pig,cisapride,6,5.2,5116
Guinea Pig,cisapride,6,6.07,5117
Guinea Pig,cisapride,6,6.93,5118
Guinea Pig,cisapride,6,7.8,5119
Guinea Pig,cisapride,7,0.0,5120
Guinea Pig,cisapride,7,0.87,5121
Guinea Pig,cisapride,7,1.73,5122
Guinea Pig,cisapride,7,2.6,5123
Guinea Pig,cisapride,7,3.47,5124
Guinea Pig,cisapride,7,4.33,5125
Guinea Pig,cisapride,7,5.2,5126
Guinea Pig,cisapride,7,6.07,5127
Guinea Pig,cisapride,7,6.93,5128
Guinea Pig,cisapride,7,7.8,5129
Guinea Pig,cisapride,8,0.0,5130
Guinea Pig,cisapride,8,0.87,5131
Guinea Pig,cisapride,8,1.73,5132
Guinea Pig,cisapride,8,2.6,5133
Guinea Pig,cisapride,8,3.47,5134
Guinea Pig,cisapride,8,4.33,5135
Guinea Pig,cisapride,8,5.2,5136
Guinea Pig,cisapride,8,6.07,5137
Guinea Pig,cisapride,8,6.93,5138
Guinea Pig,cisapride,8,7.8,5139
Guinea Pig,cisapride,9,0.0,5140
Guinea Pig,cisapride,9,0.87,5141
Guinea Pig,cisapride,9,1.73,5142
Guinea Pig,cisapride,9,2.6,5143
Guinea Pig,cisapride,9,3.47,5144
Guinea Pig,cisapride,9,4.33,5145
Guinea Pig,cisapride,9,5.2,5146
Guinea Pig,cisapride,9,6.07,5147
Guinea Pig,cisapride,9,6.93,5148
Guinea Pig,cisapride,9,7.8,5149
Guinea Pig,cisapride,10,0.0,5150
Guinea Pig,cisapride,10,0.87,5151
Guinea Pig,cisapride,10,1.73,5152
Guinea Pig,cisapride,10,2.6,5153
Guinea Pig,cisapride,10,3.47,5154
Guinea Pig,cisapride,10,4.33,5155
Guinea Pig,cisapride,10,5.2,5156
Guinea Pig,cisapride,10,6.07,5157
Guinea Pig,cisapride,10,6.93,5158
Guinea Pig,cisapride,10,7.8,5159
Guinea Pig,cisapride,11,0.0,5160
Guinea Pig,cisapride,11,0.87,5161
Guinea Pig,cisapride,11,1.73,5162
Guinea Pig,cisapride,11,2.6,5163
Guinea Pig,cisapride,11,3.47,5164
Guinea Pig,cisapride,11,4.33,5165
Guinea Pig,cisapride,11,5.2,5166
Guinea Pig,cisapride,11,6.07,5167
Guinea Pig,cisapride,11,6.93,5168
Guinea Pig,cisapride,11,7.8,5169
Guinea Pig,cisapride,13,0.0,5170
Guinea Pig,cisapride,13,0.87,5171
Guinea Pig,cisapride,13,1.73,5172
Guinea Pig,cisapride,13,2.6,5173
Guinea Pig,cisapride,13,3.47,5174
Guinea Pig,cisapride,13,4.33,5175
Guinea Pig,cisapride,13,5.2,5176
Guinea Pig,cisapride,13,6.07,5177
Guinea Pig,cisapride,13,6.93,5178
Guinea Pig,cisapride,13,7.8,5179
Guinea Pig,cisapride,14,0.0,5180
Guinea Pig,cisapride,14,0.87,5181
Guinea Pig,cisapride,14,1.73,5182
Guinea Pig,cisapride,14,2.6,5183
Guinea Pig,cisapride,14,3.47,5184
Guinea Pig,cisapride,14,4.33,5185
Guinea Pig,cisapride,14,5.2,5186
Guinea Pig,cisapride,14,6.07,5187
Guinea Pig,cisapride,14,6.93,5188
Guinea Pig,cisapride,14,7.8,5189
Guinea Pig,cisapride,15,0.0,5190
Guinea Pig,cisapride,15,0.87,5191
Guinea Pig,cisapride,15,1.73,5192
Guinea Pig,cisapride,15,2.6,5193
Guinea Pig,cisapride,15,3.47,5194
Guinea Pig,cisapride,15,4.33,5195
Guinea Pig,cisapride,15,5.2,5196
Guinea Pig,cisapride,15,6.07,5197
Guinea Pig,cisapride,15,6.93,5198
Guinea Pig,cisapride,15,7.8,5199
Guinea Pig,cisapride,16,0.0,5200
Guinea Pig,cisapride,16,0.87,5201
Guinea Pig,cisapride,16,1.73,5202
Guinea Pig,cisapride,16,2.6,5203
Guinea Pig,cisapride,16,3.47,5204
Guinea Pig,cisapride,16,4.33,5205
Guinea Pig,cisapride,16,5.2,5206
Guinea Pig,cisapride,16,6.07,5207
Guinea Pig,cisapride,16,6.93,5208
Guinea Pig,cisapride,16,7.8,5209
Guinea Pig,cisapride,17,0.0,5210
Guinea Pig,cisapride,17,0.87,5211
Guinea Pig,cisapride,17,1.73,5212
Guinea Pig,cisapride,17,2.6,5213
Guinea Pig,cisapride,17,3.47,5214
Guinea Pig,cisapride,17,4.33,5215
Guinea Pig,cisapride,17,5.2,5216
Guinea Pig,cisapride,17,6.07,5217
Guinea Pig,cisapride,17,6.93,5218
Guinea Pig,cisapride,17,7.8,5219
Guinea Pig,cisapride,18,0.0,5220
Guinea Pig,cisapride,18,0.87,5221
Guinea Pig,cisapride,18,1.73,5222
Guinea Pig,cisapride,18,2.6,5223
Guinea Pig,cisapride,18,3.47,5224
Guinea Pig,cisapride,18,4.33,5225
Guinea Pig,cisapride,18,5.2,5226
Guinea Pig,cisapride,18,6.07,5227
Guinea Pig,cisapride,18,6.93,5228
Guinea Pig,cisapride,18,7.8,5229
Guinea Pig,cisapride,20,0.0,5230
Guinea Pig,cisapride,20,0.87,5231
Guinea Pig,cisapride,20,1.73,5232
Guinea Pig,cisapride,20,2.6,5233
Guinea Pig,cisapride,20,3.47,5234
Guinea Pig,cisapride,20,4.33,5235
Guinea Pig,cisapride,20,5.2,5236
Guinea Pig,cisapride,20,6.07,5237
Guinea Pig,cisapride,20,6.93,5238
Guinea Pig,cisapride,20,7.8,5239
Guinea Pig,cisapride,21,0.0,5240
Guinea Pig,cisapride,21,0.87,5241
Guinea Pig,cisapride,21,1.73,5242
Guinea Pig,cisapride,21,2.6,5243
Guinea Pig,cisapride,21,3.47,5244
Guinea Pig,cisapride,21,4.33,5245
Guinea Pig,cisapride,21,5.2,5246
Guinea Pig,cisapride,21,6.07,5247
Guinea Pig,cisapride,21,6.93,5248
Guinea Pig,cisapride,21,7.8,5249
Guinea Pig,cisapride,25,0.0,5250
Guinea Pig,cisapride,25,0.87,5251
Guinea Pig,cisapride,25,1.73,5252
Guinea Pig,cisapride,25,2.6,5253
Guinea Pig,cisapride,25,3.47,5254
Guinea Pig,cisapride,25,4.33,5255
Guinea Pig,cisapride,25,5.2,5256
Guinea Pig,cisapride,25,6.07,5257
Guinea Pig,cisapride,25,6.93,5258
Guinea Pig,cisapride,25,7.8,5259
Guinea Pig,cisapride,27,0.0,5260
Guinea Pig,cisapride,27,0.87,5261
Guinea Pig,cisapride,27,1.73,5262
Guinea Pig,cisapride,27,2.6,5263
Guinea Pig,cisapride,27,3.47,5264
Guinea Pig,cisapride,27,4.33,5265
Guinea Pig,cisapride,27,5.2,5266
Guinea Pig,cisapride,27,6.07,5267
Guinea Pig,cisapride,27,6.93,5268
Guinea Pig,cisapride,27,7.8,5269
Guinea Pig,cisapride,29,0.0,5270
Guinea Pig,cisapride,29,0.87,5271
Guinea Pig,cisapride,29,1.73,5272
Guinea Pig,cisapride,29,2.6,5273
Guinea Pig,cisapride,29,3.47,5274
Guinea Pig,cisapride,29,4.33,5275
Guinea Pig,cisapride,29,5.2,5276
Guinea Pig,cisapride,29,6.07,5277
Guinea Pig,cisapride,29,6.93,5278
Guinea Pig,cisapride,29,7.8,5279
Guinea Pig,diltiazem,0,0.0,7370
Guinea Pig,diltiazem,0,40.67,7371
Guinea Pig,diltiazem,0,81.33,7372
Guinea Pig,diltiazem,0,122.0,7373
Guinea Pig,diltiazem,0,162.67,7374
Guinea Pig,diltiazem,0,203.33,7375
Guinea Pig,diltiazem,0,244.0,7376
Guinea Pig,diltiazem,0,284.67,7377
Guinea Pig,diltiazem,0,325.33,7378
Guinea Pig,diltiazem,0,366.0,7379
Guinea Pig,diltiazem,1,0.0,7380
Guinea Pig,diltiazem,1,40.67,7381
Guinea Pig,diltiazem,1,81.33,7382
Guinea Pig,diltiazem,1,122.0,7383
Guinea Pig,diltiazem,1,162.67,7384
Guinea Pig,diltiazem,1,203.33,7385
Guinea Pig,diltiazem,1,244.0,7386
Guinea Pig,diltiazem,1,284.67,7387
Guinea Pig,diltiazem,1,325.33,7388
Guinea Pig,diltiazem,1,366.0,7389
Guinea Pig,diltiazem,2,0.0,7390
Guinea Pig,diltiazem,2,40.67,7391
Guinea Pig,diltiazem,2,81.33,7392
Guinea Pig,diltiazem,2,122.0,7393
Guinea Pig,diltiazem,2,162.67,7394
Guinea Pig,diltiazem,2,203.33,7395
Guinea Pig,diltiazem,2,244.0,7396
Guinea Pig,diltiazem,2,284.67,7397
Guinea Pig,diltiazem,2,325.33,7398
Guinea Pig,diltiazem,2,366.0,7399
Guinea Pig,diltiazem,3,0.0,7400
Guinea Pig,diltiazem,3,40.67,7401
Guinea Pig,diltiazem,3,81.33,7402
Guinea Pig,diltiazem,3,122.0,7403
Guinea Pig,diltiazem,3,162.67,7404
Guinea Pig,diltiazem,3,203.33,7405
Guinea Pig,diltiazem,3,244.0,7406
Guinea Pig,diltiazem,3,284.67,7407
Guinea Pig,diltiazem,3,325.33,7408
Guinea Pig,diltiazem,3,366.0,7409
Guinea Pig,diltiazem,4,0.0,7410
Guinea Pig,diltiazem,4,40.67,7411
Guinea Pig,diltiazem,4,81.33,7412
Guinea Pig,diltiazem,4,122.0,7413
Guinea Pig,diltiazem,4,162.67,7414
Guinea Pig,diltiazem,4,203.33,7415
Guinea Pig,diltiazem,4,244.0,7416
Guinea Pig,diltiazem,4,284.67,7417
Guinea Pig,diltiazem,4,325.33,7418
Guinea Pig,diltiazem,4,366.0,7419
Guinea Pig,diltiazem,5,0.0,7420
Guinea Pig,diltiazem,5,40.67,7421
Guinea Pig,diltiazem,5,81.33,7422
Guinea Pig,diltiazem,5,122.0,7423
Guinea Pig,diltiazem,5,162.67,7424
Guinea Pig,diltiazem,5,203.33,7425
Guinea Pig,diltiazem,5,244.0,7426
Guinea Pig,diltiazem,5,284.67,7427
Guinea Pig,diltiazem,5,325.33,7428
Guinea Pig,diltiazem,5,366.0,7429
Guinea Pig,diltiazem,6,0.0,7430
Guinea Pig,diltiazem,6,40.67,7431
Guinea Pig,diltiazem,6,81.33,7432
Guinea Pig,diltiazem,6,122.0,7433
Guinea Pig,diltiazem,6,162.67,7434
Guinea Pig,diltiazem,6,203.33,7435
Guinea Pig,diltiazem,6,244.0,7436
Guinea Pig,diltiazem,6,284.67,7437
Guinea Pig,diltiazem,6,325.33,7438
Guinea Pig,diltiazem,6,366.0,7439
Guinea Pig,diltiazem,7,0.0,7440
Guinea Pig,diltiazem,7,40.67,7441
Guinea Pig,diltiazem,7,81.33,7442
Guinea Pig,diltiazem,7,122.0,7443
Guinea Pig,diltiazem,7,162.67,7444
Guinea Pig,diltiazem,7,203.33,7445
Guinea Pig,diltiazem,7,244.0,7446
Guinea Pig,diltiazem,7,284.67,7447
Guinea Pig,diltiazem,7,325.33,7448
Guinea Pig,diltiazem,7,366.0,7449
Guinea Pig,diltiazem,8,0.0,7450
Guinea Pig,diltiazem,8,40.67,7451
Guinea Pig,diltiazem,8,81.33,7452
Guinea Pig,diltiazem,8,122.0,7453
Guinea Pig,diltiazem,8,162.67,7454
Guinea Pig,diltiazem,8,203.33,7455
Guinea Pig,diltiazem,8,244.0,7456
Guinea Pig,diltiazem,8,284.67,7457
Guinea Pig,diltiazem,8,325.33,7458
Guinea Pig,diltiazem,8,366.0,7459
Guinea Pig,diltiazem,10,0.0,7460
Guinea Pig,diltiazem,10,40.67,7461
Guinea Pig,diltiazem,10,81.33,7462
Guinea Pig,diltiazem,10,122.0,7463
Guinea Pig,diltiazem,10,162.67,7464
Guinea Pig,diltiazem,10,203.33,7465
Guinea Pig,diltiazem,10,244.0,7466
Guinea Pig,diltiazem,10,284.67,7467
Guinea Pig,diltiazem,10,325.33,7468
Guinea Pig,diltiazem,10,366.0,7469
Guinea Pig,diltiazem,11,0.0,7470
Guinea Pig,diltiazem,11,40.67,7471
Guinea Pig,diltiazem,11,81.33,7472
Guinea Pig,diltiazem,11,122.0,7473
Guinea Pig,diltiazem,11,162.67,7474
Guinea Pig,diltiazem,11,203.33,7475
Guinea Pig,diltiazem,11,244.0,7476
Guinea Pig,diltiazem,11,284.67,7477
Guinea Pig,diltiazem,11,325.33,7478
Guinea Pig,diltiazem,11,366.0,7479
Guinea Pig,diltiazem,13,0.0,7480
Guinea Pig,diltiazem,13,40.67,7481
Guinea Pig,diltiazem,13,81.33,7482
Guinea Pig,diltiazem,13,122.0,7483
Guinea Pig,diltiazem,13,162.67,7484
Guinea Pig,diltiazem,13,203.33,7485
Guinea Pig,diltiazem,13,244.0,7486
Guinea Pig,diltiazem,13,284.67,7487
Guinea Pig,diltiazem,13,325.33,7488
Guinea Pig,diltiazem,13,366.0,7489
Guinea Pig,diltiazem,14,0.0,7490
Guinea Pig,diltiazem,14,40.67,7491
Guinea Pig,diltiazem,14,81.33,7492
Guinea Pig,diltiazem,14,122.0,7493
Guinea Pig,diltiazem,14,162.67,7494
Guinea Pig,diltiazem,14,203.33,7495
Guinea Pig,diltiazem,14,244.0,7496
Guinea Pig,diltiazem,14,284.67,7497
Guinea Pig,diltiazem,14,325.33,7498
Guinea Pig,diltiazem,14,366.0,7499
Guinea Pig,diltiazem,15,0.0,7500
Guinea Pig,diltiazem,15,40.67,7501
Guinea Pig,diltiazem,15,81.33,7502
Guinea Pig,diltiazem,15,122.0,7503
Guinea Pig,diltiazem,15,162.67,7504
Guinea Pig,diltiazem,15,203.33,7505
Guinea Pig,diltiazem,15,244.0,7506
Guinea Pig,diltiazem,15,284.67,7507
Guinea Pig,diltiazem,15,325.33,7508
Guinea Pig,diltiazem,15,366.0,7509
Guinea Pig,diltiazem,16,0.0,7510
Guinea Pig,diltiazem,16,40.67,7511
Guinea Pig,diltiazem,16,81.33,7512
Guinea Pig,diltiazem,16,122.0,7513
Guinea Pig,diltiazem,16,162.67,7514
Guinea Pig,diltiazem,16,203.33,7515
Guinea Pig,diltiazem,16,244.0,7516
Guinea Pig,diltiazem,16,284.67,7517
Guinea Pig,diltiazem,16,325.33,7518
Guinea Pig,diltiazem,16,366.0,7519
Guinea Pig,diltiazem,17,0.0,7520
Guinea Pig,diltiazem,17,40.67,7521
Guinea Pig,diltiazem,17,81.33,7522
Guinea Pig,diltiazem,17,122.0,7523
Guinea Pig,diltiazem,17,162.67,7524
Guinea Pig,diltiazem,17,203.33,7525
Guinea Pig,diltiazem,17,244.0,7526
Guinea Pig,diltiazem,17,284.67,7527
Guinea Pig,diltiazem,17,325.33,7528
Guinea Pig,diltiazem,17,366.0,7529
Guinea Pig,diltiazem,18,0.0,7530
Guinea Pig,diltiazem,18,40.67,7531
Guinea Pig,diltiazem,18,81.33,7532
Guinea Pig,diltiazem,18,122.0,7533
Guinea Pig,diltiazem,18,162.67,7534
Guinea Pig,diltiazem,18,203.33,7535
Guinea Pig,diltiazem,18,244.0,7536
Guinea Pig,diltiazem,18,284.67,7537
Guinea Pig,diltiazem,18,325.33,7538
Guinea Pig,diltiazem,18,366.0,7539
Guinea Pig,diltiazem,20,0.0,7540
Guinea Pig,diltiazem,20,40.67,7541
Guinea Pig,diltiazem,20,81.33,7542
Guinea Pig,diltiazem,20,122.0,7543
Guinea Pig,diltiazem,20,162.67,7544
Guinea Pig,diltiazem,20,203.33,7545
Guinea Pig,diltiazem,20,244.0,7546
Guinea Pig,diltiazem,20,284.67,7547
Guinea Pig,diltiazem,20,325.33,7548
Guinea Pig,diltiazem,20,366.0,7549
Guinea Pig,diltiazem,21,0.0,7550
Guinea Pig,diltiazem,21,40.67,7551
Guinea Pig,diltiazem,21,81.33,7552
Guinea Pig,diltiazem,21,122.0,7553
Guinea Pig,diltiazem,21,162.67,7554
Guinea Pig,diltiazem,21,203.33,7555
Guinea Pig,diltiazem,21,244.0,7556
Guinea Pig,diltiazem,21,284.67,7557
Guinea Pig,diltiazem,21,325.33,7558
Guinea Pig,diltiazem,21,366.0,7559
Guinea Pig,diltiazem,23,0.0,7560
Guinea Pig,diltiazem,23,40.67,7561
Guinea Pig,diltiazem,23,81.33,7562
Guinea Pig,diltiazem,23,122.0,7563
Guinea Pig,diltiazem,23,162.67,7564
Guinea Pig,diltiazem,23,203.33,7565
Guinea Pig,diltiazem,23,244.0,7566
Guinea Pig,diltiazem,23,284.67,7567
Guinea Pig,diltiazem,23,325.33,7568
Guinea Pig,diltiazem,23,366.0,7569
Guinea Pig,diltiazem,25,0.0,7570
Guinea Pig,diltiazem,25,40.67,7571
Guinea Pig,diltiazem,25,81.33,7572
Guinea Pig,diltiazem,25,122.0,7573
Guinea Pig,diltiazem,25,162.67,7574
Guinea Pig,diltiazem,25,203.33,7575
Guinea Pig,diltiazem,25,244.0,7576
Guinea Pig,diltiazem,25,284.67,7577
Guinea Pig,diltiazem,25,325.33,7578
Guinea Pig,diltiazem,25,366.0,7579
Guinea Pig,diltiazem,27,0.0,7580
Guinea Pig,diltiazem,27,40.67,7581
Guinea Pig,diltiazem,27,81.33,7582
Guinea Pig,diltiazem,27,122.0,7583
Guinea Pig,diltiazem,27,162.67,7584
Guinea Pig,diltiazem,27,203.33,7585
Guinea Pig,diltiazem,27,244.0,7586
Guinea Pig,diltiazem,27,284.67,7587
Guinea Pig,diltiazem,27,325.33,7588
Guinea Pig,diltiazem,27,366.0,7589
Guinea Pig,diltiazem,29,0.0,7590
Guinea Pig,diltiazem,29,40.67,7591
Guinea Pig,diltiazem,29,81.33,7592
Guinea Pig,diltiazem,29,122.0,7593
Guinea Pig,diltiazem,29,162.67,7594
Guinea Pig,diltiazem,29,203.33,7595
Guinea Pig,diltiazem,29,244.0,7596
Guinea Pig,diltiazem,29,284.67,7597
Guinea Pig,diltiazem,29,325.33,7598
Guinea Pig,diltiazem,29,366.0,7599
Guinea Pig,dofetilide,0,0.0,9640
Guinea Pig,dofetilide,0,0.67,9641
Guinea Pig,dofetilide,0,1.33,9642
Guinea Pig,dofetilide,0,2.0,9643
Guinea Pig,dofetilide,0,2.67,9644
Guinea Pig,dofetilide,0,3.33,9645
Guinea Pig,dofetilide,0,4.0,9646
Guinea Pig,dofetilide,0,4.67,9647
Guinea Pig,dofetilide,0,5.33,9648
Guinea Pig,dofetilide,0,6.0,9649
Guinea Pig,dofetilide,1,0.0,9650
Guinea Pig,dofetilide,1,0.67,9651
Guinea Pig,dofetilide,1,1.33,9652
Guinea Pig,dofetilide,1,2.0,9653
Guinea Pig,dofetilide,1,2.67,9654
Guinea Pig,dofetilide,1,3.33,9655
Guinea Pig,dofetilide,1,4.0,9656
Guinea Pig,dofetilide,1,4.67,9657
Guinea Pig,dofetilide,1,5.33,9658
Guinea Pig,dofetilide,1,6.0,9659
Guinea Pig,dofetilide,2,0.0,9660
Guinea Pig,dofetilide,2,0.67,9661
Guinea Pig,dofetilide,2,1.33,9662
Guinea Pig,dofetilide,2,2.0,9663
Guinea Pig,dofetilide,2,2.67,9664
Guinea Pig,dofetilide,2,3.33,9665
Guinea Pig,dofetilide,2,4.0,9666
Guinea Pig,dofetilide,2,4.67,9667
Guinea Pig,dofetilide,2,5.33,9668
Guinea Pig,dofetilide,2,6.0,9669
Guinea Pig,dofetilide,3,0.0,9670
Guinea Pig,dofetilide,3,0.67,9671
Guinea Pig,dofetilide,3,1.33,9672
Guinea Pig,dofetilide,3,2.0,9673
Guinea Pig,dofetilide,3,2.67,9674
Guinea Pig,dofetilide,3,3.33,9675
Guinea Pig,dofetilide,3,4.0,9676
Guinea Pig,dofetilide,3,4.67,9677
Guinea Pig,dofetilide,3,5.33,9678
Guinea Pig,dofetilide,3,6.0,9679
Guinea Pig,dofetilide,4,0.0,9680
Guinea Pig,dofetilide,4,0.67,9681
Guinea Pig,dofetilide,4,1.33,9682
Guinea Pig,dofetilide,4,2.0,9683
Guinea Pig,dofetilide,4,2.67,9684
Guinea Pig,dofetilide,4,3.33,9685
Guinea Pig,dofetilide,4,4.0,9686
Guinea Pig,dofetilide,4,4.67,9687
Guinea Pig,dofetilide,4,5.33,9688
Guinea Pig,dofetilide,4,6.0,9689
Guinea Pig,dofetilide,5,0.0,9690
Guinea Pig,dofetilide,5,0.67,9691
Guinea Pig,dofetilide,5,1.33,9692
Guinea Pig,dofetilide,5,2.0,9693
Guinea Pig,dofetilide,5,2.67,9694
Guinea Pig,dofetilide,5,3.33,9695
Guinea Pig,dofetilide,5,4.0,9696
Guinea Pig,dofetilide,5,4.67,9697
Guinea Pig,dofetilide,5,5.33,9698
Guinea Pig,dofetilide,5,6.0,9699
Guinea Pig,dofetilide,6,0.0,9700
Guinea Pig,dofetilide,6,0.67,9701
Guinea Pig,dofetilide,6,1.33,9702
Guinea Pig,dofetilide,6,2.0,9703
Guinea Pig,dofetilide,6,2.67,9704
Guinea Pig,dofetilide,6,3.33,9705
Guinea Pig,dofetilide,6,4.0,9706
Guinea Pig,dofetilide,6,4.67,9707
Guinea Pig,dofetilide,6,5.33,9708
Guinea Pig,dofetilide,6,6.0,9709
Guinea Pig,dofetilide,7,0.0,9710
Guinea Pig,dofetilide,7,0.67,9711
Guinea Pig,dofetilide,7,1.33,9712
Guinea Pig,dofetilide,7,2.0,9713
Guinea Pig,dofetilide,7,2.67,9714
Guinea Pig,dofetilide,7,3.33,9715
Guinea Pig,dofetilide,7,4.0,9716
Guinea Pig,dofetilide,7,4.67,9717
Guinea Pig,dofetilide,7,5.33,9718
Guinea Pig,dofetilide,7,6.0,9719
Guinea Pig,dofetilide,8,0.0,9720
Guinea Pig,dofetilide,8,0.67,9721
Guinea Pig,dofetilide,8,1.33,9722
Guinea Pig,dofetilide,8,2.0,9723
Guinea Pig,dofetilide,8,2.67,9724
Guinea Pig,dofetilide,8,3.33,9725
Guinea Pig,dofetilide,8,4.0,9726
Guinea Pig,dofetilide,8,4.67,9727
Guinea Pig,dofetilide,8,5.33,9728
Guinea Pig,dofetilide,8,6.0,9729
Guinea Pig,dofetilide,9,0.0,9730
Guinea Pig,dofetilide,9,0.67,9731
Guinea Pig,dofetilide,9,1.33,9732
Guinea Pig,dofetilide,9,2.0,9733
Guinea Pig,dofetilide,9,2.67,9734
Guinea Pig,dofetilide,9,3.33,9735
Guinea Pig,dofetilide,9,4.0,9736
Guinea Pig,dofetilide,9,4.67,9737
Guinea Pig,dofetilide,9,5.33,9738
Guinea Pig,dofetilide,9,6.0,9739
Guinea Pig,dofetilide,10,0.0,9740
Guinea Pig,dofetilide,10,0.67,9741
Guinea Pig,dofetilide,10,1.33,9742
Guinea Pig,dofetilide,10,2.0,9743
Guinea Pig,dofetilide,10,2.67,9744
Guinea Pig,dofetilide,10,3.33,9745
Guinea Pig,dofetilide,10,4.0,9746
Guinea Pig,dofetilide,10,4.67,9747
Guinea Pig,dofetilide,10,5.33,9748
Guinea Pig,dofetilide,10,6.0,9749
Guinea Pig,dofetilide,11,0.0,9750
Guinea Pig,dofetilide,11,0.67,9751
Guinea Pig,dofetilide,11,1.33,9752
Guinea Pig,dofetilide,11,2.0,9753
Guinea Pig,dofetilide,11,2.67,9754
Guinea Pig,dofetilide,11,3.33,9755
Guinea Pig,dofetilide,11,4.0,9756
Guinea Pig,dofetilide,11,4.67,9757
Guinea Pig,dofetilide,11,5.33,9758
Guinea Pig,dofetilide,11,6.0,9759
Guinea Pig,dofetilide,13,0.0,9760
Guinea Pig,dofetilide,13,0.67,9761
Guinea Pig,dofetilide,13,1.33,9762
Guinea Pig,dofetilide,13,2.0,9763
Guinea Pig,dofetilide,13,2.67,9764
Guinea Pig,dofetilide,13,3.33,9765
Guinea Pig,dofetilide,13,4.0,9766
Guinea Pig,dofetilide,13,4.67,9767
Guinea Pig,dofetilide,13,5.33,9768
Guinea Pig,dofetilide,13,6.0,9769
Guinea Pig,dofetilide,14,0.0,9770
Guinea Pig,dofetilide,14,0.67,9771
Guinea Pig,dofetilide,14,1.33,9772
Guinea Pig,dofetilide,14,2.0,9773
Guinea Pig,dofetilide,14,2.67,9774
Guinea Pig,dofetilide,14,3.33,9775
Guinea Pig,dofetilide,14,4.0,9776
Guinea Pig,dofetilide,14,4.67,9777
Guinea Pig,dofetilide,14,5.33,9778
Guinea Pig,dofetilide,14,6.0,9779
Guinea Pig,dofetilide,15,0.0,9780
Guinea Pig,dofetilide,15,0.67,9781
Guinea Pig,dofetilide,15,1.33,9782
Guinea Pig,dofetilide,15,2.0,9783
Guinea Pig,dofetilide,15,2.67,9784
Guinea Pig,dofetilide,15,3.33,9785
Guinea Pig,dofetilide,15,4.0,9786
Guinea Pig,dofetilide,15,4.67,9787
Guinea Pig,dofetilide,15,5.33,9788
Guinea Pig,dofetilide,15,6.0,9789
Guinea Pig,dofetilide,16,0.0,9790
Guinea Pig,dofetilide,16,0.67,9791
Guinea Pig,dofetilide,16,1.33,9792
Guinea Pig,dofetilide,16,2.0,9793
Guinea Pig,dofetilide,16,2.67,9794
Guinea Pig,dofetilide,16,3.33,9795
Guinea Pig,dofetilide,16,4.0,9796
Guinea Pig,dofetilide,16,4.67,9797
Guinea Pig,dofetilide,16,5.33,9798
Guinea Pig,dofetilide,16,6.0,9799
Guinea Pig,dofetilide,17,0.0,9800
Guinea Pig,dofetilide,17,0.67,9801
Guinea Pig,dofetilide,17,1.33,9802
Guinea Pig,dofetilide,17,2.0,9803
Guinea Pig,dofetilide,17,2.67,9804
Guinea Pig,dofetilide,17,3.33,9805
Guinea Pig,dofetilide,17,4.0,9806
Guinea Pig,dofetilide,17,4.67,9807
Guinea Pig,dofetilide,17,5.33,9808
Guinea Pig,dofetilide,17,6.0,9809
Guinea Pig,dofetilide,18,0.0,9810
Guinea Pig,dofetilide,18,0.67,9811
Guinea Pig,dofetilide,18,1.33,9812
Guinea Pig,dofetilide,18,2.0,9813
Guinea Pig,dofetilide,18,2.67,9814
Guinea Pig,dofetilide,18,3.33,9815
Guinea Pig,dofetilide,18,4.0,9816
Guinea Pig,dofetilide,18,4.67,9817
Guinea Pig,dofetilide,18,5.33,9818
Guinea Pig,dofetilide,18,6.0,9819
Guinea Pig,dofetilide,20,0.0,9820
Guinea Pig,dofetilide,20,0.67,9821
Guinea Pig,dofetilide,20,1.33,9822
Guinea Pig,dofetilide,20,2.0,9823
Guinea Pig,dofetilide,20,2.67,9824
Guinea Pig,dofetilide,20,3.33,9825
Guinea Pig,dofetilide,20,4.0,9826
Guinea Pig,dofetilide,20,4.67,9827
Guinea Pig,dofetilide,20,5.33,9828
Guinea Pig,dofetilide,20,6.0,9829
Guinea Pig,dofetilide,21,0.0,9830
Guinea Pig,dofetilide,21,0.67,9831
Guinea Pig,dofetilide,21,1.33,9832
Guinea Pig,dofetilide,21,2.0,9833
Guinea Pig,dofetilide,21,2.67,9834
Guinea Pig,dofetilide,21,3.33,9835
Guinea Pig,dofetilide,21,4.0,9836
Guinea Pig,dofetilide,21,4.67,9837
Guinea Pig,dofetilide,21,5.33,9838
Guinea Pig,dofetilide,21,6.0,9839
Guinea Pig,dofetilide,25,0.0,9840
Guinea Pig,dofetilide,25,0.67,9841
Guinea Pig,dofetilide,25,1.33,9842
Guinea Pig,dofetilide,25,2.0,9843
Guinea Pig,dofetilide,25,2.67,9844
Guinea Pig,dofetilide,25,3.33,9845
Guinea Pig,dofetilide,25,4.0,9846
Guinea Pig,dofetilide,25,4.67,9847
Guinea Pig,dofetilide,25,5.33,9848
Guinea Pig,dofetilide,25,6.0,9849
Guinea Pig,dofetilide,27,0.0,9850
Guinea Pig,dofetilide,27,0.67,9851
Guinea Pig,dofetilide,27,1.33,9852
Guinea Pig,dofetilide,27,2.0,9853
Guinea Pig,dofetilide,27,2.67,9854
Guinea Pig,dofetilide,27,3.33,9855
Guinea Pig,dofetilide,27,4.0,9856
Guinea Pig,dofetilide,27,4.67,9857
Guinea Pig,dofetilide,27,5.33,9858
Guinea Pig,dofetilide,27,6.0,9859
Guinea Pig,dofetilide,29,0.0,9860
Guinea Pig,dofetilide,29,0.67,9861
Guinea Pig,dofetilide,29,1.33,9862
Guinea Pig,dofetilide,29,2.0,9863
Guinea Pig,dofetilide,29,2.67,9864
Guinea Pig,dofetilide,29,3.33,9865
Guinea Pig,dofetilide,29,4.0,9866
Guinea Pig,dofetilide,29,4.67,9867
Guinea Pig,dofetilide,29,5.33,9868
Guinea Pig,dofetilide,29,6.0,9869
Guinea Pig,mexiletine,0,0.0,11900
Guinea Pig,mexiletine,0,1376.33,11901
Guinea Pig,mexiletine,0,2752.67,11902
Guinea Pig,mexiletine,0,4129.0,11903
Guinea Pig,mexiletine,0,5505.33,11904
Guinea Pig,mexiletine,0,6881.67,11905
Guinea Pig,mexiletine,0,8258.0,11906
Guinea Pig,mexiletine,0,9634.33,11907
Guinea Pig,mexiletine,0,11010.67,11908
Guinea Pig,mexiletine,0,12387.0,11909
Guinea Pig,mexiletine,1,0.0,11910
Guinea Pig,mexiletine,1,1376.33,11911
Guinea Pig,mexiletine,1,2752.67,11912
Guinea Pig,mexiletine,1,4129.0,11913
Guinea Pig,mexiletine,1,5505.33,11914
Guinea Pig,mexiletine,1,6881.67,11915
Guinea Pig,mexiletine,1,8258.0,11916
Guinea Pig,mexiletine,1,9634.33,11917
Guinea Pig,mexiletine,1,11010.67,11918
Guinea Pig,mexiletine,1,12387.0,11919
Guinea Pig,mexiletine,2,0.0,11920
Guinea Pig,mexiletine,2,1376.33,11921
Guinea Pig,mexiletine,2,2752.67,11922
Guinea Pig,mexiletine,2,4129.0,11923
Guinea Pig,mexiletine,2,5505.33,11924
Guinea Pig,mexiletine,2,6881.67,11925
Guinea Pig,mexiletine,2,8258.0,11926
Guinea Pig,mexiletine,2,9634.33,11927
Guinea Pig,mexiletine,2,11010.67,11928
Guinea Pig,mexiletine,2,12387.0,11929
Guinea Pig,mexiletine,3,0.0,11930
Guinea Pig,mexiletine,3,1376.33,11931
Guinea Pig,mexiletine,3,2752.67,11932
Guinea Pig,mexiletine,3,4129.0,11933
Guinea Pig,mexiletine,3,5505.33,11934
Guinea Pig,mexiletine,3,6881.67,11935
Guinea Pig,mexiletine,3,8258.0,11936
Guinea Pig,mexiletine,3,9634.33,11937
Guinea Pig,mexiletine,3,11010.67,11938
Guinea Pig,mexiletine,3,12387.0,11939
Guinea Pig,mexiletine,4,0.0,11940
Guinea Pig,mexiletine,4,1376.33,11941
Guinea Pig,mexiletine,4,2752.67,11942
Guinea Pig,mexiletine,4,4129.0,11943
Guinea Pig,mexiletine,4,5505.33,11944
Guinea Pig,mexiletine,4,6881.67,11945
Guinea Pig,mexiletine,4,8258.0,11946
Guinea Pig,mexiletine,4,9634.33,11947
Guinea Pig,mexiletine,4,11010.67,11948
Guinea Pig,mexiletine,4,12387.0,11949
Guinea Pig,mexiletine,5,0.0,11950
Guinea Pig,mexiletine,5,1376.33,11951
Guinea Pig,mexiletine,5,2752.67,11952
Guinea Pig,mexiletine,5,4129.0,11953
Guinea Pig,mexiletine,5,5505.33,11954
Guinea Pig,mexiletine,5,6881.67,11955
Guinea Pig,mexiletine,5,8258.0,11956
Guinea Pig,mexiletine,5,9634.33,11957
Guinea Pig,mexiletine,5,11010.67,11958
Guinea Pig,mexiletine,5,12387.0,11959
Guinea Pig,mexiletine,6,0.0,11960
Guinea Pig,mexiletine,6,1376.33,11961
Guinea Pig,mexiletine,6,2752.67,11962
Guinea Pig,mexiletine,6,4129.0,11963
Guinea Pig,mexiletine,6,5505.33,11964
Guinea Pig,mexiletine,6,6881.67,11965
Guinea Pig,mexiletine,6,8258.0,11966
Guinea Pig,mexiletine,6,9634.33,11967
Guinea Pig,mexiletine,6,11010.67,11968
Guinea Pig,mexiletine,6,12387.0,11969
Guinea Pig,mexiletine,7,0.0,11970
Guinea Pig,mexiletine,7,1376.33,11971
Guinea Pig,mexiletine,7,2752.67,11972
Guinea Pig,mexiletine,7,4129.0,11973
Guinea Pig,mexiletine,7,5505.33,11974
Guinea Pig,mexiletine,7,6881.67,11975
Guinea Pig,mexiletine,7,8258.0,11976
Guinea Pig,mexiletine,7,9634.33,11977
Guinea Pig,mexiletine,7,11010.67,11978
Guinea Pig,mexiletine,7,12387.0,11979
Guinea Pig,mexiletine,8,0.0,11980
Guinea Pig,mexiletine,8,1376.33,11981
Guinea Pig,mexiletine,8,2752.67,11982
Guinea Pig,mexiletine,8,4129.0,11983
Guinea Pig,mexiletine,8,5505.33,11984
Guinea Pig,mexiletine,8,6881.67,11985
Guinea Pig,mexiletine,8,8258.0,11986
Guinea Pig,mexiletine,8,9634.33,11987
Guinea Pig,mexiletine,8,11010.67,11988
Guinea Pig,mexiletine,8,12387.0,11989
Guinea Pig,mexiletine,9,0.0,11990
Guinea Pig,mexiletine,9,1376.33,11991
Guinea Pig,mexiletine,9,2752.67,11992
Guinea Pig,mexiletine,9,4129.0,11993
Guinea Pig,mexiletine,9,5505.33,11994
Guinea Pig,mexiletine,9,6881.67,11995
Guinea Pig,mexiletine,9,8258.0,11996
Guinea Pig,mexiletine,9,9634.33,11997
Guinea Pig,mexiletine,9,11010.67,11998
Guinea Pig,mexiletine,9,12387.0,11999
Guinea Pig,mexiletine,10,0.0,12000
Guinea Pig,mexiletine,10,1376.33,12001
Guinea Pig,mexiletine,10,2752.67,12002
Guinea Pig,mexiletine,10,4129.0,12003
Guinea Pig,mexiletine,10,5505.33,12004
Guinea Pig,mexiletine,10,6881.67,12005
Guinea Pig,mexiletine,10,8258.0,12006
Guinea Pig,mexiletine,10,9634.33,12007
Guinea Pig,mexiletine,10,11010.67,12008
Guinea Pig,mexiletine,10,12387.0,12009
Guinea Pig,mexiletine,11,0.0,12010
Guinea Pig,mexiletine,11,1376.33,12011
Guinea Pig,mexiletine,11,2752.67,12012
Guinea Pig,mexiletine,11,4129.0,12013
Guinea Pig,mexiletine,11,5505.33,12014
Guinea Pig,mexiletine,11,6881.67,12015
Guinea Pig,mexiletine,11,8258.0,12016
Guinea Pig,mexiletine,11,9634.33,12017
Guinea Pig,mexiletine,11,11010.67,12018
Guinea Pig,mexiletine,11,12387.0,12019
Guinea Pig,mexiletine,13,0.0,12020
Guinea Pig,mexiletine,13,1376.33,12021
Guinea Pig,mexiletine,13,2752.67,12022
Guinea Pig,mexiletine,13,4129.0,12023
Guinea Pig,mexiletine,13,5505.33,12024
Guinea Pig,mexiletine,13,6881.67,12025
Guinea Pig,mexiletine,13,8258.0,12026
Guinea Pig,mexiletine,13,9634.33,12027
Guinea Pig,mexiletine,13,11010.67,12028
Guinea Pig,mexiletine,13,12387.0,12029
Guinea Pig,mexiletine,14,0.0,12030
Guinea Pig,mexiletine,14,1376.33,12031
Guinea Pig,mexiletine,14,2752.67,12032
Guinea Pig,mexiletine,14,4129.0,12033
Guinea Pig,mexiletine,14,5505.33,12034
Guinea Pig,mexiletine,14,6881.67,12035
Guinea Pig,mexiletine,14,8258.0,12036
Guinea Pig,mexiletine,14,9634.33,12037
Guinea Pig,mexiletine,14,11010.67,12038
Guinea Pig,mexiletine,14,12387.0,12039
Guinea Pig,mexiletine,15,0.0,12040
Guinea Pig,mexiletine,15,1376.33,12041
Guinea Pig,mexiletine,15,2752.67,12042
Guinea Pig,mexiletine,15,4129.0,12043
Guinea Pig,mexiletine,15,5505.33,12044
Guinea Pig,mexiletine,15,6881.67,12045
Guinea Pig,mexiletine,15,8258.0,12046
Guinea Pig,mexiletine,15,9634.33,12047
Guinea Pig,mexiletine,15,11010.67,12048
Guinea Pig,mexiletine,15,12387.0,12049
Guinea Pig,mexiletine,16,0.0,12050
Guinea Pig,mexiletine,16,1376.33,12051
Guinea Pig,mexiletine,16,2752.67,12052
Guinea Pig,mexiletine,16,4129.0,12053
Guinea Pig,mexiletine,16,5505.33,12054
Guinea Pig,mexiletine,16,6881.67,12055
Guinea Pig,mexiletine,16,8258.0,12056
Guinea Pig,mexiletine,16,9634.33,12057
Guinea Pig,mexiletine,16,11010.67,12058
Guinea Pig,mexiletine,16,12387.0,12059
Guinea Pig,mexiletine,17,0.0,12060
Guinea Pig,mexiletine,17,1376.33,12061
Guinea Pig,mexiletine,17,2752.67,12062
Guinea Pig,mexiletine,17,4129.0,12063
Guinea Pig,mexiletine,17,5505.33,12064
Guinea Pig,mexiletine,17,6881.67,12065
Guinea Pig,mexiletine,17,8258.0,12066
Guinea Pig,mexiletine,17,9634.33,12067
Guinea Pig,mexiletine,17,11010.67,12068
Guinea Pig,mexiletine,17,12387.0,12069
Guinea Pig,mexiletine,18,0.0,12070
Guinea Pig,mexiletine,18,1376.33,12071
Guinea Pig,mexiletine,18,2752.67,12072
Guinea Pig,mexiletine,18,4129.0,12073
Guinea Pig,mexiletine,18,5505.33,12074
Guinea Pig,mexiletine,18,6881.67,12075
Guinea Pig,mexiletine,18,8258.0,12076
Guinea Pig,mexiletine,18,9634.33,12077
Guinea Pig,mexiletine,18,11010.67,12078
Guinea Pig,mexiletine,18,12387.0,12079
Guinea Pig,mexiletine,20,0.0,12080
Guinea Pig,mexiletine,20,1376.33,12081
Guinea Pig,mexiletine,20,2752.67,12082
Guinea Pig,mexiletine,20,4129.0,12083
Guinea Pig,mexiletine,20,5505.33,12084
Guinea Pig,mexiletine,20,6881.67,12085
Guinea Pig,mexiletine,20,8258.0,12086
Guinea Pig,mexiletine,20,9634.33,12087
Guinea Pig,mexiletine,20,11010.67,12088
Guinea Pig,mexiletine,20,12387.0,12089
Guinea Pig,mexiletine,21,0.0,12090
Guinea Pig,mexiletine,21,1376.33,12091
Guinea Pig,mexiletine,21,2752.67,12092
Guinea Pig,mexiletine,21,4129.0,12093
Guinea Pig,mexiletine,21,5505.33,12094
Guinea Pig,mexiletine,21,6881.67,12095
Guinea Pig,mexiletine,21,8258.0,12096
Guinea Pig,mexiletine,21,9634.33,12097
Guinea Pig,mexiletine,21,11010.67,12098
Guinea Pig,mexiletine,21,12387.0,12099
Guinea Pig,mexiletine,25,0.0,12100
Guinea Pig,mexiletine,25,1376.33,12101
Guinea Pig,mexiletine,25,2752.67,12102
Guinea Pig,mexiletine,25,4129.0,12103
Guinea Pig,mexiletine,25,5505.33,12104
Guinea Pig,mexiletine,25,6881.67,12105
Guinea Pig,mexiletine,25,8258.0,12106
Guinea Pig,mexiletine,25,9634.33,12107
Guinea Pig,mexiletine,25,11010.67,12108
Guinea Pig,mexiletine,25,12387.0,12109
Guinea Pig,mexiletine,27,0.0,12110
Guinea Pig,mexiletine,27,1376.33,12111
Guinea Pig,mexiletine,27,2752.67,12112
Guinea Pig,mexiletine,27,4129.0,12113
Guinea Pig,mexiletine,27,5505.33,12114
Guinea Pig,mexiletine,27,6881.67,12115
Guinea Pig,mexiletine,27,8258.0,12116
Guinea Pig,mexiletine,27,9634.33,12117
Guinea Pig,mexiletine,27,11010.67,12118
Guinea Pig,mexiletine,27,12387.0,12119
Guinea Pig,mexiletine,29,0.0,12120
Guinea Pig,mexiletine,29,1376.33,12121
Guinea Pig,mexiletine,29,2752.67,12122
Guinea Pig,mexiletine,29,4129.0,12123
Guinea Pig,mexiletine,29,5505.33,12124
Guinea Pig,mexiletine,29,6881.67,12125
Guinea Pig,mexiletine,29,8258.0,12126
Guinea Pig,mexiletine,29,9634.33,12127
Guinea Pig,mexiletine,29,11010.67,12128
Guinea Pig,mexiletine,29,12387.0,12129
Guinea Pig,ondansetron,0,0.0,14190
Guinea Pig,ondansetron,0,46.33,14191
Guinea Pig,ondansetron,0,92.67,14192
Guinea Pig,ondansetron,0,139.0,14193
Guinea Pig,ondansetron,0,185.33,14194
Guinea Pig,ondansetron,0,231.67,14195
Guinea Pig,ondansetron,0,278.0,14196
Guinea Pig,ondansetron,0,324.33,14197
Guinea Pig,ondansetron,0,370.67,14198
Guinea Pig,ondansetron,0,417.0,14199
Guinea Pig,ondansetron,1,0.0,14200
Guinea Pig,ondansetron,1,46.33,14201
Guinea Pig,ondansetron,1,92.67,14202
Guinea Pig,ondansetron,1,139.0,14203
Guinea Pig,ondansetron,1,185.33,14204
Guinea Pig,ondansetron,1,231.67,14205
Guinea Pig,ondansetron,1,278.0,14206
Guinea Pig,ondansetron,1,324.33,14207
Guinea Pig,ondansetron,1,370.67,14208
Guinea Pig,ondansetron,1,417.0,14209
Guinea Pig,ondansetron,2,0.0,14210
Guinea Pig,ondansetron,2,46.33,14211
Guinea Pig,ondansetron,2,92.67,14212
Guinea Pig,ondansetron,2,139.0,14213
Guinea Pig,ondansetron,2,185.33,14214
Guinea Pig,ondansetron,2,231.67,14215
Guinea Pig,ondansetron,2,278.0,14216
Guinea Pig,ondansetron,2,324.33,14217
Guinea Pig,ondansetron,2,370.67,14218
Guinea Pig,ondansetron,2,417.0,14219
Guinea Pig,ondansetron,3,0.0,14220
Guinea Pig,ondansetron,3,46.33,14221
Guinea Pig,ondansetron,3,92.67,14222
Guinea Pig,ondansetron,3,139.0,14223
Guinea Pig,ondansetron,3,185.33,14224
Guinea Pig,ondansetron,3,231.67,14225
Guinea Pig,ondansetron,3,278.0,14226
Guinea Pig,ondansetron,3,324.33,14227
Guinea Pig,ondansetron,3,370.67,14228
Guinea Pig,ondansetron,3,417.0,14229
Guinea Pig,ondansetron,4,0.0,14230
Guinea Pig,ondansetron,4,46.33,14231
Guinea Pig,ondansetron,4,92.67,14232
Guinea Pig,ondansetron,4,139.0,14233
Guinea Pig,ondansetron,4,185.33,14234
Guinea Pig,ondansetron,4,231.67,14235
Guinea Pig,ondansetron,4,278.0,14236
Guinea Pig,ondansetron,4,324.33,14237
Guinea Pig,ondansetron,4,370.67,14238
Guinea Pig,ondansetron,4,417.0,14239
Guinea Pig,ondansetron,5,0.0,14240
Guinea Pig,ondansetron,5,46.33,14241
Guinea Pig,ondansetron,5,92.67,14242
Guinea Pig,ondansetron,5,139.0,14243
Guinea Pig,ondansetron,5,185.33,14244
Guinea Pig,ondansetron,5,231.67,14245
Guinea Pig,ondansetron,5,278.0,14246
Guinea Pig,ondansetron,5,324.33,14247
Guinea Pig,ondansetron,5,370.67,14248
Guinea Pig,ondansetron,5,417.0,14249
Guinea Pig,ondansetron,6,0.0,14250
Guinea Pig,ondansetron,6,46.33,14251
Guinea Pig,ondansetron,6,92.67,14252
Guinea Pig,ondansetron,6,139.0,14253
Guinea Pig,ondansetron,6,185.33,14254
Guinea Pig,ondansetron,6,231.67,14255
Guinea Pig,ondansetron,6,278.0,14256
Guinea Pig,ondansetron,6,324.33,14257
Guinea Pig,ondansetron,6,370.67,14258
Guinea Pig,ondansetron,6,417.0,14259
Guinea Pig,ondansetron,7,0.0,14260
Guinea Pig,ondansetron,7,46.33,14261
Guinea Pig,ondansetron,7,92.67,14262
Guinea Pig,ondansetron,7,139.0,14263
Guinea Pig,ondansetron,7,185.33,14264
Guinea Pig,ondansetron,7,231.67,14265
Guinea Pig,ondansetron,7,278.0,14266
Guinea Pig,ondansetron,7,324.33,14267
Guinea Pig,ondansetron,7,370.67,14268
Guinea Pig,ondansetron,7,417.0,14269
Guinea Pig,ondansetron,8,0.0,14270
Guinea Pig,ondansetron,8,46.33,14271
Guinea Pig,ondansetron,8,92.67,14272
Guinea Pig,ondansetron,8,139.0,14273
Guinea Pig,ondansetron,8,185.33,14274
Guinea Pig,ondansetron,8,231.67,14275
Guinea Pig,ondansetron,8,278.0,14276
Guinea Pig,ondansetron,8,324.33,14277
Guinea Pig,ondansetron,8,370.67,14278
Guinea Pig,ondansetron,8,417.0,14279
Guinea Pig,ondansetron,9,0.0,14280
Guinea Pig,ondansetron,9,46.33,14281
Guinea Pig,ondansetron,9,92.67,14282
Guinea Pig,ondansetron,9,139.0,14283
Guinea Pig,ondansetron,9,185.33,14284
Guinea Pig,ondansetron,9,231.67,14285
Guinea Pig,ondansetron,9,278.0,14286
Guinea Pig,ondansetron,9,324.33,14287
Guinea Pig,ondansetron,9,370.67,14288
Guinea Pig,ondansetron,9,417.0,14289
Guinea Pig,ondansetron,10,0.0,14290
Guinea Pig,ondansetron,10,46.33,14291
Guinea Pig,ondansetron,10,92.67,14292
Guinea Pig,ondansetron,10,139.0,14293
Guinea Pig,ondansetron,10,185.33,14294
Guinea Pig,ondansetron,10,231.67,14295
Guinea Pig,ondansetron,10,278.0,14296
Guinea Pig,ondansetron,10,324.33,14297
Guinea Pig,ondansetron,10,370.67,14298
Guinea Pig,ondansetron,10,417.0,14299
Guinea Pig,ondansetron,11,0.0,14300
Guinea Pig,ondansetron,11,46.33,14301
Guinea Pig,ondansetron,11,92.67,14302
Guinea Pig,ondansetron,11,139.0,14303
Guinea Pig,ondansetron,11,185.33,14304
Guinea Pig,ondansetron,11,231.67,14305
Guinea Pig,ondansetron,11,278.0,14306
Guinea Pig,ondansetron,11,324.33,14307
Guinea Pig,ondansetron,11,370.67,14308
Guinea Pig,ondansetron,11,417.0,14309
Guinea Pig,ondansetron,13,0.0,14310
Guinea Pig,ondansetron,13,46.33,14311
Guinea Pig,ondansetron,13,92.67,14312
Guinea Pig,ondansetron,13,139.0,14313
Guinea Pig,ondansetron,13,185.33,14314
Guinea Pig,ondansetron,13,231.67,14315
Guinea Pig,ondansetron,13,278.0,14316
Guinea Pig,ondansetron,13,324.33,14317
Guinea Pig,ondansetron,13,370.67,14318
Guinea Pig,ondansetron,13,417.0,14319
Guinea Pig,ondansetron,14,0.0,14320
Guinea Pig,ondansetron,14,46.33,14321
Guinea Pig,ondansetron,14,92.67,14322
Guinea Pig,ondansetron,14,139.0,14323
Guinea Pig,ondansetron,14,185.33,14324
Guinea Pig,ondansetron,14,231.67,14325
Guinea Pig,ondansetron,14,278.0,14326
Guinea Pig,ondansetron,14,324.33,14327
Guinea Pig,ondansetron,14,370.67,14328
Guinea Pig,ondansetron,14,417.0,14329
Guinea Pig,ondansetron,15,0.0,14330
Guinea Pig,ondansetron,15,46.33,14331
Guinea Pig,ondansetron,15,92.67,14332
Guinea Pig,ondansetron,15,139.0,14333
Guinea Pig,ondansetron,15,185.33,14334
Guinea Pig,ondansetron,15,231.67,14335
Guinea Pig,ondansetron,15,278.0,14336
Guinea Pig,ondansetron,15,324.33,14337
Guinea Pig,ondansetron,15,370.67,14338
Guinea Pig,ondansetron,15,417.0,14339
Guinea Pig,ondansetron,16,0.0,14340
Guinea Pig,ondansetron,16,46.33,14341
Guinea Pig,ondansetron,16,92.67,14342
Guinea Pig,ondansetron,16,139.0,14343
Guinea Pig,ondansetron,16,185.33,14344
Guinea Pig,ondansetron,16,231.67,14345
Guinea Pig,ondansetron,16,278.0,14346
Guinea Pig,ondansetron,16,324.33,14347
Guinea Pig,ondansetron,16,370.67,14348
Guinea Pig,ondansetron,16,417.0,14349
Guinea Pig,ondansetron,17,0.0,14350
Guinea Pig,ondansetron,17,46.33,14351
Guinea Pig,ondansetron,17,92.67,14352
Guinea Pig,ondansetron,17,139.0,14353
Guinea Pig,ondansetron,17,185.33,14354
Guinea Pig,ondansetron,17,231.67,14355
Guinea Pig,ondansetron,17,278.0,14356
Guinea Pig,ondansetron,17,324.33,14357
Guinea Pig,ondansetron,17,370.67,14358
Guinea Pig,ondansetron,17,417.0,14359
Guinea Pig,ondansetron,18,0.0,14360
Guinea Pig,ondansetron,18,46.33,14361
Guinea Pig,ondansetron,18,92.67,14362
Guinea Pig,ondansetron,18,139.0,14363
Guinea Pig,ondansetron,18,185.33,14364
Guinea Pig,ondansetron,18,231.67,14365
Guinea Pig,ondansetron,18,278.0,14366
Guinea Pig,ondansetron,18,324.33,14367
Guinea Pig,ondansetron,18,370.67,14368
Guinea Pig,ondansetron,18,417.0,14369
Guinea Pig,ondansetron,20,0.0,14370
Guinea Pig,ondansetron,20,46.33,14371
Guinea Pig,ondansetron,20,92.67,14372
Guinea Pig,ondansetron,20,139.0,14373
Guinea Pig,ondansetron,20,185.33,14374
Guinea Pig,ondansetron,20,231.67,14375
Guinea Pig,ondansetron,20,278.0,14376
Guinea Pig,ondansetron,20,324.33,14377
Guinea Pig,ondansetron,20,370.67,14378
Guinea Pig,ondansetron,20,417.0,14379
Guinea Pig,ondansetron,21,0.0,14380
Guinea Pig,ondansetron,21,46.33,14381
Guinea Pig,ondansetron,21,92.67,14382
Guinea Pig,ondansetron,21,139.0,14383
Guinea Pig,ondansetron,21,185.33,14384
Guinea Pig,ondansetron,21,231.67,14385
Guinea Pig,ondansetron,21,278.0,14386
Guinea Pig,ondansetron,21,324.33,14387
Guinea Pig,ondansetron,21,370.67,14388
Guinea Pig,ondansetron,21,417.0,14389
Guinea Pig,ondansetron,25,0.0,14390
Guinea Pig,ondansetron,25,46.33,14391
Guinea Pig,ondansetron,25,92.67,14392
Guinea Pig,ondansetron,25,139.0,14393
Guinea Pig,ondansetron,25,185.33,14394
Guinea Pig,ondansetron,25,231.67,14395
Guinea Pig,ondansetron,25,278.0,14396
Guinea Pig,ondansetron,25,324.33,14397
Guinea Pig,ondansetron,25,370.67,14398
Guinea Pig,ondansetron,25,417.0,14399
Guinea Pig,ondansetron,27,0.0,14400
Guinea Pig,ondansetron,27,46.33,14401
Guinea Pig,ondansetron,27,92.67,14402
Guinea Pig,ondansetron,27,139.0,14403
Guinea Pig,ondansetron,27,185.33,14404
Guinea Pig,ondansetron,27,231.67,14405
Guinea Pig,ondansetron,27,278.0,14406
Guinea Pig,ondansetron,27,324.33,14407
Guinea Pig,ondansetron,27,370.67,14408
Guinea Pig,ondansetron,27,417.0,14409
Guinea Pig,ondansetron,29,0.0,14410
Guinea Pig,ondansetron,29,92.67,14411
Guinea Pig,ondansetron,29,139.0,14412
Guinea Pig,ondansetron,29,185.33,14413
Guinea Pig,ondansetron,29,231.67,14414
Guinea Pig,ondansetron,29,278.0,14415
Guinea Pig,ondansetron,29,324.33,14416
Guinea Pig,ondansetron,29,370.67,14417
Guinea Pig,ondansetron,29,417.0,14418
Guinea Pig,ranolazine,0,0.0,18429
Guinea Pig,ranolazine,0,649.4,18430
Guinea Pig,ranolazine,0,1298.8,18431
Guinea Pig,ranolazine,0,1948.2,18432
Guinea Pig,ranolazine,0,2597.6,18433
Guinea Pig,ranolazine,0,3247.0,18434
Guinea Pig,ranolazine,0,3896.4,18435
Guinea Pig,ranolazine,0,4545.8,18436
Guinea Pig,ranolazine,0,5195.2,18437
Guinea Pig,ranolazine,0,5844.6,18438
Guinea Pig,ranolazine,1,0.0,18439
Guinea Pig,ranolazine,1,649.4,18440
Guinea Pig,ranolazine,1,1298.8,18441
Guinea Pig,ranolazine,1,1948.2,18442
Guinea Pig,ranolazine,1,2597.6,18443
Guinea Pig,ranolazine,1,3247.0,18444
Guinea Pig,ranolazine,1,3896.4,18445
Guinea Pig,ranolazine,1,4545.8,18446
Guinea Pig,ranolazine,1,5195.2,18447
Guinea Pig,ranolazine,1,5844.6,18448
Guinea Pig,ranolazine,2,0.0,18449
Guinea Pig,ranolazine,2,649.4,18450
Guinea Pig,ranolazine,2,1298.8,18451
Guinea Pig,ranolazine,2,1948.2,18452
Guinea Pig,ranolazine,2,2597.6,18453
Guinea Pig,ranolazine,2,3247.0,18454
Guinea Pig,ranolazine,2,3896.4,18455
Guinea Pig,ranolazine,2,4545.8,18456
Guinea Pig,ranolazine,2,5195.2,18457
Guinea Pig,ranolazine,2,5844.6,18458
Guinea Pig,ranolazine,3,0.0,18459
Guinea Pig,ranolazine,3,649.4,18460
Guinea Pig,ranolazine,3,1298.8,18461
Guinea Pig,ranolazine,3,1948.2,18462
Guinea Pig,ranolazine,3,2597.6,18463
Guinea Pig,ranolazine,3,3247.0,18464
Guinea Pig,ranolazine,3,3896.4,18465
Guinea Pig,ranolazine,3,4545.8,18466
Guinea Pig,ranolazine,3,5195.2,18467
Guinea Pig,ranolazine,3,5844.6,18468
Guinea Pig,ranolazine,4,0.0,18469
Guinea Pig,ranolazine,4,649.4,18470
Guinea Pig,ranolazine,4,1298.8,18471
Guinea Pig,ranolazine,4,1948.2,18472
Guinea Pig,ranolazine,4,2597.6,18473
Guinea Pig,ranolazine,4,3247.0,18474
Guinea Pig,ranolazine,4,3896.4,18475
Guinea Pig,ranolazine,4,4545.8,18476
Guinea Pig,ranolazine,4,5195.2,18477
Guinea Pig,ranolazine,4,5844.6,18478
Guinea Pig,ranolazine,5,0.0,18479
Guinea Pig,ranolazine,5,649.4,18480
Guinea Pig,ranolazine,5,1298.8,18481
Guinea Pig,ranolazine,5,1948.2,18482
Guinea Pig,ranolazine,5,2597.6,18483
Guinea Pig,ranolazine,5,3247.0,18484
Guinea Pig,ranolazine,5,3896.4,18485
Guinea Pig,ranolazine,5,4545.8,18486
Guinea Pig,ranolazine,5,5195.2,18487
Guinea Pig,ranolazine,5,5844.6,18488
Guinea Pig,ranolazine,6,0.0,18489
Guinea Pig,ranolazine,6,649.4,18490
Guinea Pig,ranolazine,6,1298.8,18491
Guinea Pig,ranolazine,6,1948.2,18492
Guinea Pig,ranolazine,6,2597.6,18493
Guinea Pig,ranolazine,6,3247.0,18494
Guinea Pig,ranolazine,6,3896.4,18495
Guinea Pig,ranolazine,6,4545.8,18496
Guinea Pig,ranolazine,6,5195.2,18497
Guinea Pig,ranolazine,6,5844.6,18498
Guinea Pig,ranolazine,7,0.0,18499
Guinea Pig,ranolazine,7,649.4,18500
Guinea Pig,ranolazine,7,1298.8,18501
Guinea Pig,ranolazine,7,1948.2,18502
Guinea Pig,ranolazine,7,2597.6,18503
Guinea Pig,ranolazine,7,3247.0,18504
Guinea Pig,ranolazine,7,3896.4,18505
Guinea Pig,ranolazine,7,4545.8,18506
Guinea Pig,ranolazine,7,5195.2,18507
Guinea Pig,ranolazine,7,5844.6,18508
Guinea Pig,ranolazine,8,0.0,18509
Guinea Pig,ranolazine,8,649.4,18510
Guinea Pig,ranolazine,8,1298.8,18511
Guinea Pig,ranolazine,8,1948.2,18512
Guinea Pig,ranolazine,8,2597.6,18513
Guinea Pig,ranolazine,8,3247.0,18514
Guinea Pig,ranolazine,8,3896.4,18515
Guinea Pig,ranolazine,8,4545.8,18516
Guinea Pig,ranolazine,8,5195.2,18517
Guinea Pig,ranolazine,8,5844.6,18518
Guinea Pig,ranolazine,9,0.0,18519
Guinea Pig,ranolazine,9,649.4,18520
Guinea Pig,ranolazine,9,1298.8,18521
Guinea Pig,ranolazine,9,1948.2,18522
Guinea Pig,ranolazine,9,2597.6,18523
Guinea Pig,ranolazine,9,3247.0,18524
Guinea Pig,ranolazine,9,3896.4,18525
Guinea Pig,ranolazine,9,4545.8,18526
Guinea Pig,ranolazine,9,5195.2,18527
Guinea Pig,ranolazine,9,5844.6,18528
Guinea Pig,ranolazine,10,0.0,18529
Guinea Pig,ranolazine,10,649.4,18530
Guinea Pig,ranolazine,10,1298.8,18531
Guinea Pig,ranolazine,10,1948.2,18532
Guinea Pig,ranolazine,10,2597.6,18533
Guinea Pig,ranolazine,10,3247.0,18534
Guinea Pig,ranolazine,10,3896.4,18535
Guinea Pig,ranolazine,10,4545.8,18536
Guinea Pig,ranolazine,10,5195.2,18537
Guinea Pig,ranolazine,10,5844.6,18538
Guinea Pig,ranolazine,11,0.0,18539
Guinea Pig,ranolazine,11,649.4,18540
Guinea Pig,ranolazine,11,1298.8,18541
Guinea Pig,ranolazine,11,1948.2,18542
Guinea Pig,ranolazine,11,2597.6,18543
Guinea Pig,ranolazine,11,3247.0,18544
Guinea Pig,ranolazine,11,3896.4,18545
Guinea Pig,ranolazine,11,4545.8,18546
Guinea Pig,ranolazine,11,5195.2,18547
Guinea Pig,ranolazine,11,5844.6,18548
Guinea Pig,ranolazine,13,0.0,18549
Guinea Pig,ranolazine,13,649.4,18550
Guinea Pig,ranolazine,13,1298.8,18551
Guinea Pig,ranolazine,13,1948.2,18552
Guinea Pig,ranolazine,13,2597.6,18553
Guinea Pig,ranolazine,13,3247.0,18554
Guinea Pig,ranolazine,13,3896.4,18555
Guinea Pig,ranolazine,13,4545.8,18556
Guinea Pig,ranolazine,13,5195.2,18557
Guinea Pig,ranolazine,13,5844.6,18558
Guinea Pig,ranolazine,14,0.0,18559
Guinea Pig,ranolazine,14,649.4,18560
Guinea Pig,ranolazine,14,1298.8,18561
Guinea Pig,ranolazine,14,1948.2,18562
Guinea Pig,ranolazine,14,2597.6,18563
Guinea Pig,ranolazine,14,3247.0,18564
Guinea Pig,ranolazine,14,3896.4,18565
Guinea Pig,ranolazine,14,4545.8,18566
Guinea Pig,ranolazine,14,5195.2,18567
Guinea Pig,ranolazine,14,5844.6,18568
Guinea Pig,ranolazine,15,0.0,18569
Guinea Pig,ranolazine,15,649.4,18570
Guinea Pig,ranolazine,15,1298.8,18571
Guinea Pig,ranolazine,15,1948.2,18572
Guinea Pig,ranolazine,15,2597.6,18573
Guinea Pig,ranolazine,15,3247.0,18574
Guinea Pig,ranolazine,15,3896.4,18575
Guinea Pig,ranolazine,15,4545.8,18576
Guinea Pig,ranolazine,15,5195.2,18577
Guinea Pig,ranolazine,15,5844.6,18578
Guinea Pig,ranolazine,16,0.0,18579
Guinea Pig,ranolazine,16,649.4,18580
Guinea Pig,ranolazine,16,1298.8,18581
Guinea Pig,ranolazine,16,1948.2,18582
Guinea Pig,ranolazine,16,2597.6,18583
Guinea Pig,ranolazine,16,3247.0,18584
Guinea Pig,ranolazine,16,3896.4,18585
Guinea Pig,ranolazine,16,4545.8,18586
Guinea Pig,ranolazine,16,5195.2,18587
Guinea Pig,ranolazine,16,5844.6,18588
Guinea Pig,ranolazine,17,0.0,18589
Guinea Pig,ranolazine,17,649.4,18590
Guinea Pig,ranolazine,17,1298.8,18591
Guinea Pig,ranolazine,17,1948.2,18592
Guinea Pig,ranolazine,17,2597.6,18593
Guinea Pig,ranolazine,17,3247.0,18594
Guinea Pig,ranolazine,17,3896.4,18595
Guinea Pig,ranolazine,17,4545.8,18596
Guinea Pig,ranolazine,17,5195.2,18597
Guinea Pig,ranolazine,17,5844.6,18598
Guinea Pig,ranolazine,18,0.0,18599
Guinea Pig,ranolazine,18,649.4,18600
Guinea Pig,ranolazine,18,1298.8,18601
Guinea Pig,ranolazine,18,1948.2,18602
Guinea Pig,ranolazine,18,2597.6,18603
Guinea Pig,ranolazine,18,3247.0,18604
Guinea Pig,ranolazine,18,3896.4,18605
Guinea Pig,ranolazine,18,4545.8,18606
Guinea Pig,ranolazine,18,5195.2,18607
Guinea Pig,ranolazine,18,5844.6,18608
Guinea Pig,ranolazine,20,0.0,18609
Guinea Pig,ranolazine,20,649.4,18610
Guinea Pig,ranolazine,20,1298.8,18611
Guinea Pig,ranolazine,20,1948.2,18612
Guinea Pig,ranolazine,20,2597.6,18613
Guinea Pig,ranolazine,20,3247.0,18614
Guinea Pig,ranolazine,20,3896.4,18615
Guinea Pig,ranolazine,20,4545.8,18616
Guinea Pig,ranolazine,20,5195.2,18617
Guinea Pig,ranolazine,20,5844.6,18618
Guinea Pig,ranolazine,21,0.0,18619
Guinea Pig,ranolazine,21,649.4,18620
Guinea Pig,ranolazine,21,1298.8,18621
Guinea Pig,ranolazine,21,1948.2,18622
Guinea Pig,ranolazine,21,2597.6,18623
Guinea Pig,ranolazine,21,3247.0,18624
Guinea Pig,ranolazine,21,3896.4,18625
Guinea Pig,ranolazine,21,4545.8,18626
Guinea Pig,ranolazine,21,5195.2,18627
Guinea Pig,ranolazine,21,5844.6,18628
Guinea Pig,ranolazine,25,0.0,18629
Guinea Pig,ranolazine,25,649.4,18630
Guinea Pig,ranolazine,25,1298.8,18631
Guinea Pig,ranolazine,25,1948.2,18632
Guinea Pig,ranolazine,25,2597.6,18633
Guinea Pig,ranolazine,25,3247.0,18634
Guinea Pig,ranolazine,25,3896.4,18635
Guinea Pig,ranolazine,25,4545.8,18636
Guinea Pig,ranolazine,25,5195.2,18637
Guinea Pig,ranolazine,25,5844.6,18638
Guinea Pig,ranolazine,27,0.0,18639
Guinea Pig,ranolazine,27,649.4,18640
Guinea Pig,ranolazine,27,1298.8,18641
Guinea Pig,ranolazine,27,1948.2,18642
Guinea Pig,ranolazine,27,2597.6,18643
Guinea Pig,ranolazine,27,3247.0,18644
Guinea Pig,ranolazine,27,3896.4,18645
Guinea Pig,ranolazine,27,4545.8,18646
Guinea Pig,ranolazine,27,5195.2,18647
Guinea Pig,ranolazine,27,5844.6,18648
Guinea Pig,ranolazine,29,0.0,18649
Guinea Pig,ranolazine,29,649.4,18650
Guinea Pig,ranolazine,29,1298.8,18651
Guinea Pig,ranolazine,29,1948.2,18652
Guinea Pig,ranolazine,29,2597.6,18653
Guinea Pig,ranolazine,29,3247.0,18654
Guinea Pig,ranolazine,29,3896.4,18655
Guinea Pig,ranolazine,29,4545.8,18656
Guinea Pig,ranolazine,29,5195.2,18657
Guinea Pig,ranolazine,29,5844.6,18658
Guinea Pig,sotalol,0,0.0,20749
Guinea Pig,sotalol,0,4896.67,20750
Guinea Pig,sotalol,0,9793.33,20751
Guinea Pig,sotalol,0,14690.0,20752
Guinea Pig,sotalol,0,19586.67,20753
Guinea Pig,sotalol,0,24483.33,20754
Guinea Pig,sotalol,0,29380.0,20755
Guinea Pig,sotalol,0,34276.67,20756
Guinea Pig,sotalol,0,39173.33,20757
Guinea Pig,sotalol,0,44070.0,20758
Guinea Pig,sotalol,1,0.0,20759
Guinea Pig,sotalol,1,4896.67,20760
Guinea Pig,sotalol,1,9793.33,20761
Guinea Pig,sotalol,1,14690.0,20762
Guinea Pig,sotalol,1,19586.67,20763
Guinea Pig,sotalol,1,24483.33,20764
Guinea Pig,sotalol,1,29380.0,20765
Guinea Pig,sotalol,1,34276.67,20766
Guinea Pig,sotalol,1,39173.33,20767
Guinea Pig,sotalol,1,44070.0,20768
Guinea Pig,sotalol,2,0.0,20769
Guinea Pig,sotalol,2,4896.67,20770
Guinea Pig,sotalol,2,9793.33,20771
Guinea Pig,sotalol,2,14690.0,20772
Guinea Pig,sotalol,2,19586.67,20773
Guinea Pig,sotalol,2,24483.33,20774
Guinea Pig,sotalol,2,29380.0,20775
Guinea Pig,sotalol,2,34276.67,20776
Guinea Pig,sotalol,2,39173.33,20777
Guinea Pig,sotalol,2,44070.0,20778
Guinea Pig,sotalol,3,0.0,20779
Guinea Pig,sotalol,3,4896.67,20780
Guinea Pig,sotalol,3,9793.33,20781
Guinea Pig,sotalol,3,14690.0,20782
Guinea Pig,sotalol,3,19586.67,20783
Guinea Pig,sotalol,3,24483.33,20784
Guinea Pig,sotalol,3,29380.0,20785
Guinea Pig,sotalol,3,34276.67,20786
Guinea Pig,sotalol,3,39173.33,20787
Guinea Pig,sotalol,3,44070.0,20788
Guinea Pig,sotalol,4,0.0,20789
Guinea Pig,sotalol,4,4896.67,20790
Guinea Pig,sotalol,4,9793.33,20791
Guinea Pig,sotalol,4,14690.0,20792
Guinea Pig,sotalol,4,19586.67,20793
Guinea Pig,sotalol,4,24483.33,20794
Guinea Pig,sotalol,4,29380.0,20795
Guinea Pig,sotalol,4,34276.67,20796
Guinea Pig,sotalol,4,39173.33,20797
Guinea Pig,sotalol,4,44070.0,20798
Guinea Pig,sotalol,5,0.0,20799
Guinea Pig,sotalol,5,4896.67,20800
Guinea Pig,sotalol,5,9793.33,20801
Guinea Pig,sotalol,5,14690.0,20802
Guinea Pig,sotalol,5,19586.67,20803
Guinea Pig,sotalol,5,24483.33,20804
Guinea Pig,sotalol,5,29380.0,20805
Guinea Pig,sotalol,5,34276.67,20806
Guinea Pig,sotalol,5,39173.33,20807
Guinea Pig,sotalol,5,44070.0,20808
Guinea Pig,sotalol,6,0.0,20809
Guinea Pig,sotalol,6,4896.67,20810
Guinea Pig,sotalol,6,9793.33,20811
Guinea Pig,sotalol,6,14690.0,20812
Guinea Pig,sotalol,6,19586.67,20813
Guinea Pig,sotalol,6,24483.33,20814
Guinea Pig,sotalol,6,29380.0,20815
Guinea Pig,sotalol,6,34276.67,20816
Guinea Pig,sotalol,6,39173.33,20817
Guinea Pig,sotalol,6,44070.0,20818
Guinea Pig,sotalol,7,0.0,20819
Guinea Pig,sotalol,7,4896.67,20820
Guinea Pig,sotalol,7,9793.33,20821
Guinea Pig,sotalol,7,14690.0,20822
Guinea Pig,sotalol,7,19586.67,20823
Guinea Pig,sotalol,7,24483.33,20824
Guinea Pig,sotalol,7,29380.0,20825
Guinea Pig,sotalol,7,34276.67,20826
Guinea Pig,sotalol,7,39173.33,20827
Guinea Pig,sotalol,7,44070.0,20828
Guinea Pig,sotalol,8,0.0,20829
Guinea Pig,sotalol,8,4896.67,20830
Guinea Pig,sotalol,8,9793.33,20831
Guinea Pig,sotalol,8,14690.0,20832
Guinea Pig,sotalol,8,19586.67,20833
Guinea Pig,sotalol,8,24483.33,20834
Guinea Pig,sotalol,8,29380.0,20835
Guinea Pig,sotalol,8,34276.67,20836
Guinea Pig,sotalol,8,39173.33,20837
Guinea Pig,sotalol,8,44070.0,20838
Guinea Pig,sotalol,9,0.0,20839
Guinea Pig,sotalol,9,4896.67,20840
Guinea Pig,sotalol,9,9793.33,20841
Guinea Pig,sotalol,9,14690.0,20842
Guinea Pig,sotalol,9,19586.67,20843
Guinea Pig,sotalol,9,24483.33,20844
Guinea Pig,sotalol,9,29380.0,20845
Guinea Pig,sotalol,9,34276.67,20846
Guinea Pig,sotalol,9,39173.33,20847
Guinea Pig,sotalol,9,44070.0,20848
Guinea Pig,sotalol,10,0.0,20849
Guinea Pig,sotalol,10,4896.67,20850
Guinea Pig,sotalol,10,9793.33,20851
Guinea Pig,sotalol,10,14690.0,20852
Guinea Pig,sotalol,10,19586.67,20853
Guinea Pig,sotalol,10,24483.33,20854
Guinea Pig,sotalol,10,29380.0,20855
Guinea Pig,sotalol,10,34276.67,20856
Guinea Pig,sotalol,10,39173.33,20857
Guinea Pig,sotalol,10,44070.0,20858
Guinea Pig,sotalol,11,0.0,20859
Guinea Pig,sotalol,11,4896.67,20860
Guinea Pig,sotalol,11,9793.33,20861
Guinea Pig,sotalol,11,14690.0,20862
Guinea Pig,sotalol,11,19586.67,20863
Guinea Pig,sotalol,11,24483.33,20864
Guinea Pig,sotalol,11,29380.0,20865
Guinea Pig,sotalol,11,34276.67,20866
Guinea Pig,sotalol,11,39173.33,20867
Guinea Pig,sotalol,11,44070.0,20868
Guinea Pig,sotalol,13,0.0,20869
Guinea Pig,sotalol,13,4896.67,20870
Guinea Pig,sotalol,13,9793.33,20871
Guinea Pig,sotalol,13,14690.0,20872
Guinea Pig,sotalol,13,19586.67,20873
Guinea Pig,sotalol,13,24483.33,20874
Guinea Pig,sotalol,13,29380.0,20875
Guinea Pig,sotalol,13,34276.67,20876
Guinea Pig,sotalol,13,39173.33,20877
Guinea Pig,sotalol,13,44070.0,20878
Guinea Pig,sotalol,14,0.0,20879
Guinea Pig,sotalol,14,4896.67,20880
Guinea Pig,sotalol,14,9793.33,20881
Guinea Pig,sotalol,14,14690.0,20882
Guinea Pig,sotalol,14,19586.67,20883
Guinea Pig,sotalol,14,24483.33,20884
Guinea Pig,sotalol,14,29380.0,20885
Guinea Pig,sotalol,14,34276.67,20886
Guinea Pig,sotalol,14,39173.33,20887
Guinea Pig,sotalol,14,44070.0,20888
Guinea Pig,sotalol,15,0.0,20889
Guinea Pig,sotalol,15,4896.67,20890
Guinea Pig,sotalol,15,9793.33,20891
Guinea Pig,sotalol,15,14690.0,20892
Guinea Pig,sotalol,15,19586.67,20893
Guinea Pig,sotalol,15,24483.33,20894
Guinea Pig,sotalol,15,29380.0,20895
Guinea Pig,sotalol,15,34276.67,20896
Guinea Pig,sotalol,15,39173.33,20897
Guinea Pig,sotalol,15,44070.0,20898
Guinea Pig,sotalol,16,0.0,20899
Guinea Pig,sotalol,16,4896.67,20900
Guinea Pig,sotalol,16,9793.33,20901
Guinea Pig,sotalol,16,14690.0,20902
Guinea Pig,sotalol,16,19586.67,20903
Guinea Pig,sotalol,16,24483.33,20904
Guinea Pig,sotalol,16,29380.0,20905
Guinea Pig,sotalol,16,34276.67,20906
Guinea Pig,sotalol,16,39173.33,20907
Guinea Pig,sotalol,16,44070.0,20908
Guinea Pig,sotalol,17,0.0,20909
Guinea Pig,sotalol,17,4896.67,20910
Guinea Pig,sotalol,17,9793.33,20911
Guinea Pig,sotalol,17,14690.0,20912
Guinea Pig,sotalol,17,19586.67,20913
Guinea Pig,sotalol,17,24483.33,20914
Guinea Pig,sotalol,17,29380.0,20915
Guinea Pig,sotalol,17,34276.67,20916
Guinea Pig,sotalol,17,39173.33,20917
Guinea Pig,sotalol,17,44070.0,20918
Guinea Pig,sotalol,18,0.0,20919
Guinea Pig,sotalol,18,4896.67,20920
Guinea Pig,sotalol,18,9793.33,20921
Guinea Pig,sotalol,18,14690.0,20922
Guinea Pig,sotalol,18,19586.67,20923
Guinea Pig,sotalol,18,24483.33,20924
Guinea Pig,sotalol,18,29380.0,20925
Guinea Pig,sotalol,18,34276.67,20926
Guinea Pig,sotalol,18,39173.33,20927
Guinea Pig,sotalol,18,44070.0,20928
Guinea Pig,sotalol,20,0.0,20929
Guinea Pig,sotalol,20,4896.67,20930
Guinea Pig,sotalol,20,9793.33,20931
Guinea Pig,sotalol,20,14690.0,20932
Guinea Pig,sotalol,20,19586.67,20933
Guinea Pig,sotalol,20,24483.33,20934
Guinea Pig,sotalol,20,29380.0,20935
Guinea Pig,sotalol,20,34276.67,20936
Guinea Pig,sotalol,20,39173.33,20937
Guinea Pig,sotalol,20,44070.0,20938
Guinea Pig,sotalol,21,0.0,20939
Guinea Pig,sotalol,21,4896.67,20940
Guinea Pig,sotalol,21,9793.33,20941
Guinea Pig,sotalol,21,14690.0,20942
Guinea Pig,sotalol,21,19586.67,20943
Guinea Pig,sotalol,21,24483.33,20944
Guinea Pig,sotalol,21,29380.0,20945
Guinea Pig,sotalol,21,34276.67,20946
Guinea Pig,sotalol,21,39173.33,20947
Guinea Pig,sotalol,21,44070.0,20948
Guinea Pig,sotalol,25,0.0,20949
Guinea Pig,sotalol,25,4896.67,20950
Guinea Pig,sotalol,25,9793.33,20951
Guinea Pig,sotalol,25,14690.0,20952
Guinea Pig,sotalol,25,19586.67,20953
Guinea Pig,sotalol,25,24483.33,20954
Guinea Pig,sotalol,25,29380.0,20955
Guinea Pig,sotalol,25,34276.67,20956
Guinea Pig,sotalol,25,39173.33,20957
Guinea Pig,sotalol,25,44070.0,20958
Guinea Pig,sotalol,27,0.0,20959
Guinea Pig,sotalol,27,4896.67,20960
Guinea Pig,sotalol,27,9793.33,20961
Guinea Pig,sotalol,27,14690.0,20962
Guinea Pig,sotalol,27,19586.67,20963
Guinea Pig,sotalol,27,24483.33,20964
Guinea Pig,sotalol,27,29380.0,20965
Guinea Pig,sotalol,27,34276.67,20966
Guinea Pig,sotalol,27,39173.33,20967
Guinea Pig,sotalol,27,44070.0,20968
Guinea Pig,sotalol,29,0.0,20969
Guinea Pig,sotalol,29,4896.67,20970
Guinea Pig,sotalol,29,9793.33,20971
Guinea Pig,sotalol,29,14690.0,20972
Guinea Pig,sotalol,29,19586.67,20973
Guinea Pig,sotalol,29,24483.33,20974
Guinea Pig,sotalol,29,29380.0,20975
Guinea Pig,sotalol,29,34276.67,20976
Guinea Pig,sotalol,29,39173.33,20977
Guinea Pig,sotalol,29,44070.0,20978
Guinea Pig,terfenadine,0,0.0,23019
Guinea Pig,terfenadine,0,1.33,23020
Guinea Pig,terfenadine,0,2.67,23021
Guinea Pig,terfenadine,0,4.0,23022
Guinea Pig,terfenadine,0,5.33,23023
Guinea Pig,terfenadine,0,6.67,23024
Guinea Pig,terfenadine,0,8.0,23025
Guinea Pig,terfenadine,0,9.33,23026
Guinea Pig,terfenadine,0,10.67,23027
Guinea Pig,terfenadine,0,12.0,23028
Guinea Pig,terfenadine,1,0.0,23029
Guinea Pig,terfenadine,1,1.33,23030
Guinea Pig,terfenadine,1,2.67,23031
Guinea Pig,terfenadine,1,4.0,23032
Guinea Pig,terfenadine,1,5.33,23033
Guinea Pig,terfenadine,1,6.67,23034
Guinea Pig,terfenadine,1,8.0,23035
Guinea Pig,terfenadine,1,9.33,23036
Guinea Pig,terfenadine,1,10.67,23037
Guinea Pig,terfenadine,1,12.0,23038
Guinea Pig,terfenadine,2,0.0,23039
Guinea Pig,terfenadine,2,1.33,23040
Guinea Pig,terfenadine,2,2.67,23041
Guinea Pig,terfenadine,2,4.0,23042
Guinea Pig,terfenadine,2,5.33,23043
Guinea Pig,terfenadine,2,6.67,23044
Guinea Pig,terfenadine,2,8.0,23045
Guinea Pig,terfenadine,2,9.33,23046
Guinea Pig,terfenadine,2,10.67,23047
Guinea Pig,terfenadine,2,12.0,23048
Guinea Pig,terfenadine,3,0.0,23049
Guinea Pig,terfenadine,3,1.33,23050
Guinea Pig,terfenadine,3,2.67,23051
Guinea Pig,terfenadine,3,4.0,23052
Guinea Pig,terfenadine,3,5.33,23053
Guinea Pig,terfenadine,3,6.67,23054
Guinea Pig,terfenadine,3,8.0,23055
Guinea Pig,terfenadine,3,9.33,23056
Guinea Pig,terfenadine,3,10.67,23057
Guinea Pig,terfenadine,3,12.0,23058
Guinea Pig,terfenadine,4,0.0,23059
Guinea Pig,terfenadine,4,1.33,23060
Guinea Pig,terfenadine,4,2.67,23061
Guinea Pig,terfenadine,4,4.0,23062
Guinea Pig,terfenadine,4,5.33,23063
Guinea Pig,terfenadine,4,6.67,23064
Guinea Pig,terfenadine,4,8.0,23065
Guinea Pig,terfenadine,4,9.33,23066
Guinea Pig,terfenadine,4,10.67,23067
Guinea Pig,terfenadine,4,12.0,23068
Guinea Pig,terfenadine,5,0.0,23069
Guinea Pig,terfenadine,5,1.33,23070
Guinea Pig,terfenadine,5,2.67,23071
Guinea Pig,terfenadine,5,4.0,23072
Guinea Pig,terfenadine,5,5.33,23073
Guinea Pig,terfenadine,5,6.67,23074
Guinea Pig,terfenadine,5,8.0,23075
Guinea Pig,terfenadine,5,9.33,23076
Guinea Pig,terfenadine,5,10.67,23077
Guinea Pig,terfenadine,5,12.0,23078
Guinea Pig,terfenadine,6,0.0,23079
Guinea Pig,terfenadine,6,1.33,23080
Guinea Pig,terfenadine,6,2.67,23081
Guinea Pig,terfenadine,6,4.0,23082
Guinea Pig,terfenadine,6,5.33,23083
Guinea Pig,terfenadine,6,6.67,23084
Guinea Pig,terfenadine,6,8.0,23085
Guinea Pig,terfenadine,6,9.33,23086
Guinea Pig,terfenadine,6,10.67,23087
Guinea Pig,terfenadine,6,12.0,23088
Guinea Pig,terfenadine,7,0.0,23089
Guinea Pig,terfenadine,7,1.33,23090
Guinea Pig,terfenadine,7,2.67,23091
Guinea Pig,terfenadine,7,4.0,23092
Guinea Pig,terfenadine,7,5.33,23093
Guinea Pig,terfenadine,7,6.67,23094
Guinea Pig,terfenadine,7,8.0,23095
Guinea Pig,terfenadine,7,9.33,23096
Guinea Pig,terfenadine,7,10.67,23097
Guinea Pig,terfenadine,7,12.0,23098
Guinea Pig,terfenadine,8,0.0,23099
Guinea Pig,terfenadine,8,1.33,23100
Guinea Pig,terfenadine,8,2.67,23101
Guinea Pig,terfenadine,8,4.0,23102
Guinea Pig,terfenadine,8,5.33,23103
Guinea Pig,terfenadine,8,6.67,23104
Guinea Pig,terfenadine,8,8.0,23105
Guinea Pig,terfenadine,8,9.33,23106
Guinea Pig,terfenadine,8,10.67,23107
Guinea Pig,terfenadine,8,12.0,23108
Guinea Pig,terfenadine,9,0.0,23109
Guinea Pig,terfenadine,9,1.33,23110
Guinea Pig,terfenadine,9,2.67,23111
Guinea Pig,terfenadine,9,4.0,23112
Guinea Pig,terfenadine,9,5.33,23113
Guinea Pig,terfenadine,9,6.67,23114
Guinea Pig,terfenadine,9,8.0,23115
Guinea Pig,terfenadine,9,9.33,23116
Guinea Pig,terfenadine,9,10.67,23117
Guinea Pig,terfenadine,9,12.0,23118
Guinea Pig,terfenadine,10,0.0,23119
Guinea Pig,terfenadine,10,1.33,23120
Guinea Pig,terfenadine,10,2.67,23121
Guinea Pig,terfenadine,10,4.0,23122
Guinea Pig,terfenadine,10,5.33,23123
Guinea Pig,terfenadine,10,6.67,23124
Guinea Pig,terfenadine,10,8.0,23125
Guinea Pig,terfenadine,10,9.33,23126
Guinea Pig,terfenadine,10,10.67,23127
Guinea Pig,terfenadine,10,12.0,23128
Guinea Pig,terfenadine,11,0.0,23129
Guinea Pig,terfenadine,11,1.33,23130
Guinea Pig,terfenadine,11,2.67,23131
Guinea Pig,terfenadine,11,4.0,23132
Guinea Pig,terfenadine,11,5.33,23133
Guinea Pig,terfenadine,11,6.67,23134
Guinea Pig,terfenadine,11,8.0,23135
Guinea Pig,terfenadine,11,9.33,23136
Guinea Pig,terfenadine,11,10.67,23137
Guinea Pig,terfenadine,11,12.0,23138
Guinea Pig,terfenadine,13,0.0,23139
Guinea Pig,terfenadine,13,1.33,23140
Guinea Pig,terfenadine,13,2.67,23141
Guinea Pig,terfenadine,13,4.0,23142
Guinea Pig,terfenadine,13,5.33,23143
Guinea Pig,terfenadine,13,6.67,23144
Guinea Pig,terfenadine,13,8.0,23145
Guinea Pig,terfenadine,13,9.33,23146
Guinea Pig,terfenadine,13,10.67,23147
Guinea Pig,terfenadine,13,12.0,23148
Guinea Pig,terfenadine,14,0.0,23149
Guinea Pig,terfenadine,14,1.33,23150
Guinea Pig,terfenadine,14,2.67,23151
Guinea Pig,terfenadine,14,4.0,23152
Guinea Pig,terfenadine,14,5.33,23153
Guinea Pig,terfenadine,14,6.67,23154
Guinea Pig,terfenadine,14,8.0,23155
Guinea Pig,terfenadine,14,9.33,23156
Guinea Pig,terfenadine,14,10.67,23157
Guinea Pig,terfenadine,14,12.0,23158
Guinea Pig,terfenadine,15,0.0,23159
Guinea Pig,terfenadine,15,1.33,23160
Guinea Pig,terfenadine,15,2.67,23161
Guinea Pig,terfenadine,15,4.0,23162
Guinea Pig,terfenadine,15,5.33,23163
Guinea Pig,terfenadine,15,6.67,23164
Guinea Pig,terfenadine,15,8.0,23165
Guinea Pig,terfenadine,15,9.33,23166
Guinea Pig,terfenadine,15,10.67,23167
Guinea Pig,terfenadine,15,12.0,23168
Guinea Pig,terfenadine,16,0.0,23169
Guinea Pig,terfenadine,16,1.33,23170
Guinea Pig,terfenadine,16,2.67,23171
Guinea Pig,terfenadine,16,4.0,23172
Guinea Pig,terfenadine,16,5.33,23173
Guinea Pig,terfenadine,16,6.67,23174
Guinea Pig,terfenadine,16,8.0,23175
Guinea Pig,terfenadine,16,9.33,23176
Guinea Pig,terfenadine,16,10.67,23177
Guinea Pig,terfenadine,16,12.0,23178
Guinea Pig,terfenadine,17,0.0,23179
Guinea Pig,terfenadine,17,1.33,23180
Guinea Pig,terfenadine,17,2.67,23181
Guinea Pig,terfenadine,17,4.0,23182
Guinea Pig,terfenadine,17,5.33,23183
Guinea Pig,terfenadine,17,6.67,23184
Guinea Pig,terfenadine,17,8.0,23185
Guinea Pig,terfenadine,17,9.33,23186
Guinea Pig,terfenadine,17,10.67,23187
Guinea Pig,terfenadine,17,12.0,23188
Guinea Pig,terfenadine,18,0.0,23189
Guinea Pig,terfenadine,18,1.33,23190
Guinea Pig,terfenadine,18,2.67,23191
Guinea Pig,terfenadine,18,4.0,23192
Guinea Pig,terfenadine,18,5.33,23193
Guinea Pig,terfenadine,18,6.67,23194
Guinea Pig,terfenadine,18,8.0,23195
Guinea Pig,terfenadine,18,9.33,23196
Guinea Pig,terfenadine,18,10.67,23197
Guinea Pig,terfenadine,18,12.0,23198
Guinea Pig,terfenadine,20,0.0,23199
Guinea Pig,terfenadine,20,1.33,23200
Guinea Pig,terfenadine,20,2.67,23201
Guinea Pig,terfenadine,20,4.0,23202
Guinea Pig,terfenadine,20,5.33,23203
Guinea Pig,terfenadine,20,6.67,23204
Guinea Pig,terfenadine,20,8.0,23205
Guinea Pig,terfenadine,20,9.33,23206
Guinea Pig,terfenadine,20,10.67,23207
Guinea Pig,terfenadine,20,12.0,23208
Guinea Pig,terfenadine,21,0.0,23209
Guinea Pig,terfenadine,21,1.33,23210
Guinea Pig,terfenadine,21,2.67,23211
Guinea Pig,terfenadine,21,4.0,23212
Guinea Pig,terfenadine,21,5.33,23213
Guinea Pig,terfenadine,21,6.67,23214
Guinea Pig,terfenadine,21,8.0,23215
Guinea Pig,terfenadine,21,9.33,23216
Guinea Pig,terfenadine,21,10.67,23217
Guinea Pig,terfenadine,21,12.0,23218
Guinea Pig,terfenadine,25,0.0,23219
Guinea Pig,terfenadine,25,1.33,23220
Guinea Pig,terfenadine,25,2.67,23221
Guinea Pig,terfenadine,25,4.0,23222
Guinea Pig,terfenadine,25,5.33,23223
Guinea Pig,terfenadine,25,6.67,23224
Guinea Pig,terfenadine,25,8.0,23225
Guinea Pig,terfenadine,25,9.33,23226
Guinea Pig,terfenadine,25,10.67,23227
Guinea Pig,terfenadine,25,12.0,23228
Guinea Pig,terfenadine,27,0.0,23229
Guinea Pig,terfenadine,27,1.33,23230
Guinea Pig,terfenadine,27,2.67,23231
Guinea Pig,terfenadine,27,4.0,23232
Guinea Pig,terfenadine,27,5.33,23233
Guinea Pig,terfenadine,27,6.67,23234
Guinea Pig,terfenadine,27,8.0,23235
Guinea Pig,terfenadine,27,9.33,23236
Guinea Pig,terfenadine,27,10.67,23237
Guinea Pig,terfenadine,27,12.0,23238
Guinea Pig,terfenadine,29,0.0,23239
Guinea Pig,terfenadine,29,1.33,23240
Guinea Pig,terfenadine,29,2.67,23241
Guinea Pig,terfenadine,29,4.0,23242
Guinea Pig,terfenadine,29,5.33,23243
Guinea Pig,terfenadine,29,6.67,23244
Guinea Pig,terfenadine,29,8.0,23245
Guinea Pig,terfenadine,29,9.33,23246
Guinea Pig,terfenadine,29,10.67,23247
Guinea Pig,terfenadine,29,12.0,23248
Guinea Pig,verapamil,0,0.0,25309
Guinea Pig,verapamil,0,27.0,25310
Guinea Pig,verapamil,0,54.0,25311
Guinea Pig,verapamil,0,81.0,25312
Guinea Pig,verapamil,0,108.0,25313
Guinea Pig,verapamil,0,135.0,25314
Guinea Pig,verapamil,0,162.0,25315
Guinea Pig,verapamil,0,189.0,25316
Guinea Pig,verapamil,0,216.0,25317
Guinea Pig,verapamil,0,243.0,25318
Guinea Pig,verapamil,1,0.0,25319
Guinea Pig,verapamil,1,27.0,25320
Guinea Pig,verapamil,1,54.0,25321
Guinea Pig,verapamil,1,81.0,25322
Guinea Pig,verapamil,1,108.0,25323
Guinea Pig,verapamil,1,135.0,25324
Guinea Pig,verapamil,1,162.0,25325
Guinea Pig,verapamil,1,189.0,25326
Guinea Pig,verapamil,1,216.0,25327
Guinea Pig,verapamil,1,243.0,25328
Guinea Pig,verapamil,2,0.0,25329
Guinea Pig,verapamil,2,27.0,25330
Guinea Pig,verapamil,2,54.0,25331
Guinea Pig,verapamil,2,81.0,25332
Guinea Pig,verapamil,2,108.0,25333
Guinea Pig,verapamil,2,135.0,25334
Guinea Pig,verapamil,2,162.0,25335
Guinea Pig,verapamil,2,189.0,25336
Guinea Pig,verapamil,2,216.0,25337
Guinea Pig,verapamil,2,243.0,25338
Guinea Pig,verapamil,3,0.0,25339
Guinea Pig,verapamil,3,27.0,25340
Guinea Pig,verapamil,3,54.0,25341
Guinea Pig,verapamil,3,81.0,25342
Guinea Pig,verapamil,3,108.0,25343
Guinea Pig,verapamil,3,135.0,25344
Guinea Pig,verapamil,3,162.0,25345
Guinea Pig,verapamil,3,189.0,25346
Guinea Pig,verapamil,3,216.0,25347
Guinea Pig,verapamil,3,243.0,25348
Guinea Pig,verapamil,4,0.0,25349
Guinea Pig,verapamil,4,27.0,25350
Guinea Pig,verapamil,4,54.0,25351
Guinea Pig,verapamil,4,81.0,25352
Guinea Pig,verapamil,4,108.0,25353
Guinea Pig,verapamil,4,135.0,25354
Guinea Pig,verapamil,4,162.0,25355
Guinea Pig,verapamil,4,189.0,25356
Guinea Pig,verapamil,4,216.0,25357
Guinea Pig,verapamil,4,243.0,25358
Guinea Pig,verapamil,5,0.0,25359
Guinea Pig,verapamil,5,27.0,25360
Guinea Pig,verapamil,5,54.0,25361
Guinea Pig,verapamil,5,81.0,25362
Guinea Pig,verapamil,5,108.0,25363
Guinea Pig,verapamil,5,135.0,25364
Guinea Pig,verapamil,5,162.0,25365
Guinea Pig,verapamil,5,189.0,25366
Guinea Pig,verapamil,5,216.0,25367
Guinea Pig,verapamil,5,243.0,25368
Guinea Pig,verapamil,6,0.0,25369
Guinea Pig,verapamil,6,27.0,25370
Guinea Pig,verapamil,6,54.0,25371
Guinea Pig,verapamil,6,81.0,25372
Guinea Pig,verapamil,6,108.0,25373
Guinea Pig,verapamil,6,135.0,25374
Guinea Pig,verapamil,6,162.0,25375
Guinea Pig,verapamil,6,189.0,25376
Guinea Pig,verapamil,6,216.0,25377
Guinea Pig,verapamil,6,243.0,25378
Guinea Pig,verapamil,7,0.0,25379
Guinea Pig,verapamil,7,27.0,25380
Guinea Pig,verapamil,7,54.0,25381
Guinea Pig,verapamil,7,81.0,25382
Guinea Pig,verapamil,7,108.0,25383
Guinea Pig,verapamil,7,135.0,25384
Guinea Pig,verapamil,7,162.0,25385
Guinea Pig,verapamil,7,189.0,25386
Guinea Pig,verapamil,7,216.0,25387
Guinea Pig,verapamil,7,243.0,25388
Guinea Pig,verapamil,8,0.0,25389
Guinea Pig,verapamil,8,27.0,25390
Guinea Pig,verapamil,8,54.0,25391
Guinea Pig,verapamil,8,81.0,25392
Guinea Pig,verapamil,8,108.0,25393
Guinea Pig,verapamil,8,135.0,25394
Guinea Pig,verapamil,8,162.0,25395
Guinea Pig,verapamil,8,189.0,25396
Guinea Pig,verapamil,8,216.0,25397
Guinea Pig,verapamil,8,243.0,25398
Guinea Pig,verapamil,9,0.0,25399
Guinea Pig,verapamil,9,27.0,25400
Guinea Pig,verapamil,9,54.0,25401
Guinea Pig,verapamil,9,81.0,25402
Guinea Pig,verapamil,9,108.0,25403
Guinea Pig,verapamil,9,135.0,25404
Guinea Pig,verapamil,9,162.0,25405
Guinea Pig,verapamil,9,189.0,25406
Guinea Pig,verapamil,9,216.0,25407
Guinea Pig,verapamil,9,243.0,25408
Guinea Pig,verapamil,10,0.0,25409
Guinea Pig,verapamil,10,27.0,25410
Guinea Pig,verapamil,10,54.0,25411
Guinea Pig,verapamil,10,81.0,25412
Guinea Pig,verapamil,10,108.0,25413
Guinea Pig,verapamil,10,135.0,25414
Guinea Pig,verapamil,10,162.0,25415
Guinea Pig,verapamil,10,189.0,25416
Guinea Pig,verapamil,10,216.0,25417
Guinea Pig,verapamil,10,243.0,25418
Guinea Pig,verapamil,11,0.0,25419
Guinea Pig,verapamil,11,27.0,25420
Guinea Pig,verapamil,11,54.0,25421
Guinea Pig,verapamil,11,81.0,25422
Guinea Pig,verapamil,11,108.0,25423
Guinea Pig,verapamil,11,135.0,25424
Guinea Pig,verapamil,11,162.0,25425
Guinea Pig,verapamil,11,189.0,25426
Guinea Pig,verapamil,11,216.0,25427
Guinea Pig,verapamil,11,243.0,25428
Guinea Pig,verapamil,13,0.0,25429
Guinea Pig,verapamil,13,27.0,25430
Guinea Pig,verapamil,13,54.0,25431
Guinea Pig,verapamil,13,81.0,25432
Guinea Pig,verapamil,13,108.0,25433
Guinea Pig,verapamil,13,135.0,25434
Guinea Pig,verapamil,13,162.0,25435
Guinea Pig,verapamil,13,189.0,25436
Guinea Pig,verapamil,13,216.0,25437
Guinea Pig,verapamil,13,243.0,25438
Guinea Pig,verapamil,14,0.0,25439
Guinea Pig,verapamil,14,27.0,25440
Guinea Pig,verapamil,14,54.0,25441
Guinea Pig,verapamil,14,81.0,25442
Guinea Pig,verapamil,14,108.0,25443
Guinea Pig,verapamil,14,135.0,25444
Guinea Pig,verapamil,14,162.0,25445
Guinea Pig,verapamil,14,189.0,25446
Guinea Pig,verapamil,14,216.0,25447
Guinea Pig,verapamil,14,243.0,25448
Guinea Pig,verapamil,15,0.0,25449
Guinea Pig,verapamil,15,27.0,25450
Guinea Pig,verapamil,15,54.0,25451
Guinea Pig,verapamil,15,81.0,25452
Guinea Pig,verapamil,15,108.0,25453
Guinea Pig,verapamil,15,135.0,25454
Guinea Pig,verapamil,15,162.0,25455
Guinea Pig,verapamil,15,189.0,25456
Guinea Pig,verapamil,15,216.0,25457
Guinea Pig,verapamil,15,243.0,25458
Guinea Pig,verapamil,16,0.0,25459
Guinea Pig,verapamil,16,27.0,25460
Guinea Pig,verapamil,16,54.0,25461
Guinea Pig,verapamil,16,81.0,25462
Guinea Pig,verapamil,16,108.0,25463
Guinea Pig,verapamil,16,135.0,25464
Guinea Pig,verapamil,16,162.0,25465
Guinea Pig,verapamil,16,189.0,25466
Guinea Pig,verapamil,16,216.0,25467
Guinea Pig,verapamil,16,243.0,25468
Guinea Pig,verapamil,17,0.0,25469
Guinea Pig,verapamil,17,27.0,25470
Guinea Pig,verapamil,17,54.0,25471
Guinea Pig,verapamil,17,81.0,25472
Guinea Pig,verapamil,17,108.0,25473
Guinea Pig,verapamil,17,135.0,25474
Guinea Pig,verapamil,17,162.0,25475
Guinea Pig,verapamil,17,189.0,25476
Guinea Pig,verapamil,17,216.0,25477
Guinea Pig,verapamil,17,243.0,25478
Guinea Pig,verapamil,18,0.0,25479
Guinea Pig,verapamil,18,27.0,25480
Guinea Pig,verapamil,18,54.0,25481
Guinea Pig,verapamil,18,81.0,25482
Guinea Pig,verapamil,18,108.0,25483
Guinea Pig,verapamil,18,135.0,25484
Guinea Pig,verapamil,18,162.0,25485
Guinea Pig,verapamil,18,189.0,25486
Guinea Pig,verapamil,18,216.0,25487
Guinea Pig,verapamil,18,243.0,25488
Guinea Pig,verapamil,20,0.0,25489
Guinea Pig,verapamil,20,27.0,25490
Guinea Pig,verapamil,20,54.0,25491
Guinea Pig,verapamil,20,81.0,25492
Guinea Pig,verapamil,20,108.0,25493
Guinea Pig,verapamil,20,135.0,25494
Guinea Pig,verapamil,20,162.0,25495
Guinea Pig,verapamil,20,189.0,25496
Guinea Pig,verapamil,20,216.0,25497
Guinea Pig,verapamil,20,243.0,25498
Guinea Pig,verapamil,21,0.0,25499
Guinea Pig,verapamil,21,27.0,25500
Guinea Pig,verapamil,21,54.0,25501
Guinea Pig,verapamil,21,81.0,25502
Guinea Pig,verapamil,21,108.0,25503
Guinea Pig,verapamil,21,135.0,25504
Guinea Pig,verapamil,21,162.0,25505
Guinea Pig,verapamil,21,189.0,25506
Guinea Pig,verapamil,21,216.0,25507
Guinea Pig,verapamil,21,243.0,25508
Guinea Pig,verapamil,25,0.0,25509
Guinea Pig,verapamil,25,27.0,25510
Guinea Pig,verapamil,25,54.0,25511
Guinea Pig,verapamil,25,81.0,25512
Guinea Pig,verapamil,25,108.0,25513
Guinea Pig,verapamil,25,135.0,25514
Guinea Pig,verapamil,25,162.0,25515
Guinea Pig,verapamil,25,189.0,25516
Guinea Pig,verapamil,25,216.0,25517
Guinea Pig,verapamil,25,243.0,25518
Guinea Pig,verapamil,27,0.0,25519
Guinea Pig,verapamil,27,27.0,25520
Guinea Pig,verapamil,27,54.0,25521
Guinea Pig,verapamil,27,81.0,25522
Guinea Pig,verapamil,27,108.0,25523
Guinea Pig,verapamil,27,135.0,25524
Guinea Pig,verapamil,27,162.0,25525
Guinea Pig,verapamil,27,189.0,25526
Guinea Pig,verapamil,27,216.0,25527
Guinea Pig,verapamil,27,243.0,25528
Guinea Pig,verapamil,29,0.0,25529
Guinea Pig,verapamil,29,27.0,25530
Guinea Pig,verapamil,29,54.0,25531
Guinea Pig,verapamil,29,81.0,25532
Guinea Pig,verapamil,29,108.0,25533
Guinea Pig,verapamil,29,135.0,25534
Guinea Pig,verapamil,29,162.0,25535
Guinea Pig,verapamil,29,189.0,25536
Guinea Pig,verapamil,29,216.0,25537
Guinea Pig,verapamil,29,243.0,25538
Human,bepridil,0,0.0,1720
Human,bepridil,0,11.0,1721
Human,bepridil,0,22.0,1722
Human,bepridil,0,33.0,1723
Human,bepridil,0,44.0,1724
Human,bepridil,0,55.0,1725
Human,bepridil,0,66.0,1726
Human,bepridil,0,77.0,1727
Human,bepridil,0,88.0,1728
Human,bepridil,0,99.0,1729
Human,bepridil,1,0.0,1730
Human,bepridil,1,11.0,1731
Human,bepridil,1,22.0,1732
Human,bepridil,1,33.0,1733
Human,bepridil,1,44.0,1734
Human,bepridil,1,55.0,1735
Human,bepridil,1,66.0,1736
Human,bepridil,1,77.0,1737
Human,bepridil,1,88.0,1738
Human,bepridil,1,99.0,1739
Human,bepridil,2,0.0,1740
Human,bepridil,2,11.0,1741
Human,bepridil,2,22.0,1742
Human,bepridil,2,33.0,1743
Human,bepridil,2,44.0,1744
Human,bepridil,2,55.0,1745
Human,bepridil,2,66.0,1746
Human,bepridil,2,77.0,1747
Human,bepridil,2,88.0,1748
Human,bepridil,2,99.0,1749
Human,bepridil,3,0.0,1750
Human,bepridil,3,11.0,1751
Human,bepridil,3,22.0,1752
Human,bepridil,3,33.0,1753
Human,bepridil,3,44.0,1754
Human,bepridil,3,55.0,1755
Human,bepridil,3,66.0,1756
Human,bepridil,3,77.0,1757
Human,bepridil,3,88.0,1758
Human,bepridil,3,99.0,1759
Human,bepridil,4,0.0,1760
Human,bepridil,4,11.0,1761
Human,bepridil,4,22.0,1762
Human,bepridil,4,33.0,1763
Human,bepridil,4,44.0,1764
Human,bepridil,4,55.0,1765
Human,bepridil,4,66.0,1766
Human,bepridil,4,77.0,1767
Human,bepridil,4,88.0,1768
Human,bepridil,4,99.0,1769
Human,bepridil,5,0.0,1770
Human,bepridil,5,11.0,1771
Human,bepridil,5,22.0,1772
Human,bepridil,5,33.0,1773
Human,bepridil,5,44.0,1774
Human,bepridil,5,55.0,1775
Human,bepridil,5,66.0,1776
Human,bepridil,5,77.0,1777
Human,bepridil,5,88.0,1778
Human,bepridil,5,99.0,1779
Human,bepridil,7,0.0,1780
Human,bepridil,7,11.0,1781
Human,bepridil,7,22.0,1782
Human,bepridil,7,33.0,1783
Human,bepridil,7,44.0,1784
Human,bepridil,7,55.0,1785
Human,bepridil,7,66.0,1786
Human,bepridil,7,77.0,1787
Human,bepridil,7,88.0,1788
Human,bepridil,7,99.0,1789
Human,bepridil,8,0.0,1790
Human,bepridil,8,11.0,1791
Human,bepridil,8,22.0,1792
Human,bepridil,8,33.0,1793
Human,bepridil,8,44.0,1794
Human,bepridil,8,55.0,1795
Human,bepridil,8,66.0,1796
Human,bepridil,8,77.0,1797
Human,bepridil,8,88.0,1798
Human,bepridil,8,99.0,1799
Human,bepridil,9,0.0,1800
Human,bepridil,9,11.0,1801
Human,bepridil,9,22.0,1802
Human,bepridil,9,33.0,1803
Human,bepridil,9,44.0,1804
Human,bepridil,9,55.0,1805
Human,bepridil,9,66.0,1806
Human,bepridil,9,77.0,1807
Human,bepridil,9,88.0,1808
Human,bepridil,9,99.0,1809
Human,bepridil,10,0.0,1810
Human,bepridil,10,11.0,1811
Human,bepridil,10,22.0,1812
Human,bepridil,10,33.0,1813
Human,bepridil,10,44.0,1814
Human,bepridil,10,55.0,1815
Human,bepridil,10,66.0,1816
Human,bepridil,10,77.0,1817
Human,bepridil,10,88.0,1818
Human,bepridil,10,99.0,1819
Human,bepridil,11,0.0,1820
Human,bepridil,11,11.0,1821
Human,bepridil,11,22.0,1822
Human,bepridil,11,33.0,1823
Human,bepridil,11,44.0,1824
Human,bepridil,11,55.0,1825
Human,bepridil,11,66.0,1826
Human,bepridil,11,77.0,1827
Human,bepridil,11,88.0,1828
Human,bepridil,11,99.0,1829
Human,bepridil,13,0.0,1830
Human,bepridil,13,11.0,1831
Human,bepridil,13,22.0,1832
Human,bepridil,13,33.0,1833
Human,bepridil,13,44.0,1834
Human,bepridil,13,55.0,1835
Human,bepridil,13,66.0,1836
Human,bepridil,13,77.0,1837
Human,bepridil,13,88.0,1838
Human,bepridil,13,99.0,1839
Human,bepridil,14,0.0,1840
Human,bepridil,14,11.0,1841
Human,bepridil,14,22.0,1842
Human,bepridil,14,33.0,1843
Human,bepridil,14,44.0,1844
Human,bepridil,14,55.0,1845
Human,bepridil,14,66.0,1846
Human,bepridil,14,77.0,1847
Human,bepridil,14,88.0,1848
Human,bepridil,14,99.0,1849
Human,bepridil,15,0.0,1850
Human,bepridil,15,11.0,1851
Human,bepridil,15,22.0,1852
Human,bepridil,15,33.0,1853
Human,bepridil,15,44.0,1854
Human,bepridil,15,55.0,1855
Human,bepridil,15,66.0,1856
Human,bepridil,15,77.0,1857
Human,bepridil,15,88.0,1858
Human,bepridil,15,99.0,1859
Human,bepridil,16,0.0,1860
Human,bepridil,16,11.0,1861
Human,bepridil,16,22.0,1862
Human,bepridil,16,33.0,1863
Human,bepridil,16,44.0,1864
Human,bepridil,16,55.0,1865
Human,bepridil,16,66.0,1866
Human,bepridil,16,77.0,1867
Human,bepridil,16,88.0,1868
Human,bepridil,16,99.0,1869
Human,bepridil,17,0.0,1870
Human,bepridil,17,11.0,1871
Human,bepridil,17,22.0,1872
Human,bepridil,17,33.0,1873
Human,bepridil,17,44.0,1874
Human,bepridil,17,55.0,1875
Human,bepridil,17,66.0,1876
Human,bepridil,17,77.0,1877
Human,bepridil,17,88.0,1878
Human,bepridil,17,99.0,1879
Human,bepridil,18,0.0,1880
Human,bepridil,18,11.0,1881
Human,bepridil,18,22.0,1882
Human,bepridil,18,33.0,1883
Human,bepridil,18,44.0,1884
Human,bepridil,18,55.0,1885
Human,bepridil,18,66.0,1886
Human,bepridil,18,77.0,1887
Human,bepridil,18,88.0,1888
Human,bepridil,18,99.0,1889
Human,bepridil,19,0.0,1890
Human,bepridil,19,11.0,1891
Human,bepridil,19,22.0,1892
Human,bepridil,19,33.0,1893
Human,bepridil,19,44.0,1894
Human,bepridil,19,55.0,1895
Human,bepridil,19,66.0,1896
Human,bepridil,19,77.0,1897
Human,bepridil,19,88.0,1898
Human,bepridil,19,99.0,1899
Human,bepridil,22,0.0,1900
Human,bepridil,22,11.0,1901
Human,bepridil,22,22.0,1902
Human,bepridil,22,33.0,1903
Human,bepridil,22,44.0,1904
Human,bepridil,22,55.0,1905
Human,bepridil,22,66.0,1906
Human,bepridil,22,77.0,1907
Human,bepridil,22,88.0,1908
Human,bepridil,22,99.0,1909
Human,bepridil,24,0.0,1910
Human,bepridil,24,11.0,1911
Human,bepridil,24,22.0,1912
Human,bepridil,24,33.0,1913
Human,bepridil,24,44.0,1914
Human,bepridil,24,55.0,1915
Human,bepridil,24,66.0,1916
Human,bepridil,24,77.0,1917
Human,bepridil,24,88.0,1918
Human,bepridil,24,99.0,1919
Human,bepridil,29,0.0,1920
Human,bepridil,29,11.0,1921
Human,bepridil,29,22.0,1922
Human,bepridil,29,33.0,1923
Human,bepridil,29,44.0,1924
Human,bepridil,29,55.0,1925
Human,bepridil,29,66.0,1926
Human,bepridil,29,77.0,1927
Human,bepridil,29,88.0,1928
Human,bepridil,29,99.0,1929
Human,bepridil,31,0.0,1930
Human,bepridil,31,11.0,1931
Human,bepridil,31,22.0,1932
Human,bepridil,31,33.0,1933
Human,bepridil,31,44.0,1934
Human,bepridil,31,55.0,1935
Human,bepridil,31,66.0,1936
Human,bepridil,31,77.0,1937
Human,bepridil,31,88.0,1938
Human,bepridil,31,99.0,1939
Human,chlorpromazine,0,0.0,4140
Human,chlorpromazine,0,12.67,4141
Human,chlorpromazine,0,25.33,4142
Human,chlorpromazine,0,38.0,4143
Human,chlorpromazine,0,50.67,4144
Human,chlorpromazine,0,63.33,4145
Human,chlorpromazine,0,76.0,4146
Human,chlorpromazine,0,88.67,4147
Human,chlorpromazine,0,101.33,4148
Human,chlorpromazine,0,114.0,4149
Human,chlorpromazine,1,0.0,4150
Human,chlorpromazine,1,12.67,4151
Human,chlorpromazine,1,25.33,4152
Human,chlorpromazine,1,38.0,4153
Human,chlorpromazine,1,50.67,4154
Human,chlorpromazine,1,63.33,4155
Human,chlorpromazine,1,76.0,4156
Human,chlorpromazine,1,88.67,4157
Human,chlorpromazine,1,101.33,4158
Human,chlorpromazine,1,114.0,4159
Human,chlorpromazine,2,0.0,4160
Human,chlorpromazine,2,12.67,4161
Human,chlorpromazine,2,25.33,4162
Human,chlorpromazine,2,38.0,4163
Human,chlorpromazine,2,50.67,4164
Human,chlorpromazine,2,63.33,4165
Human,chlorpromazine,2,76.0,4166
Human,chlorpromazine,2,88.67,4167
Human,chlorpromazine,2,101.33,4168
Human,chlorpromazine,2,114.0,4169
Human,chlorpromazine,3,0.0,4170
Human,chlorpromazine,3,12.67,4171
Human,chlorpromazine,3,25.33,4172
Human,chlorpromazine,3,38.0,4173
Human,chlorpromazine,3,50.67,4174
Human,chlorpromazine,3,63.33,4175
Human,chlorpromazine,3,76.0,4176
Human,chlorpromazine,3,88.67,4177
Human,chlorpromazine,3,101.33,4178
Human,chlorpromazine,3,114.0,4179
Human,chlorpromazine,4,0.0,4180
Human,chlorpromazine,4,12.67,4181
Human,chlorpromazine,4,25.33,4182
Human,chlorpromazine,4,38.0,4183
Human,chlorpromazine,4,50.67,4184
Human,chlorpromazine,4,63.33,4185
Human,chlorpromazine,4,76.0,4186
Human,chlorpromazine,4,88.67,4187
Human,chlorpromazine,4,101.33,4188
Human,chlorpromazine,4,114.0,4189
Human,chlorpromazine,5,0.0,4190
Human,chlorpromazine,5,12.67,4191
Human,chlorpromazine,5,25.33,4192
Human,chlorpromazine,5,38.0,4193
Human,chlorpromazine,5,50.67,4194
Human,chlorpromazine,5,63.33,4195
Human,chlorpromazine,5,76.0,4196
Human,chlorpromazine,5,88.67,4197
Human,chlorpromazine,5,101.33,4198
Human,chlorpromazine,5,114.0,4199
Human,chlorpromazine,6,0.0,4200
Human,chlorpromazine,6,12.67,4201
Human,chlorpromazine,6,25.33,4202
Human,chlorpromazine,6,38.0,4203
Human,chlorpromazine,6,50.67,4204
Human,chlorpromazine,6,63.33,4205
Human,chlorpromazine,6,76.0,4206
Human,chlorpromazine,6,88.67,4207
Human,chlorpromazine,6,101.33,4208
Human,chlorpromazine,6,114.0,4209
Human,chlorpromazine,7,0.0,4210
Human,chlorpromazine,7,12.67,4211
Human,chlorpromazine,7,25.33,4212
Human,chlorpromazine,7,38.0,4213
Human,chlorpromazine,7,50.67,4214
Human,chlorpromazine,7,63.33,4215
Human,chlorpromazine,7,76.0,4216
Human,chlorpromazine,7,88.67,4217
Human,chlorpromazine,7,101.33,4218
Human,chlorpromazine,7,114.0,4219
Human,chlorpromazine,8,0.0,4220
Human,chlorpromazine,8,12.67,4221
Human,chlorpromazine,8,25.33,4222
Human,chlorpromazine,8,38.0,4223
Human,chlorpromazine,8,50.67,4224
Human,chlorpromazine,8,63.33,4225
Human,chlorpromazine,8,76.0,4226
Human,chlorpromazine,8,88.67,4227
Human,chlorpromazine,8,101.33,4228
Human,chlorpromazine,8,114.0,4229
Human,chlorpromazine,9,0.0,4230
Human,chlorpromazine,9,12.67,4231
Human,chlorpromazine,9,25.33,4232
Human,chlorpromazine,9,38.0,4233
Human,chlorpromazine,9,50.67,4234
Human,chlorpromazine,9,63.33,4235
Human,chlorpromazine,9,76.0,4236
Human,chlorpromazine,9,88.67,4237
Human,chlorpromazine,9,101.33,4238
Human,chlorpromazine,9,114.0,4239
Human,chlorpromazine,11,0.0,4240
Human,chlorpromazine,11,12.67,4241
Human,chlorpromazine,11,25.33,4242
Human,chlorpromazine,11,38.0,4243
Human,chlorpromazine,11,50.67,4244
Human,chlorpromazine,11,63.33,4245
Human,chlorpromazine,11,76.0,4246
Human,chlorpromazine,11,88.67,4247
Human,chlorpromazine,11,101.33,4248
Human,chlorpromazine,11,114.0,4249
Human,chlorpromazine,12,0.0,4250
Human,chlorpromazine,12,12.67,4251
Human,chlorpromazine,12,25.33,4252
Human,chlorpromazine,12,38.0,4253
Human,chlorpromazine,12,50.67,4254
Human,chlorpromazine,12,63.33,4255
Human,chlorpromazine,12,76.0,4256
Human,chlorpromazine,12,88.67,4257
Human,chlorpromazine,12,101.33,4258
Human,chlorpromazine,12,114.0,4259
Human,chlorpromazine,13,0.0,4260
Human,chlorpromazine,13,12.67,4261
Human,chlorpromazine,13,25.33,4262
Human,chlorpromazine,13,38.0,4263
Human,chlorpromazine,13,50.67,4264
Human,chlorpromazine,13,63.33,4265
Human,chlorpromazine,13,76.0,4266
Human,chlorpromazine,13,88.67,4267
Human,chlorpromazine,13,101.33,4268
Human,chlorpromazine,13,114.0,4269
Human,chlorpromazine,14,0.0,4270
Human,chlorpromazine,14,12.67,4271
Human,chlorpromazine,14,25.33,4272
Human,chlorpromazine,14,38.0,4273
Human,chlorpromazine,14,50.67,4274
Human,chlorpromazine,14,63.33,4275
Human,chlorpromazine,14,76.0,4276
Human,chlorpromazine,14,88.67,4277
Human,chlorpromazine,14,101.33,4278
Human,chlorpromazine,14,114.0,4279
Human,chlorpromazine,15,0.0,4280
Human,chlorpromazine,15,12.67,4281
Human,chlorpromazine,15,25.33,4282
Human,chlorpromazine,15,38.0,4283
Human,chlorpromazine,15,50.67,4284
Human,chlorpromazine,15,63.33,4285
Human,chlorpromazine,15,76.0,4286
Human,chlorpromazine,15,88.67,4287
Human,chlorpromazine,15,101.33,4288
Human,chlorpromazine,15,114.0,4289
Human,chlorpromazine,16,0.0,4290
Human,chlorpromazine,16,12.67,4291
Human,chlorpromazine,16,25.33,4292
Human,chlorpromazine,16,38.0,4293
Human,chlorpromazine,16,50.67,4294
Human,chlorpromazine,16,63.33,4295
Human,chlorpromazine,16,76.0,4296
Human,chlorpromazine,16,88.67,4297
Human,chlorpromazine,16,101.33,4298
Human,chlorpromazine,16,114.0,4299
Human,chlorpromazine,17,0.0,4300
Human,chlorpromazine,17,12.67,4301
Human,chlorpromazine,17,25.33,4302
Human,chlorpromazine,17,38.0,4303
Human,chlorpromazine,17,50.67,4304
Human,chlorpromazine,17,63.33,4305
Human,chlorpromazine,17,76.0,4306
Human,chlorpromazine,17,88.67,4307
Human,chlorpromazine,17,101.33,4308
Human,chlorpromazine,17,114.0,4309
Human,chlorpromazine,19,0.0,4310
Human,chlorpromazine,19,12.67,4311
Human,chlorpromazine,19,25.33,4312
Human,chlorpromazine,19,38.0,4313
Human,chlorpromazine,19,50.67,4314
Human,chlorpromazine,19,63.33,4315
Human,chlorpromazine,19,76.0,4316
Human,chlorpromazine,19,88.67,4317
Human,chlorpromazine,19,101.33,4318
Human,chlorpromazine,19,114.0,4319
Human,chlorpromazine,22,0.0,4320
Human,chlorpromazine,22,12.67,4321
Human,chlorpromazine,22,25.33,4322
Human,chlorpromazine,22,38.0,4323
Human,chlorpromazine,22,50.67,4324
Human,chlorpromazine,22,63.33,4325
Human,chlorpromazine,22,76.0,4326
Human,chlorpromazine,22,88.67,4327
Human,chlorpromazine,22,101.33,4328
Human,chlorpromazine,22,114.0,4329
Human,chlorpromazine,24,0.0,4330
Human,chlorpromazine,24,12.67,4331
Human,chlorpromazine,24,25.33,4332
Human,chlorpromazine,24,38.0,4333
Human,chlorpromazine,24,50.67,4334
Human,chlorpromazine,24,63.33,4335
Human,chlorpromazine,24,76.0,4336
Human,chlorpromazine,24,88.67,4337
Human,chlorpromazine,24,101.33,4338
Human,chlorpromazine,24,114.0,4339
Human,chlorpromazine,26,0.0,4340
Human,chlorpromazine,26,12.67,4341
Human,chlorpromazine,26,25.33,4342
Human,chlorpromazine,26,38.0,4343
Human,chlorpromazine,26,50.67,4344
Human,chlorpromazine,26,63.33,4345
Human,chlorpromazine,26,76.0,4346
Human,chlorpromazine,26,88.67,4347
Human,chlorpromazine,26,101.33,4348
Human,chlorpromazine,26,114.0,4349
Human,chlorpromazine,29,0.0,4350
Human,chlorpromazine,29,12.67,4351
Human,chlorpromazine,29,25.33,4352
Human,chlorpromazine,29,38.0,4353
Human,chlorpromazine,29,50.67,4354
Human,chlorpromazine,29,63.33,4355
Human,chlorpromazine,29,76.0,4356
Human,chlorpromazine,29,88.67,4357
Human,chlorpromazine,29,101.33,4358
Human,chlorpromazine,29,114.0,4359
Human,chlorpromazine,31,0.0,4360
Human,chlorpromazine,31,12.67,4361
Human,chlorpromazine,31,25.33,4362
Human,chlorpromazine,31,38.0,4363
Human,chlorpromazine,31,50.67,4364
Human,chlorpromazine,31,63.33,4365
Human,chlorpromazine,31,76.0,4366
Human,chlorpromazine,31,88.67,4367
Human,chlorpromazine,31,101.33,4368
Human,chlorpromazine,31,114.0,4369
Human,cisapride,0,0.0,6490
Human,cisapride,0,0.87,6491
Human,cisapride,0,1.73,6492
Human,cisapride,0,2.6,6493
Human,cisapride,0,3.47,6494
Human,cisapride,0,4.33,6495
Human,cisapride,0,5.2,6496
Human,cisapride,0,6.07,6497
Human,cisapride,0,6.93,6498
Human,cisapride,0,7.8,6499
Human,cisapride,1,0.0,6500
Human,cisapride,1,0.87,6501
Human,cisapride,1,1.73,6502
Human,cisapride,1,2.6,6503
Human,cisapride,1,3.47,6504
Human,cisapride,1,4.33,6505
Human,cisapride,1,5.2,6506
Human,cisapride,1,6.07,6507
Human,cisapride,1,6.93,6508
Human,cisapride,1,7.8,6509
Human,cisapride,3,0.0,6510
Human,cisapride,3,0.87,6511
Human,cisapride,3,1.73,6512
Human,cisapride,3,2.6,6513
Human,cisapride,3,3.47,6514
Human,cisapride,3,4.33,6515
Human,cisapride,3,5.2,6516
Human,cisapride,3,6.07,6517
Human,cisapride,3,6.93,6518
Human,cisapride,3,7.8,6519
Human,cisapride,4,0.0,6520
Human,cisapride,4,0.87,6521
Human,cisapride,4,1.73,6522
Human,cisapride,4,2.6,6523
Human,cisapride,4,3.47,6524
Human,cisapride,4,4.33,6525
Human,cisapride,4,5.2,6526
Human,cisapride,4,6.07,6527
Human,cisapride,4,6.93,6528
Human,cisapride,4,7.8,6529
Human,cisapride,5,0.0,6530
Human,cisapride,5,0.87,6531
Human,cisapride,5,1.73,6532
Human,cisapride,5,2.6,6533
Human,cisapride,5,3.47,6534
Human,cisapride,5,4.33,6535
Human,cisapride,5,5.2,6536
Human,cisapride,5,6.07,6537
Human,cisapride,5,6.93,6538
Human,cisapride,5,7.8,6539
Human,cisapride,6,0.0,6540
Human,cisapride,6,0.87,6541
Human,cisapride,6,1.73,6542
Human,cisapride,6,2.6,6543
Human,cisapride,6,3.47,6544
Human,cisapride,6,4.33,6545
Human,cisapride,6,5.2,6546
Human,cisapride,6,6.07,6547
Human,cisapride,6,6.93,6548
Human,cisapride,6,7.8,6549
Human,cisapride,7,0.0,6550
Human,cisapride,7,0.87,6551
Human,cisapride,7,1.73,6552
Human,cisapride,7,2.6,6553
Human,cisapride,7,3.47,6554
Human,cisapride,7,4.33,6555
Human,cisapride,7,5.2,6556
Human,cisapride,7,6.07,6557
Human,cisapride,7,6.93,6558
Human,cisapride,7,7.8,6559
Human,cisapride,8,0.0,6560
Human,cisapride,8,0.87,6561
Human,cisapride,8,1.73,6562
Human,cisapride,8,2.6,6563
Human,cisapride,8,3.47,6564
Human,cisapride,8,4.33,6565
Human,cisapride,8,5.2,6566
Human,cisapride,8,6.07,6567
Human,cisapride,8,6.93,6568
Human,cisapride,8,7.8,6569
Human,cisapride,9,0.0,6570
Human,cisapride,9,0.87,6571
Human,cisapride,9,1.73,6572
Human,cisapride,9,2.6,6573
Human,cisapride,9,3.47,6574
Human,cisapride,9,4.33,6575
Human,cisapride,9,5.2,6576
Human,cisapride,9,6.07,6577
Human,cisapride,9,6.93,6578
Human,cisapride,9,7.8,6579
Human,cisapride,10,0.0,6580
Human,cisapride,10,0.87,6581
Human,cisapride,10,1.73,6582
Human,cisapride,10,2.6,6583
Human,cisapride,10,3.47,6584
Human,cisapride,10,4.33,6585
Human,cisapride,10,5.2,6586
Human,cisapride,10,6.07,6587
Human,cisapride,10,6.93,6588
Human,cisapride,10,7.8,6589
Human,cisapride,11,0.0,6590
Human,cisapride,11,0.87,6591
Human,cisapride,11,1.73,6592
Human,cisapride,11,2.6,6593
Human,cisapride,11,3.47,6594
Human,cisapride,11,4.33,6595
Human,cisapride,11,5.2,6596
Human,cisapride,11,6.07,6597
Human,cisapride,11,6.93,6598
Human,cisapride,11,7.8,6599
Human,cisapride,12,0.0,6600
Human,cisapride,12,0.87,6601
Human,cisapride,12,1.73,6602
Human,cisapride,12,2.6,6603
Human,cisapride,12,3.47,6604
Human,cisapride,12,4.33,6605
Human,cisapride,12,5.2,6606
Human,cisapride,12,6.07,6607
Human,cisapride,12,6.93,6608
Human,cisapride,12,7.8,6609
Human,cisapride,13,0.0,6610
Human,cisapride,13,0.87,6611
Human,cisapride,13,1.73,6612
Human,cisapride,13,2.6,6613
Human,cisapride,13,3.47,6614
Human,cisapride,13,4.33,6615
Human,cisapride,13,5.2,6616
Human,cisapride,13,6.07,6617
Human,cisapride,13,6.93,6618
Human,cisapride,13,7.8,6619
Human,cisapride,16,0.0,6620
Human,cisapride,16,0.87,6621
Human,cisapride,16,1.73,6622
Human,cisapride,16,2.6,6623
Human,cisapride,16,3.47,6624
Human,cisapride,16,4.33,6625
Human,cisapride,16,5.2,6626
Human,cisapride,16,6.07,6627
Human,cisapride,16,6.93,6628
Human,cisapride,16,7.8,6629
Human,cisapride,17,0.0,6630
Human,cisapride,17,0.87,6631
Human,cisapride,17,1.73,6632
Human,cisapride,17,2.6,6633
Human,cisapride,17,3.47,6634
Human,cisapride,17,4.33,6635
Human,cisapride,17,5.2,6636
Human,cisapride,17,6.07,6637
Human,cisapride,17,6.93,6638
Human,cisapride,17,7.8,6639
Human,cisapride,18,0.0,6640
Human,cisapride,18,0.87,6641
Human,cisapride,18,1.73,6642
Human,cisapride,18,2.6,6643
Human,cisapride,18,3.47,6644
Human,cisapride,18,4.33,6645
Human,cisapride,18,5.2,6646
Human,cisapride,18,6.07,6647
Human,cisapride,18,6.93,6648
Human,cisapride,18,7.8,6649
Human,cisapride,19,0.0,6650
Human,cisapride,19,0.87,6651
Human,cisapride,19,1.73,6652
Human,cisapride,19,2.6,6653
Human,cisapride,19,3.47,6654
Human,cisapride,19,4.33,6655
Human,cisapride,19,5.2,6656
Human,cisapride,19,6.07,6657
Human,cisapride,19,6.93,6658
Human,cisapride,19,7.8,6659
Human,cisapride,23,0.0,6660
Human,cisapride,23,0.87,6661
Human,cisapride,23,1.73,6662
Human,cisapride,23,2.6,6663
Human,cisapride,23,3.47,6664
Human,cisapride,23,4.33,6665
Human,cisapride,23,5.2,6666
Human,cisapride,23,6.07,6667
Human,cisapride,23,6.93,6668
Human,cisapride,23,7.8,6669
Human,cisapride,26,0.0,6670
Human,cisapride,26,0.87,6671
Human,cisapride,26,1.73,6672
Human,cisapride,26,2.6,6673
Human,cisapride,26,3.47,6674
Human,cisapride,26,4.33,6675
Human,cisapride,26,5.2,6676
Human,cisapride,26,6.07,6677
Human,cisapride,26,6.93,6678
Human,cisapride,26,7.8,6679
Human,cisapride,28,0.0,6680
Human,cisapride,28,0.87,6681
Human,cisapride,28,1.73,6682
Human,cisapride,28,2.6,6683
Human,cisapride,28,3.47,6684
Human,cisapride,28,4.33,6685
Human,cisapride,28,5.2,6686
Human,cisapride,28,6.07,6687
Human,cisapride,28,6.93,6688
Human,cisapride,28,7.8,6689
Human,diltiazem,0,0.0,8720
Human,diltiazem,0,40.67,8721
Human,diltiazem,0,81.33,8722
Human,diltiazem,0,122.0,8723
Human,diltiazem,0,162.67,8724
Human,diltiazem,0,203.33,8725
Human,diltiazem,0,244.0,8726
Human,diltiazem,0,284.67,8727
Human,diltiazem,0,325.33,8728
Human,diltiazem,0,366.0,8729
Human,diltiazem,1,0.0,8730
Human,diltiazem,1,40.67,8731
Human,diltiazem,1,81.33,8732
Human,diltiazem,1,122.0,8733
Human,diltiazem,1,162.67,8734
Human,diltiazem,1,203.33,8735
Human,diltiazem,1,244.0,8736
Human,diltiazem,1,284.67,8737
Human,diltiazem,1,325.33,8738
Human,diltiazem,1,366.0,8739
Human,diltiazem,2,0.0,8740
Human,diltiazem,2,40.67,8741
Human,diltiazem,2,81.33,8742
Human,diltiazem,2,122.0,8743
Human,diltiazem,2,162.67,8744
Human,diltiazem,2,203.33,8745
Human,diltiazem,2,244.0,8746
Human,diltiazem,2,284.67,8747
Human,diltiazem,2,325.33,8748
Human,diltiazem,2,366.0,8749
Human,diltiazem,3,0.0,8750
Human,diltiazem,3,40.67,8751
Human,diltiazem,3,81.33,8752
Human,diltiazem,3,122.0,8753
Human,diltiazem,3,162.67,8754
Human,diltiazem,3,203.33,8755
Human,diltiazem,3,244.0,8756
Human,diltiazem,3,284.67,8757
Human,diltiazem,3,325.33,8758
Human,diltiazem,3,366.0,8759
Human,diltiazem,4,0.0,8760
Human,diltiazem,4,40.67,8761
Human,diltiazem,4,81.33,8762
Human,diltiazem,4,122.0,8763
Human,diltiazem,4,162.67,8764
Human,diltiazem,4,203.33,8765
Human,diltiazem,4,244.0,8766
Human,diltiazem,4,284.67,8767
Human,diltiazem,4,325.33,8768
Human,diltiazem,4,366.0,8769
Human,diltiazem,5,0.0,8770
Human,diltiazem,5,40.67,8771
Human,diltiazem,5,81.33,8772
Human,diltiazem,5,122.0,8773
Human,diltiazem,5,162.67,8774
Human,diltiazem,5,203.33,8775
Human,diltiazem,5,244.0,8776
Human,diltiazem,5,284.67,8777
Human,diltiazem,5,325.33,8778
Human,diltiazem,5,366.0,8779
Human,diltiazem,7,0.0,8780
Human,diltiazem,7,40.67,8781
Human,diltiazem,7,81.33,8782
Human,diltiazem,7,122.0,8783
Human,diltiazem,7,162.67,8784
Human,diltiazem,7,203.33,8785
Human,diltiazem,7,244.0,8786
Human,diltiazem,7,284.67,8787
Human,diltiazem,7,325.33,8788
Human,diltiazem,7,366.0,8789
Human,diltiazem,8,0.0,8790
Human,diltiazem,8,40.67,8791
Human,diltiazem,8,81.33,8792
Human,diltiazem,8,122.0,8793
Human,diltiazem,8,162.67,8794
Human,diltiazem,8,203.33,8795
Human,diltiazem,8,244.0,8796
Human,diltiazem,8,284.67,8797
Human,diltiazem,8,325.33,8798
Human,diltiazem,8,366.0,8799
Human,diltiazem,9,0.0,8800
Human,diltiazem,9,40.67,8801
Human,diltiazem,9,81.33,8802
Human,diltiazem,9,122.0,8803
Human,diltiazem,9,162.67,8804
Human,diltiazem,9,203.33,8805
Human,diltiazem,9,244.0,8806
Human,diltiazem,9,284.67,8807
Human,diltiazem,9,325.33,8808
Human,diltiazem,9,366.0,8809
Human,diltiazem,10,0.0,8810
Human,diltiazem,10,40.67,8811
Human,diltiazem,10,81.33,8812
Human,diltiazem,10,122.0,8813
Human,diltiazem,10,162.67,8814
Human,diltiazem,10,203.33,8815
Human,diltiazem,10,244.0,8816
Human,diltiazem,10,284.67,8817
Human,diltiazem,10,325.33,8818
Human,diltiazem,10,366.0,8819
Human,diltiazem,11,0.0,8820
Human,diltiazem,11,40.67,8821
Human,diltiazem,11,81.33,8822
Human,diltiazem,11,122.0,8823
Human,diltiazem,11,162.67,8824
Human,diltiazem,11,203.33,8825
Human,diltiazem,11,244.0,8826
Human,diltiazem,11,284.67,8827
Human,diltiazem,11,325.33,8828
Human,diltiazem,11,366.0,8829
Human,diltiazem,13,0.0,8830
Human,diltiazem,13,40.67,8831
Human,diltiazem,13,81.33,8832
Human,diltiazem,13,122.0,8833
Human,diltiazem,13,162.67,8834
Human,diltiazem,13,203.33,8835
Human,diltiazem,13,244.0,8836
Human,diltiazem,13,284.67,8837
Human,diltiazem,13,325.33,8838
Human,diltiazem,13,366.0,8839
Human,diltiazem,14,0.0,8840
Human,diltiazem,14,40.67,8841
Human,diltiazem,14,81.33,8842
Human,diltiazem,14,122.0,8843
Human,diltiazem,14,162.67,8844
Human,diltiazem,14,203.33,8845
Human,diltiazem,14,244.0,8846
Human,diltiazem,14,284.67,8847
Human,diltiazem,14,325.33,8848
Human,diltiazem,14,366.0,8849
Human,diltiazem,15,0.0,8850
Human,diltiazem,15,40.67,8851
Human,diltiazem,15,81.33,8852
Human,diltiazem,15,122.0,8853
Human,diltiazem,15,162.67,8854
Human,diltiazem,15,203.33,8855
Human,diltiazem,15,244.0,8856
Human,diltiazem,15,284.67,8857
Human,diltiazem,15,325.33,8858
Human,diltiazem,15,366.0,8859
Human,diltiazem,16,0.0,8860
Human,diltiazem,16,40.67,8861
Human,diltiazem,16,81.33,8862
Human,diltiazem,16,122.0,8863
Human,diltiazem,16,162.67,8864
Human,diltiazem,16,203.33,8865
Human,diltiazem,16,244.0,8866
Human,diltiazem,16,284.67,8867
Human,diltiazem,16,325.33,8868
Human,diltiazem,16,366.0,8869
Human,diltiazem,17,0.0,8870
Human,diltiazem,17,40.67,8871
Human,diltiazem,17,81.33,8872
Human,diltiazem,17,122.0,8873
Human,diltiazem,17,162.67,8874
Human,diltiazem,17,203.33,8875
Human,diltiazem,17,244.0,8876
Human,diltiazem,17,284.67,8877
Human,diltiazem,17,325.33,8878
Human,diltiazem,17,366.0,8879
Human,diltiazem,18,0.0,8880
Human,diltiazem,18,40.67,8881
Human,diltiazem,18,81.33,8882
Human,diltiazem,18,122.0,8883
Human,diltiazem,18,162.67,8884
Human,diltiazem,18,203.33,8885
Human,diltiazem,18,244.0,8886
Human,diltiazem,18,284.67,8887
Human,diltiazem,18,325.33,8888
Human,diltiazem,18,366.0,8889
Human,diltiazem,22,0.0,8890
Human,diltiazem,22,40.67,8891
Human,diltiazem,22,81.33,8892
Human,diltiazem,22,122.0,8893
Human,diltiazem,22,162.67,8894
Human,diltiazem,22,203.33,8895
Human,diltiazem,22,244.0,8896
Human,diltiazem,22,284.67,8897
Human,diltiazem,22,325.33,8898
Human,diltiazem,22,366.0,8899
Human,diltiazem,24,0.0,8900
Human,diltiazem,24,40.67,8901
Human,diltiazem,24,81.33,8902
Human,diltiazem,24,122.0,8903
Human,diltiazem,24,162.67,8904
Human,diltiazem,24,203.33,8905
Human,diltiazem,24,244.0,8906
Human,diltiazem,24,284.67,8907
Human,diltiazem,24,325.33,8908
Human,diltiazem,24,366.0,8909
Human,diltiazem,26,0.0,8910
Human,diltiazem,26,40.67,8911
Human,diltiazem,26,81.33,8912
Human,diltiazem,26,122.0,8913
Human,diltiazem,26,162.67,8914
Human,diltiazem,26,203.33,8915
Human,diltiazem,26,244.0,8916
Human,diltiazem,26,284.67,8917
Human,diltiazem,26,325.33,8918
Human,diltiazem,26,366.0,8919
Human,diltiazem,27,0.0,8920
Human,diltiazem,27,40.67,8921
Human,diltiazem,27,81.33,8922
Human,diltiazem,27,122.0,8923
Human,diltiazem,27,162.67,8924
Human,diltiazem,27,203.33,8925
Human,diltiazem,27,244.0,8926
Human,diltiazem,27,284.67,8927
Human,diltiazem,27,325.33,8928
Human,diltiazem,27,366.0,8929
Human,diltiazem,29,0.0,8930
Human,diltiazem,29,40.67,8931
Human,diltiazem,29,81.33,8932
Human,diltiazem,29,122.0,8933
Human,diltiazem,29,162.67,8934
Human,diltiazem,29,203.33,8935
Human,diltiazem,29,244.0,8936
Human,diltiazem,29,284.67,8937
Human,diltiazem,29,325.33,8938
Human,diltiazem,29,366.0,8939
Human,diltiazem,31,0.0,8940
Human,diltiazem,31,40.67,8941
Human,diltiazem,31,81.33,8942
Human,diltiazem,31,122.0,8943
Human,diltiazem,31,162.67,8944
Human,diltiazem,31,203.33,8945
Human,diltiazem,31,244.0,8946
Human,diltiazem,31,284.67,8947
Human,diltiazem,31,325.33,8948
Human,diltiazem,31,366.0,8949
Human,dofetilide,0,0.0,11080
Human,dofetilide,0,0.67,11081
Human,dofetilide,0,1.33,11082
Human,dofetilide,0,2.0,11083
Human,dofetilide,0,2.67,11084
Human,dofetilide,0,3.33,11085
Human,dofetilide,0,4.0,11086
Human,dofetilide,0,4.67,11087
Human,dofetilide,0,5.33,11088
Human,dofetilide,0,6.0,11089
Human,dofetilide,1,0.0,11090
Human,dofetilide,1,0.67,11091
Human,dofetilide,1,1.33,11092
Human,dofetilide,1,2.0,11093
Human,dofetilide,1,2.67,11094
Human,dofetilide,1,3.33,11095
Human,dofetilide,1,4.0,11096
Human,dofetilide,1,4.67,11097
Human,dofetilide,1,5.33,11098
Human,dofetilide,1,6.0,11099
Human,dofetilide,3,0.0,11100
Human,dofetilide,3,0.67,11101
Human,dofetilide,3,1.33,11102
Human,dofetilide,3,2.0,11103
Human,dofetilide,3,2.67,11104
Human,dofetilide,3,3.33,11105
Human,dofetilide,3,4.0,11106
Human,dofetilide,3,4.67,11107
Human,dofetilide,3,5.33,11108
Human,dofetilide,3,6.0,11109
Human,dofetilide,4,0.0,11110
Human,dofetilide,4,0.67,11111
Human,dofetilide,4,1.33,11112
Human,dofetilide,4,2.0,11113
Human,dofetilide,4,2.67,11114
Human,dofetilide,4,3.33,11115
Human,dofetilide,4,4.0,11116
Human,dofetilide,4,4.67,11117
Human,dofetilide,4,5.33,11118
Human,dofetilide,4,6.0,11119
Human,dofetilide,5,0.0,11120
Human,dofetilide,5,0.67,11121
Human,dofetilide,5,1.33,11122
Human,dofetilide,5,2.0,11123
Human,dofetilide,5,2.67,11124
Human,dofetilide,5,3.33,11125
Human,dofetilide,5,4.0,11126
Human,dofetilide,5,4.67,11127
Human,dofetilide,5,5.33,11128
Human,dofetilide,5,6.0,11129
Human,dofetilide,6,0.0,11130
Human,dofetilide,6,0.67,11131
Human,dofetilide,6,1.33,11132
Human,dofetilide,6,2.0,11133
Human,dofetilide,6,2.67,11134
Human,dofetilide,6,3.33,11135
Human,dofetilide,6,4.0,11136
Human,dofetilide,6,4.67,11137
Human,dofetilide,6,5.33,11138
Human,dofetilide,6,6.0,11139
Human,dofetilide,8,0.0,11140
Human,dofetilide,8,0.67,11141
Human,dofetilide,8,1.33,11142
Human,dofetilide,8,2.0,11143
Human,dofetilide,8,2.67,11144
Human,dofetilide,8,3.33,11145
Human,dofetilide,8,4.0,11146
Human,dofetilide,8,4.67,11147
Human,dofetilide,8,5.33,11148
Human,dofetilide,8,6.0,11149
Human,dofetilide,9,0.0,11150
Human,dofetilide,9,0.67,11151
Human,dofetilide,9,1.33,11152
Human,dofetilide,9,2.0,11153
Human,dofetilide,9,2.67,11154
Human,dofetilide,9,3.33,11155
Human,dofetilide,9,4.0,11156
Human,dofetilide,9,4.67,11157
Human,dofetilide,9,5.33,11158
Human,dofetilide,9,6.0,11159
Human,dofetilide,10,0.0,11160
Human,dofetilide,10,0.67,11161
Human,dofetilide,10,1.33,11162
Human,dofetilide,10,2.0,11163
Human,dofetilide,10,2.67,11164
Human,dofetilide,10,3.33,11165
Human,dofetilide,10,4.0,11166
Human,dofetilide,10,4.67,11167
Human,dofetilide,10,5.33,11168
Human,dofetilide,10,6.0,11169
Human,dofetilide,11,0.0,11170
Human,dofetilide,11,0.67,11171
Human,dofetilide,11,1.33,11172
Human,dofetilide,11,2.0,11173
Human,dofetilide,11,2.67,11174
Human,dofetilide,11,3.33,11175
Human,dofetilide,11,4.0,11176
Human,dofetilide,11,4.67,11177
Human,dofetilide,11,5.33,11178
Human,dofetilide,11,6.0,11179
Human,dofetilide,12,0.0,11180
Human,dofetilide,12,0.67,11181
Human,dofetilide,12,1.33,11182
Human,dofetilide,12,2.0,11183
Human,dofetilide,12,2.67,11184
Human,dofetilide,12,3.33,11185
Human,dofetilide,12,4.0,11186
Human,dofetilide,12,4.67,11187
Human,dofetilide,12,5.33,11188
Human,dofetilide,12,6.0,11189
Human,dofetilide,13,0.0,11190
Human,dofetilide,13,0.67,11191
Human,dofetilide,13,1.33,11192
Human,dofetilide,13,2.0,11193
Human,dofetilide,13,2.67,11194
Human,dofetilide,13,3.33,11195
Human,dofetilide,13,4.0,11196
Human,dofetilide,13,4.67,11197
Human,dofetilide,13,5.33,11198
Human,dofetilide,13,6.0,11199
Human,dofetilide,14,0.0,11200
Human,dofetilide,14,0.67,11201
Human,dofetilide,14,1.33,11202
Human,dofetilide,14,2.0,11203
Human,dofetilide,14,2.67,11204
Human,dofetilide,14,3.33,11205
Human,dofetilide,14,4.0,11206
Human,dofetilide,14,4.67,11207
Human,dofetilide,14,5.33,11208
Human,dofetilide,14,6.0,11209
Human,dofetilide,16,0.0,11210
Human,dofetilide,16,0.67,11211
Human,dofetilide,16,1.33,11212
Human,dofetilide,16,2.0,11213
Human,dofetilide,16,2.67,11214
Human,dofetilide,16,3.33,11215
Human,dofetilide,16,4.0,11216
Human,dofetilide,16,4.67,11217
Human,dofetilide,16,5.33,11218
Human,dofetilide,16,6.0,11219
Human,dofetilide,17,0.0,11220
Human,dofetilide,17,0.67,11221
Human,dofetilide,17,1.33,11222
Human,dofetilide,17,2.0,11223
Human,dofetilide,17,2.67,11224
Human,dofetilide,17,3.33,11225
Human,dofetilide,17,4.0,11226
Human,dofetilide,17,4.67,11227
Human,dofetilide,17,5.33,11228
Human,dofetilide,17,6.0,11229
Human,dofetilide,19,0.0,11230
Human,dofetilide,19,0.67,11231
Human,dofetilide,19,1.33,11232
Human,dofetilide,19,2.0,11233
Human,dofetilide,19,2.67,11234
Human,dofetilide,19,3.33,11235
Human,dofetilide,19,4.0,11236
Human,dofetilide,19,4.67,11237
Human,dofetilide,19,5.33,11238
Human,dofetilide,19,6.0,11239
Human,dofetilide,24,0.0,11240
Human,dofetilide,24,0.67,11241
Human,dofetilide,24,1.33,11242
Human,dofetilide,24,2.0,11243
Human,dofetilide,24,2.67,11244
Human,dofetilide,24,3.33,11245
Human,dofetilide,24,4.0,11246
Human,dofetilide,24,4.67,11247
Human,dofetilide,24,5.33,11248
Human,dofetilide,24,6.0,11249
Human,dofetilide,26,0.0,11250
Human,dofetilide,26,0.67,11251
Human,dofetilide,26,1.33,11252
Human,dofetilide,26,2.0,11253
Human,dofetilide,26,2.67,11254
Human,dofetilide,26,3.33,11255
Human,dofetilide,26,4.0,11256
Human,dofetilide,26,4.67,11257
Human,dofetilide,26,5.33,11258
Human,dofetilide,26,6.0,11259
Human,dofetilide,29,0.0,11260
Human,dofetilide,29,0.67,11261
Human,dofetilide,29,1.33,11262
Human,dofetilide,29,2.0,11263
Human,dofetilide,29,2.67,11264
Human,dofetilide,29,3.33,11265
Human,dofetilide,29,4.0,11266
Human,dofetilide,29,4.67,11267
Human,dofetilide,29,5.33,11268
Human,dofetilide,29,6.0,11269
Human,dofetilide,31,0.0,11270
Human,dofetilide,31,0.67,11271
Human,dofetilide,31,1.33,11272
Human,dofetilide,31,2.0,11273
Human,dofetilide,31,2.67,11274
Human,dofetilide,31,3.33,11275
Human,dofetilide,31,4.0,11276
Human,dofetilide,31,4.67,11277
Human,dofetilide,31,5.33,11278
Human,dofetilide,31,6.0,11279
Human,mexiletine,0,0.0,13340
Human,mexiletine,0,1376.33,13341
Human,mexiletine,0,2752.67,13342
Human,mexiletine,0,4129.0,13343
Human,mexiletine,0,5505.33,13344
Human,mexiletine,0,6881.67,13345
Human,mexiletine,0,8258.0,13346
Human,mexiletine,0,9634.33,13347
Human,mexiletine,0,11010.67,13348
Human,mexiletine,0,12387.0,13349
Human,mexiletine,1,0.0,13350
Human,mexiletine,1,1376.33,13351
Human,mexiletine,1,2752.67,13352
Human,mexiletine,1,4129.0,13353
Human,mexiletine,1,5505.33,13354
Human,mexiletine,1,6881.67,13355
Human,mexiletine,1,8258.0,13356
Human,mexiletine,1,9634.33,13357
Human,mexiletine,1,11010.67,13358
Human,mexiletine,1,12387.0,13359
Human,mexiletine,3,0.0,13360
Human,mexiletine,3,1376.33,13361
Human,mexiletine,3,2752.67,13362
Human,mexiletine,3,4129.0,13363
Human,mexiletine,3,5505.33,13364
Human,mexiletine,3,6881.67,13365
Human,mexiletine,3,8258.0,13366
Human,mexiletine,3,9634.33,13367
Human,mexiletine,3,11010.67,13368
Human,mexiletine,3,12387.0,13369
Human,mexiletine,4,0.0,13370
Human,mexiletine,4,1376.33,13371
Human,mexiletine,4,2752.67,13372
Human,mexiletine,4,4129.0,13373
Human,mexiletine,4,5505.33,13374
Human,mexiletine,4,6881.67,13375
Human,mexiletine,4,8258.0,13376
Human,mexiletine,4,9634.33,13377
Human,mexiletine,4,11010.67,13378
Human,mexiletine,4,12387.0,13379
Human,mexiletine,5,0.0,13380
Human,mexiletine,5,1376.33,13381
Human,mexiletine,5,2752.67,13382
Human,mexiletine,5,4129.0,13383
Human,mexiletine,5,5505.33,13384
Human,mexiletine,5,6881.67,13385
Human,mexiletine,5,8258.0,13386
Human,mexiletine,5,9634.33,13387
Human,mexiletine,5,11010.67,13388
Human,mexiletine,5,12387.0,13389
Human,mexiletine,8,0.0,13390
Human,mexiletine,8,1376.33,13391
Human,mexiletine,8,2752.67,13392
Human,mexiletine,8,4129.0,13393
Human,mexiletine,8,5505.33,13394
Human,mexiletine,8,6881.67,13395
Human,mexiletine,8,8258.0,13396
Human,mexiletine,8,9634.33,13397
Human,mexiletine,8,11010.67,13398
Human,mexiletine,8,12387.0,13399
Human,mexiletine,10,0.0,13400
Human,mexiletine,10,1376.33,13401
Human,mexiletine,10,2752.67,13402
Human,mexiletine,10,4129.0,13403
Human,mexiletine,10,5505.33,13404
Human,mexiletine,10,6881.67,13405
Human,mexiletine,10,8258.0,13406
Human,mexiletine,10,9634.33,13407
Human,mexiletine,10,11010.67,13408
Human,mexiletine,10,12387.0,13409
Human,mexiletine,11,0.0,13410
Human,mexiletine,11,1376.33,13411
Human,mexiletine,11,2752.67,13412
Human,mexiletine,11,4129.0,13413
Human,mexiletine,11,5505.33,13414
Human,mexiletine,11,6881.67,13415
Human,mexiletine,11,8258.0,13416
Human,mexiletine,11,9634.33,13417
Human,mexiletine,11,11010.67,13418
Human,mexiletine,11,12387.0,13419
Human,mexiletine,12,0.0,13420
Human,mexiletine,12,1376.33,13421
Human,mexiletine,12,2752.67,13422
Human,mexiletine,12,4129.0,13423
Human,mexiletine,12,5505.33,13424
Human,mexiletine,12,6881.67,13425
Human,mexiletine,12,8258.0,13426
Human,mexiletine,12,9634.33,13427
Human,mexiletine,12,11010.67,13428
Human,mexiletine,12,12387.0,13429
Human,mexiletine,14,0.0,13430
Human,mexiletine,14,1376.33,13431
Human,mexiletine,14,2752.67,13432
Human,mexiletine,14,4129.0,13433
Human,mexiletine,14,5505.33,13434
Human,mexiletine,14,6881.67,13435
Human,mexiletine,14,8258.0,13436
Human,mexiletine,14,9634.33,13437
Human,mexiletine,14,11010.67,13438
Human,mexiletine,14,12387.0,13439
Human,mexiletine,15,0.0,13440
Human,mexiletine,15,1376.33,13441
Human,mexiletine,15,2752.67,13442
Human,mexiletine,15,4129.0,13443
Human,mexiletine,15,5505.33,13444
Human,mexiletine,15,6881.67,13445
Human,mexiletine,15,8258.0,13446
Human,mexiletine,15,9634.33,13447
Human,mexiletine,15,11010.67,13448
Human,mexiletine,15,12387.0,13449
Human,mexiletine,16,0.0,13450
Human,mexiletine,16,1376.33,13451
Human,mexiletine,16,2752.67,13452
Human,mexiletine,16,4129.0,13453
Human,mexiletine,16,5505.33,13454
Human,mexiletine,16,6881.67,13455
Human,mexiletine,16,8258.0,13456
Human,mexiletine,16,9634.33,13457
Human,mexiletine,16,11010.67,13458
Human,mexiletine,16,12387.0,13459
Human,mexiletine,17,0.0,13460
Human,mexiletine,17,1376.33,13461
Human,mexiletine,17,2752.67,13462
Human,mexiletine,17,4129.0,13463
Human,mexiletine,17,5505.33,13464
Human,mexiletine,17,6881.67,13465
Human,mexiletine,17,8258.0,13466
Human,mexiletine,17,9634.33,13467
Human,mexiletine,17,11010.67,13468
Human,mexiletine,17,12387.0,13469
Human,mexiletine,18,0.0,13470
Human,mexiletine,18,1376.33,13471
Human,mexiletine,18,2752.67,13472
Human,mexiletine,18,4129.0,13473
Human,mexiletine,18,5505.33,13474
Human,mexiletine,18,6881.67,13475
Human,mexiletine,18,8258.0,13476
Human,mexiletine,18,9634.33,13477
Human,mexiletine,18,11010.67,13478
Human,mexiletine,18,12387.0,13479
Human,mexiletine,22,0.0,13480
Human,mexiletine,22,1376.33,13481
Human,mexiletine,22,2752.67,13482
Human,mexiletine,22,4129.0,13483
Human,mexiletine,22,5505.33,13484
Human,mexiletine,22,6881.67,13485
Human,mexiletine,22,8258.0,13486
Human,mexiletine,22,9634.33,13487
Human,mexiletine,22,11010.67,13488
Human,mexiletine,22,12387.0,13489
Human,mexiletine,26,0.0,13490
Human,mexiletine,26,1376.33,13491
Human,mexiletine,26,2752.67,13492
Human,mexiletine,26,4129.0,13493
Human,mexiletine,26,5505.33,13494
Human,mexiletine,26,6881.67,13495
Human,mexiletine,26,8258.0,13496
Human,mexiletine,26,9634.33,13497
Human,mexiletine,26,11010.67,13498
Human,mexiletine,26,12387.0,13499
Human,mexiletine,29,0.0,13500
Human,mexiletine,29,1376.33,13501
Human,mexiletine,29,2752.67,13502
Human,mexiletine,29,4129.0,13503
Human,mexiletine,29,5505.33,13504
Human,mexiletine,29,6881.67,13505
Human,mexiletine,29,8258.0,13506
Human,mexiletine,29,9634.33,13507
Human,mexiletine,29,11010.67,13508
Human,mexiletine,29,12387.0,13509
Human,mexiletine,31,0.0,13510
Human,mexiletine,31,1376.33,13511
Human,mexiletine,31,2752.67,13512
Human,mexiletine,31,4129.0,13513
Human,mexiletine,31,5505.33,13514
Human,mexiletine,31,6881.67,13515
Human,mexiletine,31,8258.0,13516
Human,mexiletine,31,9634.33,13517
Human,mexiletine,31,11010.67,13518
Human,mexiletine,31,12387.0,13519
Human,ondansetron,0,0.0,15629
Human,ondansetron,0,46.33,15630
Human,ondansetron,0,92.67,15631
Human,ondansetron,0,139.0,15632
Human,ondansetron,0,185.33,15633
Human,ondansetron,0,231.67,15634
Human,ondansetron,0,278.0,15635
Human,ondansetron,0,324.33,15636
Human,ondansetron,0,370.67,15637
Human,ondansetron,0,417.0,15638
Human,ondansetron,1,0.0,15639
Human,ondansetron,1,46.33,15640
Human,ondansetron,1,92.67,15641
Human,ondansetron,1,139.0,15642
Human,ondansetron,1,185.33,15643
Human,ondansetron,1,231.67,15644
Human,ondansetron,1,278.0,15645
Human,ondansetron,1,324.33,15646
Human,ondansetron,1,370.67,15647
Human,ondansetron,1,417.0,15648
Human,ondansetron,2,0.0,15649
Human,ondansetron,2,46.33,15650
Human,ondansetron,2,92.67,15651
Human,ondansetron,2,139.0,15652
Human,ondansetron,2,185.33,15653
Human,ondansetron,2,231.67,15654
Human,ondansetron,2,278.0,15655
Human,ondansetron,2,324.33,15656
Human,ondansetron,2,370.67,15657
Human,ondansetron,2,417.0,15658
Human,ondansetron,3,0.0,15659
Human,ondansetron,3,46.33,15660
Human,ondansetron,3,92.67,15661
Human,ondansetron,3,139.0,15662
Human,ondansetron,3,185.33,15663
Human,ondansetron,3,231.67,15664
Human,ondansetron,3,278.0,15665
Human,ondansetron,3,324.33,15666
Human,ondansetron,3,370.67,15667
Human,ondansetron,3,417.0,15668
Human,ondansetron,4,0.0,15669
Human,ondansetron,4,46.33,15670
Human,ondansetron,4,92.67,15671
Human,ondansetron,4,139.0,15672
Human,ondansetron,4,185.33,15673
Human,ondansetron,4,231.67,15674
Human,ondansetron,4,278.0,15675
Human,ondansetron,4,324.33,15676
Human,ondansetron,4,370.67,15677
Human,ondansetron,4,417.0,15678
Human,ondansetron,5,0.0,15679
Human,ondansetron,5,46.33,15680
Human,ondansetron,5,92.67,15681
Human,ondansetron,5,139.0,15682
Human,ondansetron,5,185.33,15683
Human,ondansetron,5,231.67,15684
Human,ondansetron,5,278.0,15685
Human,ondansetron,5,324.33,15686
Human,ondansetron,5,370.67,15687
Human,ondansetron,5,417.0,15688
Human,ondansetron,6,0.0,15689
Human,ondansetron,6,46.33,15690
Human,ondansetron,6,92.67,15691
Human,ondansetron,6,139.0,15692
Human,ondansetron,6,185.33,15693
Human,ondansetron,6,231.67,15694
Human,ondansetron,6,278.0,15695
Human,ondansetron,6,324.33,15696
Human,ondansetron,6,370.67,15697
Human,ondansetron,6,417.0,15698
Human,ondansetron,7,0.0,15699
Human,ondansetron,7,46.33,15700
Human,ondansetron,7,92.67,15701
Human,ondansetron,7,139.0,15702
Human,ondansetron,7,185.33,15703
Human,ondansetron,7,231.67,15704
Human,ondansetron,7,278.0,15705
Human,ondansetron,7,324.33,15706
Human,ondansetron,7,370.67,15707
Human,ondansetron,7,417.0,15708
Human,ondansetron,8,0.0,15709
Human,ondansetron,8,46.33,15710
Human,ondansetron,8,92.67,15711
Human,ondansetron,8,139.0,15712
Human,ondansetron,8,185.33,15713
Human,ondansetron,8,231.67,15714
Human,ondansetron,8,278.0,15715
Human,ondansetron,8,324.33,15716
Human,ondansetron,8,370.67,15717
Human,ondansetron,8,417.0,15718
Human,ondansetron,9,0.0,15719
Human,ondansetron,9,46.33,15720
Human,ondansetron,9,92.67,15721
Human,ondansetron,9,139.0,15722
Human,ondansetron,9,185.33,15723
Human,ondansetron,9,231.67,15724
Human,ondansetron,9,278.0,15725
Human,ondansetron,9,324.33,15726
Human,ondansetron,9,370.67,15727
Human,ondansetron,9,417.0,15728
Human,ondansetron,11,0.0,15729
Human,ondansetron,11,46.33,15730
Human,ondansetron,11,92.67,15731
Human,ondansetron,11,139.0,15732
Human,ondansetron,11,185.33,15733
Human,ondansetron,11,231.67,15734
Human,ondansetron,11,278.0,15735
Human,ondansetron,11,324.33,15736
Human,ondansetron,11,370.67,15737
Human,ondansetron,11,417.0,15738
Human,ondansetron,12,0.0,15739
Human,ondansetron,12,46.33,15740
Human,ondansetron,12,92.67,15741
Human,ondansetron,12,139.0,15742
Human,ondansetron,12,185.33,15743
Human,ondansetron,12,231.67,15744
Human,ondansetron,12,278.0,15745
Human,ondansetron,12,324.33,15746
Human,ondansetron,12,370.67,15747
Human,ondansetron,12,417.0,15748
Human,ondansetron,13,0.0,15749
Human,ondansetron,13,46.33,15750
Human,ondansetron,13,92.67,15751
Human,ondansetron,13,139.0,15752
Human,ondansetron,13,185.33,15753
Human,ondansetron,13,231.67,15754
Human,ondansetron,13,278.0,15755
Human,ondansetron,13,324.33,15756
Human,ondansetron,13,370.67,15757
Human,ondansetron,13,417.0,15758
Human,ondansetron,14,0.0,15759
Human,ondansetron,14,46.33,15760
Human,ondansetron,14,92.67,15761
Human,ondansetron,14,139.0,15762
Human,ondansetron,14,185.33,15763
Human,ondansetron,14,231.67,15764
Human,ondansetron,14,278.0,15765
Human,ondansetron,14,324.33,15766
Human,ondansetron,14,370.67,15767
Human,ondansetron,14,417.0,15768
Human,ondansetron,15,0.0,15769
Human,ondansetron,15,46.33,15770
Human,ondansetron,15,92.67,15771
Human,ondansetron,15,139.0,15772
Human,ondansetron,15,185.33,15773
Human,ondansetron,15,231.67,15774
Human,ondansetron,15,278.0,15775
Human,ondansetron,15,324.33,15776
Human,ondansetron,15,370.67,15777
Human,ondansetron,15,417.0,15778
Human,ondansetron,16,0.0,15779
Human,ondansetron,16,46.33,15780
Human,ondansetron,16,92.67,15781
Human,ondansetron,16,139.0,15782
Human,ondansetron,16,185.33,15783
Human,ondansetron,16,231.67,15784
Human,ondansetron,16,278.0,15785
Human,ondansetron,16,324.33,15786
Human,ondansetron,16,370.67,15787
Human,ondansetron,16,417.0,15788
Human,ondansetron,17,0.0,15789
Human,ondansetron,17,46.33,15790
Human,ondansetron,17,92.67,15791
Human,ondansetron,17,139.0,15792
Human,ondansetron,17,185.33,15793
Human,ondansetron,17,231.67,15794
Human,ondansetron,17,278.0,15795
Human,ondansetron,17,324.33,15796
Human,ondansetron,17,370.67,15797
Human,ondansetron,17,417.0,15798
Human,ondansetron,18,0.0,15799
Human,ondansetron,18,46.33,15800
Human,ondansetron,18,92.67,15801
Human,ondansetron,18,139.0,15802
Human,ondansetron,18,185.33,15803
Human,ondansetron,18,231.67,15804
Human,ondansetron,18,278.0,15805
Human,ondansetron,18,324.33,15806
Human,ondansetron,18,370.67,15807
Human,ondansetron,18,417.0,15808
Human,ondansetron,22,0.0,15809
Human,ondansetron,22,46.33,15810
Human,ondansetron,22,92.67,15811
Human,ondansetron,22,139.0,15812
Human,ondansetron,22,185.33,15813
Human,ondansetron,22,231.67,15814
Human,ondansetron,22,278.0,15815
Human,ondansetron,22,324.33,15816
Human,ondansetron,22,370.67,15817
Human,ondansetron,22,417.0,15818
Human,ondansetron,24,0.0,15819
Human,ondansetron,24,46.33,15820
Human,ondansetron,24,92.67,15821
Human,ondansetron,24,139.0,15822
Human,ondansetron,24,185.33,15823
Human,ondansetron,24,231.67,15824
Human,ondansetron,24,278.0,15825
Human,ondansetron,24,324.33,15826
Human,ondansetron,24,370.67,15827
Human,ondansetron,24,417.0,15828
Human,ondansetron,26,0.0,15829
Human,ondansetron,26,46.33,15830
Human,ondansetron,26,92.67,15831
Human,ondansetron,26,139.0,15832
Human,ondansetron,26,185.33,15833
Human,ondansetron,26,231.67,15834
Human,ondansetron,26,278.0,15835
Human,ondansetron,26,324.33,15836
Human,ondansetron,26,370.67,15837
Human,ondansetron,26,417.0,15838
Human,ondansetron,29,0.0,15839
Human,ondansetron,29,46.33,15840
Human,ondansetron,29,92.67,15841
Human,ondansetron,29,139.0,15842
Human,ondansetron,29,185.33,15843
Human,ondansetron,29,231.67,15844
Human,ondansetron,29,278.0,15845
Human,ondansetron,29,324.33,15846
Human,ondansetron,29,370.67,15847
Human,ondansetron,29,417.0,15848
Human,ondansetron,31,0.0,15849
Human,ondansetron,31,46.33,15850
Human,ondansetron,31,92.67,15851
Human,ondansetron,31,139.0,15852
Human,ondansetron,31,185.33,15853
Human,ondansetron,31,231.67,15854
Human,ondansetron,31,278.0,15855
Human,ondansetron,31,324.33,15856
Human,ondansetron,31,370.67,15857
Human,ondansetron,31,417.0,15858
Human,quinidine,0,0.0,17559
Human,quinidine,0,1079.0,17560
Human,quinidine,0,2158.0,17561
Human,quinidine,0,3237.0,17562
Human,quinidine,0,4316.0,17563
Human,quinidine,0,5395.0,17564
Human,quinidine,0,6474.0,17565
Human,quinidine,0,7553.0,17566
Human,quinidine,0,8632.0,17567
Human,quinidine,0,9711.0,17568
Human,quinidine,2,0.0,17569
Human,quinidine,2,1079.0,17570
Human,quinidine,2,2158.0,17571
Human,quinidine,2,3237.0,17572
Human,quinidine,2,4316.0,17573
Human,quinidine,2,5395.0,17574
Human,quinidine,2,6474.0,17575
Human,quinidine,2,7553.0,17576
Human,quinidine,2,8632.0,17577
Human,quinidine,2,9711.0,17578
Human,quinidine,3,0.0,17579
Human,quinidine,3,1079.0,17580
Human,quinidine,3,2158.0,17581
Human,quinidine,3,3237.0,17582
Human,quinidine,3,4316.0,17583
Human,quinidine,3,5395.0,17584
Human,quinidine,3,6474.0,17585
Human,quinidine,3,7553.0,17586
Human,quinidine,3,8632.0,17587
Human,quinidine,3,9711.0,17588
Human,quinidine,4,0.0,17589
Human,quinidine,4,1079.0,17590
Human,quinidine,4,2158.0,17591
Human,quinidine,4,3237.0,17592
Human,quinidine,4,4316.0,17593
Human,quinidine,4,5395.0,17594
Human,quinidine,4,6474.0,17595
Human,quinidine,4,7553.0,17596
Human,quinidine,4,8632.0,17597
Human,quinidine,4,9711.0,17598
Human,quinidine,5,0.0,17599
Human,quinidine,5,1079.0,17600
Human,quinidine,5,2158.0,17601
Human,quinidine,5,3237.0,17602
Human,quinidine,5,4316.0,17603
Human,quinidine,5,5395.0,17604
Human,quinidine,5,6474.0,17605
Human,quinidine,5,7553.0,17606
Human,quinidine,5,8632.0,17607
Human,quinidine,5,9711.0,17608
Human,quinidine,6,0.0,17609
Human,quinidine,6,1079.0,17610
Human,quinidine,6,2158.0,17611
Human,quinidine,6,3237.0,17612
Human,quinidine,6,4316.0,17613
Human,quinidine,6,5395.0,17614
Human,quinidine,6,6474.0,17615
Human,quinidine,6,7553.0,17616
Human,quinidine,6,8632.0,17617
Human,quinidine,6,9711.0,17618
Human,quinidine,7,0.0,17619
Human,quinidine,7,1079.0,17620
Human,quinidine,7,2158.0,17621
Human,quinidine,7,3237.0,17622
Human,quinidine,7,4316.0,17623
Human,quinidine,7,5395.0,17624
Human,quinidine,7,6474.0,17625
Human,quinidine,7,7553.0,17626
Human,quinidine,7,8632.0,17627
Human,quinidine,7,9711.0,17628
Human,quinidine,8,0.0,17629
Human,quinidine,8,1079.0,17630
Human,quinidine,8,2158.0,17631
Human,quinidine,8,3237.0,17632
Human,quinidine,8,4316.0,17633
Human,quinidine,8,5395.0,17634
Human,quinidine,8,6474.0,17635
Human,quinidine,8,7553.0,17636
Human,quinidine,8,8632.0,17637
Human,quinidine,8,9711.0,17638
Human,quinidine,10,0.0,17639
Human,quinidine,10,1079.0,17640
Human,quinidine,10,2158.0,17641
Human,quinidine,10,3237.0,17642
Human,quinidine,10,4316.0,17643
Human,quinidine,10,5395.0,17644
Human,quinidine,10,6474.0,17645
Human,quinidine,10,7553.0,17646
Human,quinidine,10,8632.0,17647
Human,quinidine,10,9711.0,17648
Human,quinidine,11,0.0,17649
Human,quinidine,11,1079.0,17650
Human,quinidine,11,2158.0,17651
Human,quinidine,11,3237.0,17652
Human,quinidine,11,4316.0,17653
Human,quinidine,11,5395.0,17654
Human,quinidine,11,6474.0,17655
Human,quinidine,11,7553.0,17656
Human,quinidine,11,8632.0,17657
Human,quinidine,11,9711.0,17658
Human,quinidine,12,0.0,17659
Human,quinidine,12,1079.0,17660
Human,quinidine,12,2158.0,17661
Human,quinidine,12,3237.0,17662
Human,quinidine,12,4316.0,17663
Human,quinidine,12,5395.0,17664
Human,quinidine,12,6474.0,17665
Human,quinidine,12,7553.0,17666
Human,quinidine,12,8632.0,17667
Human,quinidine,12,9711.0,17668
Human,quinidine,13,0.0,17669
Human,quinidine,13,1079.0,17670
Human,quinidine,13,2158.0,17671
Human,quinidine,13,3237.0,17672
Human,quinidine,13,4316.0,17673
Human,quinidine,13,5395.0,17674
Human,quinidine,13,6474.0,17675
Human,quinidine,13,7553.0,17676
Human,quinidine,13,8632.0,17677
Human,quinidine,13,9711.0,17678
Human,quinidine,14,0.0,17679
Human,quinidine,14,1079.0,17680
Human,quinidine,14,2158.0,17681
Human,quinidine,14,3237.0,17682
Human,quinidine,14,4316.0,17683
Human,quinidine,14,5395.0,17684
Human,quinidine,14,6474.0,17685
Human,quinidine,14,7553.0,17686
Human,quinidine,14,8632.0,17687
Human,quinidine,14,9711.0,17688
Human,quinidine,15,0.0,17689
Human,quinidine,15,1079.0,17690
Human,quinidine,15,2158.0,17691
Human,quinidine,15,3237.0,17692
Human,quinidine,15,4316.0,17693
Human,quinidine,15,5395.0,17694
Human,quinidine,15,6474.0,17695
Human,quinidine,15,7553.0,17696
Human,quinidine,15,8632.0,17697
Human,quinidine,15,9711.0,17698
Human,quinidine,17,0.0,17699
Human,quinidine,17,1079.0,17700
Human,quinidine,17,2158.0,17701
Human,quinidine,17,3237.0,17702
Human,quinidine,17,4316.0,17703
Human,quinidine,17,5395.0,17704
Human,quinidine,17,6474.0,17705
Human,quinidine,17,7553.0,17706
Human,quinidine,17,8632.0,17707
Human,quinidine,17,9711.0,17708
Human,quinidine,18,0.0,17709
Human,quinidine,18,1079.0,17710
Human,quinidine,18,2158.0,17711
Human,quinidine,18,3237.0,17712
Human,quinidine,18,4316.0,17713
Human,quinidine,18,5395.0,17714
Human,quinidine,18,6474.0,17715
Human,quinidine,18,7553.0,17716
Human,quinidine,18,8632.0,17717
Human,quinidine,18,9711.0,17718
Human,quinidine,19,0.0,17719
Human,quinidine,19,1079.0,17720
Human,quinidine,19,2158.0,17721
Human,quinidine,19,3237.0,17722
Human,quinidine,19,4316.0,17723
Human,quinidine,19,5395.0,17724
Human,quinidine,19,6474.0,17725
Human,quinidine,19,7553.0,17726
Human,quinidine,19,8632.0,17727
Human,quinidine,19,9711.0,17728
Human,quinidine,22,0.0,17729
Human,quinidine,22,1079.0,17730
Human,quinidine,22,2158.0,17731
Human,quinidine,22,3237.0,17732
Human,quinidine,22,4316.0,17733
Human,quinidine,22,5395.0,17734
Human,quinidine,22,6474.0,17735
Human,quinidine,22,7553.0,17736
Human,quinidine,22,8632.0,17737
Human,quinidine,22,9711.0,17738
Human,quinidine,24,0.0,17739
Human,quinidine,24,1079.0,17740
Human,quinidine,24,2158.0,17741
Human,quinidine,24,3237.0,17742
Human,quinidine,24,4316.0,17743
Human,quinidine,24,5395.0,17744
Human,quinidine,24,6474.0,17745
Human,quinidine,24,7553.0,17746
Human,quinidine,24,8632.0,17747
Human,quinidine,24,9711.0,17748
Human,quinidine,29,0.0,17749
Human,quinidine,29,1079.0,17750
Human,quinidine,29,2158.0,17751
Human,quinidine,29,3237.0,17752
Human,quinidine,29,4316.0,17753
Human,quinidine,29,5395.0,17754
Human,quinidine,29,6474.0,17755
Human,quinidine,29,7553.0,17756
Human,quinidine,29,8632.0,17757
Human,quinidine,29,9711.0,17758
Human,quinidine,31,0.0,17759
Human,quinidine,31,1079.0,17760
Human,quinidine,31,2158.0,17761
Human,quinidine,31,3237.0,17762
Human,quinidine,31,4316.0,17763
Human,quinidine,31,5395.0,17764
Human,quinidine,31,6474.0,17765
Human,quinidine,31,7553.0,17766
Human,quinidine,31,8632.0,17767
Human,quinidine,31,9711.0,17768
Human,ranolazine,0,0.0,19889
Human,ranolazine,0,649.4,19890
Human,ranolazine,0,1298.8,19891
Human,ranolazine,0,1948.2,19892
Human,ranolazine,0,2597.6,19893
Human,ranolazine,0,3247.0,19894
Human,ranolazine,0,3896.4,19895
Human,ranolazine,0,4545.8,19896
Human,ranolazine,0,5195.2,19897
Human,ranolazine,0,5844.6,19898
Human,ranolazine,1,0.0,19899
Human,ranolazine,1,649.4,19900
Human,ranolazine,1,1298.8,19901
Human,ranolazine,1,1948.2,19902
Human,ranolazine,1,2597.6,19903
Human,ranolazine,1,3247.0,19904
Human,ranolazine,1,3896.4,19905
Human,ranolazine,1,4545.8,19906
Human,ranolazine,1,5195.2,19907
Human,ranolazine,1,5844.6,19908
Human,ranolazine,2,0.0,19909
Human,ranolazine,2,649.4,19910
Human,ranolazine,2,1298.8,19911
Human,ranolazine,2,1948.2,19912
Human,ranolazine,2,2597.6,19913
Human,ranolazine,2,3247.0,19914
Human,ranolazine,2,3896.4,19915
Human,ranolazine,2,4545.8,19916
Human,ranolazine,2,5195.2,19917
Human,ranolazine,2,5844.6,19918
Human,ranolazine,3,0.0,19919
Human,ranolazine,3,649.4,19920
Human,ranolazine,3,1298.8,19921
Human,ranolazine,3,1948.2,19922
Human,ranolazine,3,2597.6,19923
Human,ranolazine,3,3247.0,19924
Human,ranolazine,3,3896.4,19925
Human,ranolazine,3,4545.8,19926
Human,ranolazine,3,5195.2,19927
Human,ranolazine,3,5844.6,19928
Human,ranolazine,4,0.0,19929
Human,ranolazine,4,649.4,19930
Human,ranolazine,4,1298.8,19931
Human,ranolazine,4,1948.2,19932
Human,ranolazine,4,2597.6,19933
Human,ranolazine,4,3247.0,19934
Human,ranolazine,4,3896.4,19935
Human,ranolazine,4,4545.8,19936
Human,ranolazine,4,5195.2,19937
Human,ranolazine,4,5844.6,19938
Human,ranolazine,5,0.0,19939
Human,ranolazine,5,649.4,19940
Human,ranolazine,5,1298.8,19941
Human,ranolazine,5,1948.2,19942
Human,ranolazine,5,2597.6,19943
Human,ranolazine,5,3247.0,19944
Human,ranolazine,5,3896.4,19945
Human,ranolazine,5,4545.8,19946
Human,ranolazine,5,5195.2,19947
Human,ranolazine,5,5844.6,19948
Human,ranolazine,6,0.0,19949
Human,ranolazine,6,649.4,19950
Human,ranolazine,6,1298.8,19951
Human,ranolazine,6,1948.2,19952
Human,ranolazine,6,2597.6,19953
Human,ranolazine,6,3247.0,19954
Human,ranolazine,6,3896.4,19955
Human,ranolazine,6,4545.8,19956
Human,ranolazine,6,5195.2,19957
Human,ranolazine,6,5844.6,19958
Human,ranolazine,7,0.0,19959
Human,ranolazine,7,649.4,19960
Human,ranolazine,7,1298.8,19961
Human,ranolazine,7,1948.2,19962
Human,ranolazine,7,2597.6,19963
Human,ranolazine,7,3247.0,19964
Human,ranolazine,7,3896.4,19965
Human,ranolazine,7,4545.8,19966
Human,ranolazine,7,5195.2,19967
Human,ranolazine,7,5844.6,19968
Human,ranolazine,8,0.0,19969
Human,ranolazine,8,649.4,19970
Human,ranolazine,8,1298.8,19971
Human,ranolazine,8,1948.2,19972
Human,ranolazine,8,2597.6,19973
Human,ranolazine,8,3247.0,19974
Human,ranolazine,8,3896.4,19975
Human,ranolazine,8,4545.8,19976
Human,ranolazine,8,5195.2,19977
Human,ranolazine,8,5844.6,19978
Human,ranolazine,9,0.0,19979
Human,ranolazine,9,649.4,19980
Human,ranolazine,9,1298.8,19981
Human,ranolazine,9,1948.2,19982
Human,ranolazine,9,2597.6,19983
Human,ranolazine,9,3247.0,19984
Human,ranolazine,9,3896.4,19985
Human,ranolazine,9,4545.8,19986
Human,ranolazine,9,5195.2,19987
Human,ranolazine,9,5844.6,19988
Human,ranolazine,11,0.0,19989
Human,ranolazine,11,649.4,19990
Human,ranolazine,11,1298.8,19991
Human,ranolazine,11,1948.2,19992
Human,ranolazine,11,2597.6,19993
Human,ranolazine,11,3247.0,19994
Human,ranolazine,11,3896.4,19995
Human,ranolazine,11,4545.8,19996
Human,ranolazine,11,5195.2,19997
Human,ranolazine,11,5844.6,19998
Human,ranolazine,12,0.0,19999
Human,ranolazine,12,649.4,20000
Human,ranolazine,12,1298.8,20001
Human,ranolazine,12,1948.2,20002
Human,ranolazine,12,2597.6,20003
Human,ranolazine,12,3247.0,20004
Human,ranolazine,12,3896.4,20005
Human,ranolazine,12,4545.8,20006
Human,ranolazine,12,5195.2,20007
Human,ranolazine,12,5844.6,20008
Human,ranolazine,14,0.0,20009
Human,ranolazine,14,649.4,20010
Human,ranolazine,14,1298.8,20011
Human,ranolazine,14,1948.2,20012
Human,ranolazine,14,2597.6,20013
Human,ranolazine,14,3247.0,20014
Human,ranolazine,14,3896.4,20015
Human,ranolazine,14,4545.8,20016
Human,ranolazine,14,5195.2,20017
Human,ranolazine,14,5844.6,20018
Human,ranolazine,15,0.0,20019
Human,ranolazine,15,649.4,20020
Human,ranolazine,15,1298.8,20021
Human,ranolazine,15,1948.2,20022
Human,ranolazine,15,2597.6,20023
Human,ranolazine,15,3247.0,20024
Human,ranolazine,15,3896.4,20025
Human,ranolazine,15,4545.8,20026
Human,ranolazine,15,5195.2,20027
Human,ranolazine,15,5844.6,20028
Human,ranolazine,16,0.0,20029
Human,ranolazine,16,649.4,20030
Human,ranolazine,16,1298.8,20031
Human,ranolazine,16,1948.2,20032
Human,ranolazine,16,2597.6,20033
Human,ranolazine,16,3247.0,20034
Human,ranolazine,16,3896.4,20035
Human,ranolazine,16,4545.8,20036
Human,ranolazine,16,5195.2,20037
Human,ranolazine,16,5844.6,20038
Human,ranolazine,17,0.0,20039
Human,ranolazine,17,649.4,20040
Human,ranolazine,17,1298.8,20041
Human,ranolazine,17,1948.2,20042
Human,ranolazine,17,2597.6,20043
Human,ranolazine,17,3247.0,20044
Human,ranolazine,17,3896.4,20045
Human,ranolazine,17,4545.8,20046
Human,ranolazine,17,5195.2,20047
Human,ranolazine,17,5844.6,20048
Human,ranolazine,18,0.0,20049
Human,ranolazine,18,649.4,20050
Human,ranolazine,18,1298.8,20051
Human,ranolazine,18,1948.2,20052
Human,ranolazine,18,2597.6,20053
Human,ranolazine,18,3247.0,20054
Human,ranolazine,18,3896.4,20055
Human,ranolazine,18,4545.8,20056
Human,ranolazine,18,5195.2,20057
Human,ranolazine,18,5844.6,20058
Human,ranolazine,19,0.0,20059
Human,ranolazine,19,649.4,20060
Human,ranolazine,19,1298.8,20061
Human,ranolazine,19,1948.2,20062
Human,ranolazine,19,2597.6,20063
Human,ranolazine,19,3247.0,20064
Human,ranolazine,19,3896.4,20065
Human,ranolazine,19,4545.8,20066
Human,ranolazine,19,5195.2,20067
Human,ranolazine,19,5844.6,20068
Human,ranolazine,26,0.0,20069
Human,ranolazine,26,649.4,20070
Human,ranolazine,26,1298.8,20071
Human,ranolazine,26,1948.2,20072
Human,ranolazine,26,2597.6,20073
Human,ranolazine,26,3247.0,20074
Human,ranolazine,26,3896.4,20075
Human,ranolazine,26,4545.8,20076
Human,ranolazine,26,5195.2,20077
Human,ranolazine,26,5844.6,20078
Human,ranolazine,29,0.0,20079
Human,ranolazine,29,649.4,20080
Human,ranolazine,29,1298.8,20081
Human,ranolazine,29,1948.2,20082
Human,ranolazine,29,2597.6,20083
Human,ranolazine,29,3247.0,20084
Human,ranolazine,29,3896.4,20085
Human,ranolazine,29,4545.8,20086
Human,ranolazine,29,5195.2,20087
Human,ranolazine,29,5844.6,20088
Human,ranolazine,31,0.0,20089
Human,ranolazine,31,649.4,20090
Human,ranolazine,31,1298.8,20091
Human,ranolazine,31,1948.2,20092
Human,ranolazine,31,2597.6,20093
Human,ranolazine,31,3247.0,20094
Human,ranolazine,31,3896.4,20095
Human,ranolazine,31,4545.8,20096
Human,ranolazine,31,5195.2,20097
Human,ranolazine,31,5844.6,20098
Human,sotalol,0,0.0,22179
Human,sotalol,0,4896.67,22180
Human,sotalol,0,9793.33,22181
Human,sotalol,0,14690.0,22182
Human,sotalol,0,19586.67,22183
Human,sotalol,0,24483.33,22184
Human,sotalol,0,29380.0,22185
Human,sotalol,0,34276.67,22186
Human,sotalol,0,39173.33,22187
Human,sotalol,0,44070.0,22188
Human,sotalol,1,0.0,22189
Human,sotalol,1,4896.67,22190
Human,sotalol,1,9793.33,22191
Human,sotalol,1,14690.0,22192
Human,sotalol,1,19586.67,22193
Human,sotalol,1,24483.33,22194
Human,sotalol,1,29380.0,22195
Human,sotalol,1,34276.67,22196
Human,sotalol,1,39173.33,22197
Human,sotalol,1,44070.0,22198
Human,sotalol,3,0.0,22199
Human,sotalol,3,4896.67,22200
Human,sotalol,3,9793.33,22201
Human,sotalol,3,14690.0,22202
Human,sotalol,3,19586.67,22203
Human,sotalol,3,24483.33,22204
Human,sotalol,3,29380.0,22205
Human,sotalol,3,34276.67,22206
Human,sotalol,3,39173.33,22207
Human,sotalol,3,44070.0,22208
Human,sotalol,4,0.0,22209
Human,sotalol,4,4896.67,22210
Human,sotalol,4,9793.33,22211
Human,sotalol,4,14690.0,22212
Human,sotalol,4,19586.67,22213
Human,sotalol,4,24483.33,22214
Human,sotalol,4,29380.0,22215
Human,sotalol,4,34276.67,22216
Human,sotalol,4,39173.33,22217
Human,sotalol,4,44070.0,22218
Human,sotalol,6,0.0,22219
Human,sotalol,6,4896.67,22220
Human,sotalol,6,9793.33,22221
Human,sotalol,6,14690.0,22222
Human,sotalol,6,19586.67,22223
Human,sotalol,6,24483.33,22224
Human,sotalol,6,29380.0,22225
Human,sotalol,6,34276.67,22226
Human,sotalol,6,39173.33,22227
Human,sotalol,6,44070.0,22228
Human,sotalol,7,0.0,22229
Human,sotalol,7,4896.67,22230
Human,sotalol,7,9793.33,22231
Human,sotalol,7,14690.0,22232
Human,sotalol,7,19586.67,22233
Human,sotalol,7,24483.33,22234
Human,sotalol,7,29380.0,22235
Human,sotalol,7,34276.67,22236
Human,sotalol,7,39173.33,22237
Human,sotalol,7,44070.0,22238
Human,sotalol,8,0.0,22239
Human,sotalol,8,4896.67,22240
Human,sotalol,8,9793.33,22241
Human,sotalol,8,14690.0,22242
Human,sotalol,8,19586.67,22243
Human,sotalol,8,24483.33,22244
Human,sotalol,8,29380.0,22245
Human,sotalol,8,34276.67,22246
Human,sotalol,8,39173.33,22247
Human,sotalol,8,44070.0,22248
Human,sotalol,9,0.0,22249
Human,sotalol,9,4896.67,22250
Human,sotalol,9,9793.33,22251
Human,sotalol,9,14690.0,22252
Human,sotalol,9,19586.67,22253
Human,sotalol,9,24483.33,22254
Human,sotalol,9,29380.0,22255
Human,sotalol,9,34276.67,22256
Human,sotalol,9,39173.33,22257
Human,sotalol,9,44070.0,22258
Human,sotalol,10,0.0,22259
Human,sotalol,10,4896.67,22260
Human,sotalol,10,9793.33,22261
Human,sotalol,10,14690.0,22262
Human,sotalol,10,19586.67,22263
Human,sotalol,10,24483.33,22264
Human,sotalol,10,29380.0,22265
Human,sotalol,10,34276.67,22266
Human,sotalol,10,39173.33,22267
Human,sotalol,10,44070.0,22268
Human,sotalol,11,0.0,22269
Human,sotalol,11,4896.67,22270
Human,sotalol,11,9793.33,22271
Human,sotalol,11,14690.0,22272
Human,sotalol,11,19586.67,22273
Human,sotalol,11,24483.33,22274
Human,sotalol,11,29380.0,22275
Human,sotalol,11,34276.67,22276
Human,sotalol,11,39173.33,22277
Human,sotalol,11,44070.0,22278
Human,sotalol,12,0.0,22279
Human,sotalol,12,4896.67,22280
Human,sotalol,12,9793.33,22281
Human,sotalol,12,14690.0,22282
Human,sotalol,12,19586.67,22283
Human,sotalol,12,24483.33,22284
Human,sotalol,12,29380.0,22285
Human,sotalol,12,34276.67,22286
Human,sotalol,12,39173.33,22287
Human,sotalol,12,44070.0,22288
Human,sotalol,13,0.0,22289
Human,sotalol,13,4896.67,22290
Human,sotalol,13,9793.33,22291
Human,sotalol,13,14690.0,22292
Human,sotalol,13,19586.67,22293
Human,sotalol,13,24483.33,22294
Human,sotalol,13,29380.0,22295
Human,sotalol,13,34276.67,22296
Human,sotalol,13,39173.33,22297
Human,sotalol,13,44070.0,22298
Human,sotalol,14,0.0,22299
Human,sotalol,14,4896.67,22300
Human,sotalol,14,9793.33,22301
Human,sotalol,14,14690.0,22302
Human,sotalol,14,19586.67,22303
Human,sotalol,14,24483.33,22304
Human,sotalol,14,29380.0,22305
Human,sotalol,14,34276.67,22306
Human,sotalol,14,39173.33,22307
Human,sotalol,14,44070.0,22308
Human,sotalol,15,0.0,22309
Human,sotalol,15,4896.67,22310
Human,sotalol,15,9793.33,22311
Human,sotalol,15,14690.0,22312
Human,sotalol,15,19586.67,22313
Human,sotalol,15,24483.33,22314
Human,sotalol,15,29380.0,22315
Human,sotalol,15,34276.67,22316
Human,sotalol,15,39173.33,22317
Human,sotalol,15,44070.0,22318
Human,sotalol,17,0.0,22319
Human,sotalol,17,4896.67,22320
Human,sotalol,17,9793.33,22321
Human,sotalol,17,14690.0,22322
Human,sotalol,17,19586.67,22323
Human,sotalol,17,24483.33,22324
Human,sotalol,17,29380.0,22325
Human,sotalol,17,34276.67,22326
Human,sotalol,17,39173.33,22327
Human,sotalol,17,44070.0,22328
Human,sotalol,18,0.0,22329
Human,sotalol,18,4896.67,22330
Human,sotalol,18,9793.33,22331
Human,sotalol,18,14690.0,22332
Human,sotalol,18,19586.67,22333
Human,sotalol,18,24483.33,22334
Human,sotalol,18,29380.0,22335
Human,sotalol,18,34276.67,22336
Human,sotalol,18,39173.33,22337
Human,sotalol,18,44070.0,22338
Human,sotalol,19,0.0,22339
Human,sotalol,19,4896.67,22340
Human,sotalol,19,9793.33,22341
Human,sotalol,19,14690.0,22342
Human,sotalol,19,19586.67,22343
Human,sotalol,19,24483.33,22344
Human,sotalol,19,29380.0,22345
Human,sotalol,19,34276.67,22346
Human,sotalol,19,39173.33,22347
Human,sotalol,19,44070.0,22348
Human,sotalol,24,0.0,22349
Human,sotalol,24,4896.67,22350
Human,sotalol,24,9793.33,22351
Human,sotalol,24,14690.0,22352
Human,sotalol,24,19586.67,22353
Human,sotalol,24,24483.33,22354
Human,sotalol,24,29380.0,22355
Human,sotalol,24,34276.67,22356
Human,sotalol,24,39173.33,22357
Human,sotalol,24,44070.0,22358
Human,sotalol,26,0.0,22359
Human,sotalol,26,4896.67,22360
Human,sotalol,26,9793.33,22361
Human,sotalol,26,14690.0,22362
Human,sotalol,26,19586.67,22363
Human,sotalol,26,24483.33,22364
Human,sotalol,26,29380.0,22365
Human,sotalol,26,34276.67,22366
Human,sotalol,26,39173.33,22367
Human,sotalol,26,44070.0,22368
Human,sotalol,29,0.0,22369
Human,sotalol,29,4896.67,22370
Human,sotalol,29,9793.33,22371
Human,sotalol,29,14690.0,22372
Human,sotalol,29,19586.67,22373
Human,sotalol,29,24483.33,22374
Human,sotalol,29,29380.0,22375
Human,sotalol,29,34276.67,22376
Human,sotalol,29,39173.33,22377
Human,sotalol,29,44070.0,22378
Human,sotalol,31,0.0,22379
Human,sotalol,31,4896.67,22380
Human,sotalol,31,9793.33,22381
Human,sotalol,31,14690.0,22382
Human,sotalol,31,19586.67,22383
Human,sotalol,31,24483.33,22384
Human,sotalol,31,29380.0,22385
Human,sotalol,31,34276.67,22386
Human,sotalol,31,39173.33,22387
Human,sotalol,31,44070.0,22388
Human,terfenadine,0,0.0,24449
Human,terfenadine,0,1.33,24450
Human,terfenadine,0,2.67,24451
Human,terfenadine,0,4.0,24452
Human,terfenadine,0,5.33,24453
Human,terfenadine,0,6.67,24454
Human,terfenadine,0,8.0,24455
Human,terfenadine,0,9.33,24456
Human,terfenadine,0,10.67,24457
Human,terfenadine,0,12.0,24458
Human,terfenadine,1,0.0,24459
Human,terfenadine,1,1.33,24460
Human,terfenadine,1,2.67,24461
Human,terfenadine,1,4.0,24462
Human,terfenadine,1,5.33,24463
Human,terfenadine,1,6.67,24464
Human,terfenadine,1,8.0,24465
Human,terfenadine,1,9.33,24466
Human,terfenadine,1,10.67,24467
Human,terfenadine,1,12.0,24468
Human,terfenadine,2,0.0,24469
Human,terfenadine,2,1.33,24470
Human,terfenadine,2,2.67,24471
Human,terfenadine,2,4.0,24472
Human,terfenadine,2,5.33,24473
Human,terfenadine,2,6.67,24474
Human,terfenadine,2,8.0,24475
Human,terfenadine,2,9.33,24476
Human,terfenadine,2,10.67,24477
Human,terfenadine,2,12.0,24478
Human,terfenadine,3,0.0,24479
Human,terfenadine,3,1.33,24480
Human,terfenadine,3,2.67,24481
Human,terfenadine,3,4.0,24482
Human,terfenadine,3,5.33,24483
Human,terfenadine,3,6.67,24484
Human,terfenadine,3,8.0,24485
Human,terfenadine,3,9.33,24486
Human,terfenadine,3,10.67,24487
Human,terfenadine,3,12.0,24488
Human,terfenadine,4,0.0,24489
Human,terfenadine,4,1.33,24490
Human,terfenadine,4,2.67,24491
Human,terfenadine,4,4.0,24492
Human,terfenadine,4,5.33,24493
Human,terfenadine,4,6.67,24494
Human,terfenadine,4,8.0,24495
Human,terfenadine,4,9.33,24496
Human,terfenadine,4,10.67,24497
Human,terfenadine,4,12.0,24498
Human,terfenadine,5,0.0,24499
Human,terfenadine,5,1.33,24500
Human,terfenadine,5,2.67,24501
Human,terfenadine,5,4.0,24502
Human,terfenadine,5,5.33,24503
Human,terfenadine,5,6.67,24504
Human,terfenadine,5,8.0,24505
Human,terfenadine,5,9.33,24506
Human,terfenadine,5,10.67,24507
Human,terfenadine,5,12.0,24508
Human,terfenadine,6,0.0,24509
Human,terfenadine,6,1.33,24510
Human,terfenadine,6,2.67,24511
Human,terfenadine,6,4.0,24512
Human,terfenadine,6,5.33,24513
Human,terfenadine,6,6.67,24514
Human,terfenadine,6,8.0,24515
Human,terfenadine,6,9.33,24516
Human,terfenadine,6,10.67,24517
Human,terfenadine,6,12.0,24518
Human,terfenadine,7,0.0,24519
Human,terfenadine,7,1.33,24520
Human,terfenadine,7,2.67,24521
Human,terfenadine,7,4.0,24522
Human,terfenadine,7,5.33,24523
Human,terfenadine,7,6.67,24524
Human,terfenadine,7,8.0,24525
Human,terfenadine,7,9.33,24526
Human,terfenadine,7,10.67,24527
Human,terfenadine,7,12.0,24528
Human,terfenadine,8,0.0,24529
Human,terfenadine,8,1.33,24530
Human,terfenadine,8,2.67,24531
Human,terfenadine,8,4.0,24532
Human,terfenadine,8,5.33,24533
Human,terfenadine,8,6.67,24534
Human,terfenadine,8,8.0,24535
Human,terfenadine,8,9.33,24536
Human,terfenadine,8,10.67,24537
Human,terfenadine,8,12.0,24538
Human,terfenadine,10,0.0,24539
Human,terfenadine,10,1.33,24540
Human,terfenadine,10,2.67,24541
Human,terfenadine,10,4.0,24542
Human,terfenadine,10,5.33,24543
Human,terfenadine,10,6.67,24544
Human,terfenadine,10,8.0,24545
Human,terfenadine,10,9.33,24546
Human,terfenadine,10,10.67,24547
Human,terfenadine,10,12.0,24548
Human,terfenadine,11,0.0,24549
Human,terfenadine,11,1.33,24550
Human,terfenadine,11,2.67,24551
Human,terfenadine,11,4.0,24552
Human,terfenadine,11,5.33,24553
Human,terfenadine,11,6.67,24554
Human,terfenadine,11,8.0,24555
Human,terfenadine,11,9.33,24556
Human,terfenadine,11,10.67,24557
Human,terfenadine,11,12.0,24558
Human,terfenadine,12,0.0,24559
Human,terfenadine,12,1.33,24560
Human,terfenadine,12,2.67,24561
Human,terfenadine,12,4.0,24562
Human,terfenadine,12,5.33,24563
Human,terfenadine,12,6.67,24564
Human,terfenadine,12,8.0,24565
Human,terfenadine,12,9.33,24566
Human,terfenadine,12,10.67,24567
Human,terfenadine,12,12.0,24568
Human,terfenadine,13,0.0,24569
Human,terfenadine,13,1.33,24570
Human,terfenadine,13,2.67,24571
Human,terfenadine,13,4.0,24572
Human,terfenadine,13,5.33,24573
Human,terfenadine,13,6.67,24574
Human,terfenadine,13,8.0,24575
Human,terfenadine,13,9.33,24576
Human,terfenadine,13,10.67,24577
Human,terfenadine,13,12.0,24578
Human,terfenadine,14,0.0,24579
Human,terfenadine,14,1.33,24580
Human,terfenadine,14,2.67,24581
Human,terfenadine,14,4.0,24582
Human,terfenadine,14,5.33,24583
Human,terfenadine,14,6.67,24584
Human,terfenadine,14,8.0,24585
Human,terfenadine,14,9.33,24586
Human,terfenadine,14,10.67,24587
Human,terfenadine,14,12.0,24588
Human,terfenadine,15,0.0,24589
Human,terfenadine,15,1.33,24590
Human,terfenadine,15,2.67,24591
Human,terfenadine,15,4.0,24592
Human,terfenadine,15,5.33,24593
Human,terfenadine,15,6.67,24594
Human,terfenadine,15,8.0,24595
Human,terfenadine,15,9.33,24596
Human,terfenadine,15,10.67,24597
Human,terfenadine,15,12.0,24598
Human,terfenadine,16,0.0,24599
Human,terfenadine,16,1.33,24600
Human,terfenadine,16,2.67,24601
Human,terfenadine,16,4.0,24602
Human,terfenadine,16,5.33,24603
Human,terfenadine,16,6.67,24604
Human,terfenadine,16,8.0,24605
Human,terfenadine,16,9.33,24606
Human,terfenadine,16,10.67,24607
Human,terfenadine,16,12.0,24608
Human,terfenadine,17,0.0,24609
Human,terfenadine,17,1.33,24610
Human,terfenadine,17,2.67,24611
Human,terfenadine,17,4.0,24612
Human,terfenadine,17,5.33,24613
Human,terfenadine,17,6.67,24614
Human,terfenadine,17,8.0,24615
Human,terfenadine,17,9.33,24616
Human,terfenadine,17,10.67,24617
Human,terfenadine,17,12.0,24618
Human,terfenadine,19,0.0,24619
Human,terfenadine,19,1.33,24620
Human,terfenadine,19,2.67,24621
Human,terfenadine,19,4.0,24622
Human,terfenadine,19,5.33,24623
Human,terfenadine,19,6.67,24624
Human,terfenadine,19,8.0,24625
Human,terfenadine,19,9.33,24626
Human,terfenadine,19,10.67,24627
Human,terfenadine,19,12.0,24628
Human,terfenadine,22,0.0,24629
Human,terfenadine,22,1.33,24630
Human,terfenadine,22,2.67,24631
Human,terfenadine,22,4.0,24632
Human,terfenadine,22,5.33,24633
Human,terfenadine,22,6.67,24634
Human,terfenadine,22,8.0,24635
Human,terfenadine,22,9.33,24636
Human,terfenadine,22,10.67,24637
Human,terfenadine,22,12.0,24638
Human,terfenadine,26,0.0,24639
Human,terfenadine,26,1.33,24640
Human,terfenadine,26,2.67,24641
Human,terfenadine,26,4.0,24642
Human,terfenadine,26,5.33,24643
Human,terfenadine,26,6.67,24644
Human,terfenadine,26,8.0,24645
Human,terfenadine,26,9.33,24646
Human,terfenadine,26,10.67,24647
Human,terfenadine,26,12.0,24648
Human,terfenadine,28,0.0,24649
Human,terfenadine,28,1.33,24650
Human,terfenadine,28,2.67,24651
Human,terfenadine,28,4.0,24652
Human,terfenadine,28,5.33,24653
Human,terfenadine,28,6.67,24654
Human,terfenadine,28,8.0,24655
Human,terfenadine,28,9.33,24656
Human,terfenadine,28,10.67,24657
Human,terfenadine,28,12.0,24658
Human,terfenadine,30,0.0,24659
Human,terfenadine,30,1.33,24660
Human,terfenadine,30,2.67,24661
Human,terfenadine,30,4.0,24662
Human,terfenadine,30,5.33,24663
Human,terfenadine,30,6.67,24664
Human,terfenadine,30,8.0,24665
Human,terfenadine,30,9.33,24666
Human,terfenadine,30,10.67,24667
Human,terfenadine,30,12.0,24668
Human,verapamil,0,0.0,26679
Human,verapamil,0,27.0,26680
Human,verapamil,0,54.0,26681
Human,verapamil,0,81.0,26682
Human,verapamil,0,108.0,26683
Human,verapamil,0,135.0,26684
Human,verapamil,0,162.0,26685
Human,verapamil,0,189.0,26686
Human,verapamil,0,216.0,26687
Human,verapamil,0,243.0,26688
Human,verapamil,1,0.0,26689
Human,verapamil,1,27.0,26690
Human,verapamil,1,54.0,26691
Human,verapamil,1,81.0,26692
Human,verapamil,1,108.0,26693
Human,verapamil,1,135.0,26694
Human,verapamil,1,162.0,26695
Human,verapamil,1,189.0,26696
Human,verapamil,1,216.0,26697
Human,verapamil,1,243.0,26698
Human,verapamil,2,0.0,26699
Human,verapamil,2,27.0,26700
Human,verapamil,2,54.0,26701
Human,verapamil,2,81.0,26702
Human,verapamil,2,108.0,26703
Human,verapamil,2,135.0,26704
Human,verapamil,2,162.0,26705
Human,verapamil,2,189.0,26706
Human,verapamil,2,216.0,26707
Human,verapamil,2,243.0,26708
Human,verapamil,3,0.0,26709
Human,verapamil,3,27.0,26710
Human,verapamil,3,54.0,26711
Human,verapamil,3,81.0,26712
Human,verapamil,3,108.0,26713
Human,verapamil,3,135.0,26714
Human,verapamil,3,162.0,26715
Human,verapamil,3,189.0,26716
Human,verapamil,3,216.0,26717
Human,verapamil,3,243.0,26718
Human,verapamil,4,0.0,26719
Human,verapamil,4,27.0,26720
Human,verapamil,4,54.0,26721
Human,verapamil,4,81.0,26722
Human,verapamil,4,108.0,26723
Human,verapamil,4,135.0,26724
Human,verapamil,4,162.0,26725
Human,verapamil,4,189.0,26726
Human,verapamil,4,216.0,26727
Human,verapamil,4,243.0,26728
Human,verapamil,5,0.0,26729
Human,verapamil,5,27.0,26730
Human,verapamil,5,54.0,26731
Human,verapamil,5,81.0,26732
Human,verapamil,5,108.0,26733
Human,verapamil,5,135.0,26734
Human,verapamil,5,162.0,26735
Human,verapamil,5,189.0,26736
Human,verapamil,5,216.0,26737
Human,verapamil,5,243.0,26738
Human,verapamil,6,0.0,26739
Human,verapamil,6,27.0,26740
Human,verapamil,6,54.0,26741
Human,verapamil,6,81.0,26742
Human,verapamil,6,108.0,26743
Human,verapamil,6,135.0,26744
Human,verapamil,6,162.0,26745
Human,verapamil,6,189.0,26746
Human,verapamil,6,216.0,26747
Human,verapamil,6,243.0,26748
Human,verapamil,7,0.0,26749
Human,verapamil,7,27.0,26750
Human,verapamil,7,54.0,26751
Human,verapamil,7,81.0,26752
Human,verapamil,7,108.0,26753
Human,verapamil,7,135.0,26754
Human,verapamil,7,162.0,26755
Human,verapamil,7,189.0,26756
Human,verapamil,7,216.0,26757
Human,verapamil,7,243.0,26758
Human,verapamil,8,0.0,26759
Human,verapamil,8,27.0,26760
Human,verapamil,8,54.0,26761
Human,verapamil,8,81.0,26762
Human,verapamil,8,108.0,26763
Human,verapamil,8,135.0,26764
Human,verapamil,8,162.0,26765
Human,verapamil,8,189.0,26766
Human,verapamil,8,216.0,26767
Human,verapamil,8,243.0,26768
Human,verapamil,9,0.0,26769
Human,verapamil,9,27.0,26770
Human,verapamil,9,54.0,26771
Human,verapamil,9,81.0,26772
Human,verapamil,9,108.0,26773
Human,verapamil,9,135.0,26774
Human,verapamil,9,162.0,26775
Human,verapamil,9,189.0,26776
Human,verapamil,9,216.0,26777
Human,verapamil,9,243.0,26778
Human,verapamil,10,0.0,26779
Human,verapamil,10,27.0,26780
Human,verapamil,10,54.0,26781
Human,verapamil,10,81.0,26782
Human,verapamil,10,108.0,26783
Human,verapamil,10,135.0,26784
Human,verapamil,10,162.0,26785
Human,verapamil,10,189.0,26786
Human,verapamil,10,216.0,26787
Human,verapamil,10,243.0,26788
Human,verapamil,11,0.0,26789
Human,verapamil,11,27.0,26790
Human,verapamil,11,54.0,26791
Human,verapamil,11,81.0,26792
Human,verapamil,11,108.0,26793
Human,verapamil,11,135.0,26794
Human,verapamil,11,162.0,26795
Human,verapamil,11,189.0,26796
Human,verapamil,11,216.0,26797
Human,verapamil,11,243.0,26798
Human,verapamil,12,0.0,26799
Human,verapamil,12,27.0,26800
Human,verapamil,12,54.0,26801
Human,verapamil,12,81.0,26802
Human,verapamil,12,108.0,26803
Human,verapamil,12,135.0,26804
Human,verapamil,12,162.0,26805
Human,verapamil,12,189.0,26806
Human,verapamil,12,216.0,26807
Human,verapamil,12,243.0,26808
Human,verapamil,13,0.0,26809
Human,verapamil,13,27.0,26810
Human,verapamil,13,54.0,26811
Human,verapamil,13,81.0,26812
Human,verapamil,13,108.0,26813
Human,verapamil,13,135.0,26814
Human,verapamil,13,162.0,26815
Human,verapamil,13,189.0,26816
Human,verapamil,13,216.0,26817
Human,verapamil,13,243.0,26818
Human,verapamil,14,0.0,26819
Human,verapamil,14,27.0,26820
Human,verapamil,14,54.0,26821
Human,verapamil,14,81.0,26822
Human,verapamil,14,108.0,26823
Human,verapamil,14,135.0,26824
Human,verapamil,14,162.0,26825
Human,verapamil,14,189.0,26826
Human,verapamil,14,216.0,26827
Human,verapamil,14,243.0,26828
Human,verapamil,15,0.0,26829
Human,verapamil,15,27.0,26830
Human,verapamil,15,54.0,26831
Human,verapamil,15,81.0,26832
Human,verapamil,15,108.0,26833
Human,verapamil,15,135.0,26834
Human,verapamil,15,162.0,26835
Human,verapamil,15,189.0,26836
Human,verapamil,15,216.0,26837
Human,verapamil,15,243.0,26838
Human,verapamil,17,0.0,26839
Human,verapamil,17,27.0,26840
Human,verapamil,17,54.0,26841
Human,verapamil,17,81.0,26842
Human,verapamil,17,108.0,26843
Human,verapamil,17,135.0,26844
Human,verapamil,17,162.0,26845
Human,verapamil,17,189.0,26846
Human,verapamil,17,216.0,26847
Human,verapamil,17,243.0,26848
Human,verapamil,18,0.0,26849
Human,verapamil,18,27.0,26850
Human,verapamil,18,54.0,26851
Human,verapamil,18,81.0,26852
Human,verapamil,18,108.0,26853
Human,verapamil,18,135.0,26854
Human,verapamil,18,162.0,26855
Human,verapamil,18,189.0,26856
Human,verapamil,18,216.0,26857
Human,verapamil,18,243.0,26858
Human,verapamil,19,0.0,26859
Human,verapamil,19,27.0,26860
Human,verapamil,19,54.0,26861
Human,verapamil,19,81.0,26862
Human,verapamil,19,108.0,26863
Human,verapamil,19,135.0,26864
Human,verapamil,19,162.0,26865
Human,verapamil,19,189.0,26866
Human,verapamil,19,216.0,26867
Human,verapamil,19,243.0,26868
Human,verapamil,23,0.0,26869
Human,verapamil,23,27.0,26870
Human,verapamil,23,54.0,26871
Human,verapamil,23,81.0,26872
Human,verapamil,23,108.0,26873
Human,verapamil,23,135.0,26874
Human,verapamil,23,162.0,26875
Human,verapamil,23,189.0,26876
Human,verapamil,23,216.0,26877
Human,verapamil,23,243.0,26878
Human,verapamil,24,0.0,26879
Human,verapamil,24,27.0,26880
Human,verapamil,24,54.0,26881
Human,verapamil,24,81.0,26882
Human,verapamil,24,108.0,26883
Human,verapamil,24,135.0,26884
Human,verapamil,24,162.0,26885
Human,verapamil,24,189.0,26886
Human,verapamil,24,216.0,26887
Human,verapamil,24,243.0,26888
Human,verapamil,26,0.0,26889
Human,verapamil,26,27.0,26890
Human,verapamil,26,54.0,26891
Human,verapamil,26,81.0,26892
Human,verapamil,26,108.0,26893
Human,verapamil,26,135.0,26894
Human,verapamil,26,162.0,26895
Human,verapamil,26,189.0,26896
Human,verapamil,26,216.0,26897
Human,verapamil,26,243.0,26898
Human,verapamil,28,0.0,26899
Human,verapamil,28,27.0,26900
Human,verapamil,28,54.0,26901
Human,verapamil,28,81.0,26902
Human,verapamil,28,108.0,26903
Human,verapamil,28,135.0,26904
Human,verapamil,28,162.0,26905
Human,verapamil,28,189.0,26906
Human,verapamil,28,216.0,26907
Human,verapamil,28,243.0,26908
Human,verapamil,30,0.0,26909
Human,verapamil,30,27.0,26910
Human,verapamil,30,54.0,26911
Human,verapamil,30,81.0,26912
Human,verapamil,30,108.0,26913
Human,verapamil,30,135.0,26914
Human,verapamil,30,162.0,26915
Human,verapamil,30,189.0,26916
Human,verapamil,30,216.0,26917
Human,verapamil,30,243.0,26918
Human,verapamil,31,0.0,26919
Human,verapamil,31,27.0,26920
Human,verapamil,31,54.0,26921
Human,verapamil,31,81.0,26922
Human,verapamil,31,108.0,26923
Human,verapamil,31,135.0,26924
Human,verapamil,31,162.0,26925
Human,verapamil,31,189.0,26926
Human,verapamil,31,216.0,26927
Human,verapamil,31,243.0,26928
Mouse,bepridil,0,0.0,480
Mouse,bepridil,0,11.0,481
Mouse,bepridil,0,22.0,482
Mouse,bepridil,0,33.0,483
Mouse,bepridil,0,44.0,484
Mouse,bepridil,0,55.0,485
Mouse,bepridil,0,66.0,486
Mouse,bepridil,0,77.0,487
Mouse,bepridil,0,88.0,488
Mouse,bepridil,0,99.0,489
Mouse,bepridil,1,0.0,490
Mouse,bepridil,1,11.0,491
Mouse,bepridil,1,22.0,492
Mouse,bepridil,1,33.0,493
Mouse,bepridil,1,44.0,494
Mouse,bepridil,1,55.0,495
Mouse,bepridil,1,66.0,496
Mouse,bepridil,1,77.0,497
Mouse,bepridil,1,88.0,498
Mouse,bepridil,1,99.0,499
Mouse,bepridil,2,0.0,500
Mouse,bepridil,2,11.0,501
Mouse,bepridil,2,22.0,502
Mouse,bepridil,2,33.0,503
Mouse,bepridil,2,44.0,504
Mouse,bepridil,2,55.0,505
Mouse,bepridil,2,66.0,506
Mouse,bepridil,2,77.0,507
Mouse,bepridil,2,88.0,508
Mouse,bepridil,2,99.0,509
Mouse,bepridil,3,0.0,510
Mouse,bepridil,3,11.0,511
Mouse,bepridil,3,22.0,512
Mouse,bepridil,3,33.0,513
Mouse,bepridil,3,44.0,514
Mouse,bepridil,3,55.0,515
Mouse,bepridil,3,66.0,516
Mouse,bepridil,3,77.0,517
Mouse,bepridil,3,88.0,518
Mouse,bepridil,3,99.0,519
Mouse,bepridil,4,0.0,520
Mouse,bepridil,4,11.0,521
Mouse,bepridil,4,22.0,522
Mouse,bepridil,4,33.0,523
Mouse,bepridil,4,44.0,524
Mouse,bepridil,4,55.0,525
Mouse,bepridil,4,66.0,526
Mouse,bepridil,4,77.0,527
Mouse,bepridil,4,88.0,528
Mouse,bepridil,4,99.0,529
Mouse,bepridil,5,0.0,530
Mouse,bepridil,5,11.0,531
Mouse,bepridil,5,22.0,532
Mouse,bepridil,5,33.0,533
Mouse,bepridil,5,44.0,534
Mouse,bepridil,5,55.0,535
Mouse,bepridil,5,66.0,536
Mouse,bepridil,5,77.0,537
Mouse,bepridil,5,88.0,538
Mouse,bepridil,5,99.0,539
Mouse,bepridil,6,0.0,540
Mouse,bepridil,6,11.0,541
Mouse,bepridil,6,22.0,542
Mouse,bepridil,6,33.0,543
Mouse,bepridil,6,44.0,544
Mouse,bepridil,6,55.0,545
Mouse,bepridil,6,66.0,546
Mouse,bepridil,6,77.0,547
Mouse,bepridil,6,88.0,548
Mouse,bepridil,6,99.0,549
Mouse,bepridil,7,0.0,550
Mouse,bepridil,7,11.0,551
Mouse,bepridil,7,22.0,552
Mouse,bepridil,7,33.0,553
Mouse,bepridil,7,44.0,554
Mouse,bepridil,7,55.0,555
Mouse,bepridil,7,66.0,556
Mouse,bepridil,7,77.0,557
Mouse,bepridil,7,88.0,558
Mouse,bepridil,7,99.0,559
Mouse,bepridil,8,0.0,560
Mouse,bepridil,8,11.0,561
Mouse,bepridil,8,22.0,562
Mouse,bepridil,8,33.0,563
Mouse,bepridil,8,44.0,564
Mouse,bepridil,8,55.0,565
Mouse,bepridil,8,66.0,566
Mouse,bepridil,8,77.0,567
Mouse,bepridil,8,88.0,568
Mouse,bepridil,8,99.0,569
Mouse,bepridil,9,0.0,570
Mouse,bepridil,9,11.0,571
Mouse,bepridil,9,22.0,572
Mouse,bepridil,9,33.0,573
Mouse,bepridil,9,44.0,574
Mouse,bepridil,9,55.0,575
Mouse,bepridil,9,66.0,576
Mouse,bepridil,9,77.0,577
Mouse,bepridil,9,88.0,578
Mouse,bepridil,9,99.0,579
Mouse,bepridil,10,0.0,580
Mouse,bepridil,10,11.0,581
Mouse,bepridil,10,22.0,582
Mouse,bepridil,10,33.0,583
Mouse,bepridil,10,44.0,584
Mouse,bepridil,10,55.0,585
Mouse,bepridil,10,66.0,586
Mouse,bepridil,10,77.0,587
Mouse,bepridil,10,88.0,588
Mouse,bepridil,10,99.0,589
Mouse,bepridil,11,0.0,590
Mouse,bepridil,11,11.0,591
Mouse,bepridil,11,22.0,592
Mouse,bepridil,11,33.0,593
Mouse,bepridil,11,44.0,594
Mouse,bepridil,11,55.0,595
Mouse,bepridil,11,66.0,596
Mouse,bepridil,11,77.0,597
Mouse,bepridil,11,88.0,598
Mouse,bepridil,11,99.0,599
Mouse,bepridil,12,0.0,600
Mouse,bepridil,12,11.0,601
Mouse,bepridil,12,22.0,602
Mouse,bepridil,12,33.0,603
Mouse,bepridil,12,44.0,604
Mouse,bepridil,12,55.0,605
Mouse,bepridil,12,66.0,606
Mouse,bepridil,12,77.0,607
Mouse,bepridil,12,88.0,608
Mouse,bepridil,12,99.0,609
Mouse,bepridil,13,0.0,610
Mouse,bepridil,13,11.0,611
Mouse,bepridil,13,22.0,612
Mouse,bepridil,13,33.0,613
Mouse,bepridil,13,44.0,614
Mouse,bepridil,13,55.0,615
Mouse,bepridil,13,66.0,616
Mouse,bepridil,13,77.0,617
Mouse,bepridil,13,88.0,618
Mouse,bepridil,13,99.0,619
Mouse,bepridil,15,0.0,620
Mouse,bepridil,15,11.0,621
Mouse,bepridil,15,22.0,622
Mouse,bepridil,15,33.0,623
Mouse,bepridil,15,44.0,624
Mouse,bepridil,15,55.0,625
Mouse,bepridil,15,66.0,626
Mouse,bepridil,15,77.0,627
Mouse,bepridil,15,88.0,628
Mouse,bepridil,15,99.0,629
Mouse,bepridil,16,0.0,630
Mouse,bepridil,16,11.0,631
Mouse,bepridil,16,22.0,632
Mouse,bepridil,16,33.0,633
Mouse,bepridil,16,44.0,634
Mouse,bepridil,16,55.0,635
Mouse,bepridil,16,66.0,636
Mouse,bepridil,16,77.0,637
Mouse,bepridil,16,88.0,638
Mouse,bepridil,16,99.0,639
Mouse,bepridil,17,0.0,640
Mouse,bepridil,17,11.0,641
Mouse,bepridil,17,22.0,642
Mouse,bepridil,17,33.0,643
Mouse,bepridil,17,44.0,644
Mouse,bepridil,17,55.0,645
Mouse,bepridil,17,66.0,646
Mouse,bepridil,17,77.0,647
Mouse,bepridil,17,88.0,648
Mouse,bepridil,17,99.0,649
Mouse,bepridil,18,0.0,650
Mouse,bepridil,18,11.0,651
Mouse,bepridil,18,22.0,652
Mouse,bepridil,18,33.0,653
Mouse,bepridil,18,44.0,654
Mouse,bepridil,18,55.0,655
Mouse,bepridil,18,66.0,656
Mouse,bepridil,18,77.0,657
Mouse,bepridil,18,88.0,658
Mouse,bepridil,18,99.0,659
Mouse,bepridil,19,0.0,660
Mouse,bepridil,19,11.0,661
Mouse,bepridil,19,22.0,662
Mouse,bepridil,19,33.0,663
Mouse,bepridil,19,44.0,664
Mouse,bepridil,19,55.0,665
Mouse,bepridil,19,66.0,666
Mouse,bepridil,19,77.0,667
Mouse,bepridil,19,88.0,668
Mouse,bepridil,19,99.0,669
Mouse,bepridil,21,0.0,670
Mouse,bepridil,21,11.0,671
Mouse,bepridil,21,22.0,672
Mouse,bepridil,21,33.0,673
Mouse,bepridil,21,44.0,674
Mouse,bepridil,21,55.0,675
Mouse,bepridil,21,66.0,676
Mouse,bepridil,21,77.0,677
Mouse,bepridil,21,88.0,678
Mouse,bepridil,21,99.0,679
Mouse,bepridil,24,0.0,680
Mouse,bepridil,24,11.0,681
Mouse,bepridil,24,22.0,682
Mouse,bepridil,24,33.0,683
Mouse,bepridil,24,44.0,684
Mouse,bepridil,24,55.0,685
Mouse,bepridil,24,66.0,686
Mouse,bepridil,24,77.0,687
Mouse,bepridil,24,88.0,688
Mouse,bepridil,24,99.0,689
Mouse,bepridil,25,0.0,690
Mouse,bepridil,25,11.0,691
Mouse,bepridil,25,22.0,692
Mouse,bepridil,25,33.0,693
Mouse,bepridil,25,44.0,694
Mouse,bepridil,25,55.0,695
Mouse,bepridil,25,66.0,696
Mouse,bepridil,25,77.0,697
Mouse,bepridil,25,88.0,698
Mouse,bepridil,25,99.0,699
Mouse,bepridil,26,0.0,700
Mouse,bepridil,26,11.0,701
Mouse,bepridil,26,22.0,702
Mouse,bepridil,26,33.0,703
Mouse,bepridil,26,44.0,704
Mouse,bepridil,26,55.0,705
Mouse,bepridil,26,66.0,706
Mouse,bepridil,26,77.0,707
Mouse,bepridil,26,88.0,708
Mouse,bepridil,26,99.0,709
Mouse,bepridil,27,0.0,710
Mouse,bepridil,27,11.0,711
Mouse,bepridil,27,22.0,712
Mouse,bepridil,27,33.0,713
Mouse,bepridil,27,44.0,714
Mouse,bepridil,27,55.0,715
Mouse,bepridil,27,66.0,716
Mouse,bepridil,27,77.0,717
Mouse,bepridil,27,88.0,718
Mouse,bepridil,27,99.0,719
Mouse,bepridil,28,0.0,720
Mouse,bepridil,28,11.0,721
Mouse,bepridil,28,22.0,722
Mouse,bepridil,28,33.0,723
Mouse,bepridil,28,44.0,724
Mouse,bepridil,28,55.0,725
Mouse,bepridil,28,66.0,726
Mouse,bepridil,28,77.0,727
Mouse,bepridil,28,88.0,728
Mouse,bepridil,28,99.0,729
Mouse,bepridil,29,0.0,730
Mouse,bepridil,29,11.0,731
Mouse,bepridil,29,22.0,732
Mouse,bepridil,29,33.0,733
Mouse,bepridil,29,44.0,734
Mouse,bepridil,29,55.0,735
Mouse,bepridil,29,66.0,736
Mouse,bepridil,29,77.0,737
Mouse,bepridil,29,88.0,738
Mouse,bepridil,29,99.0,739
Mouse,bepridil,30,0.0,740
Mouse,bepridil,30,11.0,741
Mouse,bepridil,30,22.0,742
Mouse,bepridil,30,33.0,743
Mouse,bepridil,30,44.0,744
Mouse,bepridil,30,55.0,745
Mouse,bepridil,30,66.0,746
Mouse,bepridil,30,77.0,747
Mouse,bepridil,30,88.0,748
Mouse,bepridil,30,99.0,749
Mouse,bepridil,31,0.0,750
Mouse,bepridil,31,11.0,751
Mouse,bepridil,31,22.0,752
Mouse,bepridil,31,33.0,753
Mouse,bepridil,31,44.0,754
Mouse,bepridil,31,55.0,755
Mouse,bepridil,31,66.0,756
Mouse,bepridil,31,77.0,757
Mouse,bepridil,31,88.0,758
Mouse,bepridil,31,99.0,759
Mouse,bepridil,32,0.0,760
Mouse,bepridil,32,11.0,761
Mouse,bepridil,32,22.0,762
Mouse,bepridil,32,33.0,763
Mouse,bepridil,32,44.0,764
Mouse,bepridil,32,55.0,765
Mouse,bepridil,32,66.0,766
Mouse,bepridil,32,77.0,767
Mouse,bepridil,32,88.0,768
Mouse,bepridil,32,99.0,769
Mouse,bepridil,33,0.0,770
Mouse,bepridil,33,11.0,771
Mouse,bepridil,33,22.0,772
Mouse,bepridil,33,33.0,773
Mouse,bepridil,33,44.0,774
Mouse,bepridil,33,55.0,775
Mouse,bepridil,33,66.0,776
Mouse,bepridil,33,77.0,777
Mouse,bepridil,33,88.0,778
Mouse,bepridil,33,99.0,779
Mouse,bepridil,34,0.0,780
Mouse,bepridil,34,11.0,781
Mouse,bepridil,34,22.0,782
Mouse,bepridil,34,33.0,783
Mouse,bepridil,34,44.0,784
Mouse,bepridil,34,55.0,785
Mouse,bepridil,34,66.0,786
Mouse,bepridil,34,77.0,787
Mouse,bepridil,34,88.0,788
Mouse,bepridil,34,99.0,789
Mouse,bepridil,35,0.0,790
Mouse,bepridil,35,11.0,791
Mouse,bepridil,35,22.0,792
Mouse,bepridil,35,33.0,793
Mouse,bepridil,35,44.0,794
Mouse,bepridil,35,55.0,795
Mouse,bepridil,35,66.0,796
Mouse,bepridil,35,77.0,797
Mouse,bepridil,35,88.0,798
Mouse,bepridil,35,99.0,799
Mouse,bepridil,36,0.0,800
Mouse,bepridil,36,11.0,801
Mouse,bepridil,36,22.0,802
Mouse,bepridil,36,33.0,803
Mouse,bepridil,36,44.0,804
Mouse,bepridil,36,55.0,805
Mouse,bepridil,36,66.0,806
Mouse,bepridil,36,77.0,807
Mouse,bepridil,36,88.0,808
Mouse,bepridil,36,99.0,809
Mouse,bepridil,37,0.0,810
Mouse,bepridil,37,11.0,811
Mouse,bepridil,37,22.0,812
Mouse,bepridil,37,33.0,813
Mouse,bepridil,37,44.0,814
Mouse,bepridil,37,55.0,815
Mouse,bepridil,37,66.0,816
Mouse,bepridil,37,77.0,817
Mouse,bepridil,37,88.0,818
Mouse,bepridil,37,99.0,819
Mouse,bepridil,38,0.0,820
Mouse,bepridil,38,11.0,821
Mouse,bepridil,38,22.0,822
Mouse,bepridil,38,33.0,823
Mouse,bepridil,38,44.0,824
Mouse,bepridil,38,55.0,825
Mouse,bepridil,38,66.0,826
Mouse,bepridil,38,77.0,827
Mouse,bepridil,38,88.0,828
Mouse,bepridil,38,99.0,829
Mouse,bepridil,39,0.0,830
Mouse,bepridil,39,11.0,831
Mouse,bepridil,39,22.0,832
Mouse,bepridil,39,33.0,833
Mouse,bepridil,39,44.0,834
Mouse,bepridil,39,55.0,835
Mouse,bepridil,39,66.0,836
Mouse,bepridil,39,77.0,837
Mouse,bepridil,39,88.0,838
Mouse,bepridil,39,99.0,839
Mouse,bepridil,40,0.0,840
Mouse,bepridil,40,11.0,841
Mouse,bepridil,40,22.0,842
Mouse,bepridil,40,33.0,843
Mouse,bepridil,40,44.0,844
Mouse,bepridil,40,55.0,845
Mouse,bepridil,40,66.0,846
Mouse,bepridil,40,77.0,847
Mouse,bepridil,40,88.0,848
Mouse,bepridil,40,99.0,849
Mouse,bepridil,41,0.0,850
Mouse,bepridil,41,11.0,851
Mouse,bepridil,41,22.0,852
Mouse,bepridil,41,33.0,853
Mouse,bepridil,41,44.0,854
Mouse,bepridil,41,55.0,855
Mouse,bepridil,41,66.0,856
Mouse,bepridil,41,77.0,857
Mouse,bepridil,41,88.0,858
Mouse,bepridil,41,99.0,859
Mouse,chlorpromazine,0,0.0,2890
Mouse,chlorpromazine,0,12.67,2891
Mouse,chlorpromazine,0,25.33,2892
Mouse,chlorpromazine,0,38.0,2893
Mouse,chlorpromazine,0,50.67,2894
Mouse,chlorpromazine,0,63.33,2895
Mouse,chlorpromazine,0,76.0,2896
Mouse,chlorpromazine,0,88.67,2897
Mouse,chlorpromazine,0,101.33,2898
Mouse,chlorpromazine,0,114.0,2899
Mouse,chlorpromazine,1,0.0,2900
Mouse,chlorpromazine,1,12.67,2901
Mouse,chlorpromazine,1,25.33,2902
Mouse,chlorpromazine,1,38.0,2903
Mouse,chlorpromazine,1,50.67,2904
Mouse,chlorpromazine,1,63.33,2905
Mouse,chlorpromazine,1,76.0,2906
Mouse,chlorpromazine,1,88.67,2907
Mouse,chlorpromazine,1,101.33,2908
Mouse,chlorpromazine,1,114.0,2909
Mouse,chlorpromazine,2,0.0,2910
Mouse,chlorpromazine,2,12.67,2911
Mouse,chlorpromazine,2,25.33,2912
Mouse,chlorpromazine,2,38.0,2913
Mouse,chlorpromazine,2,50.67,2914
Mouse,chlorpromazine,2,63.33,2915
Mouse,chlorpromazine,2,76.0,2916
Mouse,chlorpromazine,2,88.67,2917
Mouse,chlorpromazine,2,101.33,2918
Mouse,chlorpromazine,2,114.0,2919
Mouse,chlorpromazine,3,0.0,2920
Mouse,chlorpromazine,3,12.67,2921
Mouse,chlorpromazine,3,25.33,2922
Mouse,chlorpromazine,3,38.0,2923
Mouse,chlorpromazine,3,50.67,2924
Mouse,chlorpromazine,3,63.33,2925
Mouse,chlorpromazine,3,76.0,2926
Mouse,chlorpromazine,3,88.67,2927
Mouse,chlorpromazine,3,101.33,2928
Mouse,chlorpromazine,3,114.0,2929
Mouse,chlorpromazine,4,0.0,2930
Mouse,chlorpromazine,4,12.67,2931
Mouse,chlorpromazine,4,25.33,2932
Mouse,chlorpromazine,4,38.0,2933
Mouse,chlorpromazine,4,50.67,2934
Mouse,chlorpromazine,4,63.33,2935
Mouse,chlorpromazine,4,76.0,2936
Mouse,chlorpromazine,4,88.67,2937
Mouse,chlorpromazine,4,101.33,2938
Mouse,chlorpromazine,4,114.0,2939
Mouse,chlorpromazine,5,0.0,2940
Mouse,chlorpromazine,5,12.67,2941
Mouse,chlorpromazine,5,25.33,2942
Mouse,chlorpromazine,5,38.0,2943
Mouse,chlorpromazine,5,50.67,2944
Mouse,chlorpromazine,5,63.33,2945
Mouse,chlorpromazine,5,76.0,2946
Mouse,chlorpromazine,5,88.67,2947
Mouse,chlorpromazine,5,101.33,2948
Mouse,chlorpromazine,5,114.0,2949
Mouse,chlorpromazine,6,0.0,2950
Mouse,chlorpromazine,6,12.67,2951
Mouse,chlorpromazine,6,25.33,2952
Mouse,chlorpromazine,6,38.0,2953
Mouse,chlorpromazine,6,50.67,2954
Mouse,chlorpromazine,6,63.33,2955
Mouse,chlorpromazine,6,76.0,2956
Mouse,chlorpromazine,6,88.67,2957
Mouse,chlorpromazine,6,101.33,2958
Mouse,chlorpromazine,6,114.0,2959
Mouse,chlorpromazine,8,0.0,2960
Mouse,chlorpromazine,8,12.67,2961
Mouse,chlorpromazine,8,25.33,2962
Mouse,chlorpromazine,8,38.0,2963
Mouse,chlorpromazine,8,50.67,2964
Mouse,chlorpromazine,8,63.33,2965
Mouse,chlorpromazine,8,76.0,2966
Mouse,chlorpromazine,8,88.67,2967
Mouse,chlorpromazine,8,101.33,2968
Mouse,chlorpromazine,8,114.0,2969
Mouse,chlorpromazine,11,0.0,2970
Mouse,chlorpromazine,11,12.67,2971
Mouse,chlorpromazine,11,25.33,2972
Mouse,chlorpromazine,11,38.0,2973
Mouse,chlorpromazine,11,50.67,2974
Mouse,chlorpromazine,11,63.33,2975
Mouse,chlorpromazine,11,76.0,2976
Mouse,chlorpromazine,11,88.67,2977
Mouse,chlorpromazine,11,101.33,2978
Mouse,chlorpromazine,11,114.0,2979
Mouse,chlorpromazine,12,0.0,2980
Mouse,chlorpromazine,12,12.67,2981
Mouse,chlorpromazine,12,25.33,2982
Mouse,chlorpromazine,12,38.0,2983
Mouse,chlorpromazine,12,50.67,2984
Mouse,chlorpromazine,12,63.33,2985
Mouse,chlorpromazine,12,76.0,2986
Mouse,chlorpromazine,12,88.67,2987
Mouse,chlorpromazine,12,101.33,2988
Mouse,chlorpromazine,12,114.0,2989
Mouse,chlorpromazine,15,0.0,2990
Mouse,chlorpromazine,15,12.67,2991
Mouse,chlorpromazine,15,25.33,2992
Mouse,chlorpromazine,15,38.0,2993
Mouse,chlorpromazine,15,50.67,2994
Mouse,chlorpromazine,15,63.33,2995
Mouse,chlorpromazine,15,76.0,2996
Mouse,chlorpromazine,15,88.67,2997
Mouse,chlorpromazine,15,101.33,2998
Mouse,chlorpromazine,15,114.0,2999
Mouse,chlorpromazine,16,0.0,3000
Mouse,chlorpromazine,16,12.67,3001
Mouse,chlorpromazine,16,25.33,3002
Mouse,chlorpromazine,16,38.0,3003
Mouse,chlorpromazine,16,50.67,3004
Mouse,chlorpromazine,16,63.33,3005
Mouse,chlorpromazine,16,76.0,3006
Mouse,chlorpromazine,16,88.67,3007
Mouse,chlorpromazine,16,101.33,3008
Mouse,chlorpromazine,16,114.0,3009
Mouse,chlorpromazine,17,0.0,3010
Mouse,chlorpromazine,17,12.67,3011
Mouse,chlorpromazine,17,25.33,3012
Mouse,chlorpromazine,17,38.0,3013
Mouse,chlorpromazine,17,50.67,3014
Mouse,chlorpromazine,17,63.33,3015
Mouse,chlorpromazine,17,76.0,3016
Mouse,chlorpromazine,17,88.67,3017
Mouse,chlorpromazine,17,101.33,3018
Mouse,chlorpromazine,17,114.0,3019
Mouse,chlorpromazine,18,0.0,3020
Mouse,chlorpromazine,18,12.67,3021
Mouse,chlorpromazine,18,25.33,3022
Mouse,chlorpromazine,18,38.0,3023
Mouse,chlorpromazine,18,50.67,3024
Mouse,chlorpromazine,18,63.33,3025
Mouse,chlorpromazine,18,76.0,3026
Mouse,chlorpromazine,18,88.67,3027
Mouse,chlorpromazine,18,101.33,3028
Mouse,chlorpromazine,18,114.0,3029
Mouse,chlorpromazine,19,0.0,3030
Mouse,chlorpromazine,19,12.67,3031
Mouse,chlorpromazine,19,25.33,3032
Mouse,chlorpromazine,19,38.0,3033
Mouse,chlorpromazine,19,50.67,3034
Mouse,chlorpromazine,19,63.33,3035
Mouse,chlorpromazine,19,76.0,3036
Mouse,chlorpromazine,19,88.67,3037
Mouse,chlorpromazine,19,101.33,3038
Mouse,chlorpromazine,19,114.0,3039
Mouse,chlorpromazine,20,0.0,3040
Mouse,chlorpromazine,20,12.67,3041
Mouse,chlorpromazine,20,25.33,3042
Mouse,chlorpromazine,20,38.0,3043
Mouse,chlorpromazine,20,50.67,3044
Mouse,chlorpromazine,20,63.33,3045
Mouse,chlorpromazine,20,76.0,3046
Mouse,chlorpromazine,20,88.67,3047
Mouse,chlorpromazine,20,101.33,3048
Mouse,chlorpromazine,20,114.0,3049
Mouse,chlorpromazine,21,0.0,3050
Mouse,chlorpromazine,21,12.67,3051
Mouse,chlorpromazine,21,25.33,3052
Mouse,chlorpromazine,21,38.0,3053
Mouse,chlorpromazine,21,50.67,3054
Mouse,chlorpromazine,21,63.33,3055
Mouse,chlorpromazine,21,76.0,3056
Mouse,chlorpromazine,21,88.67,3057
Mouse,chlorpromazine,21,101.33,3058
Mouse,chlorpromazine,21,114.0,3059
Mouse,chlorpromazine,22,0.0,3060
Mouse,chlorpromazine,22,12.67,3061
Mouse,chlorpromazine,22,25.33,3062
Mouse,chlorpromazine,22,38.0,3063
Mouse,chlorpromazine,22,50.67,3064
Mouse,chlorpromazine,22,63.33,3065
Mouse,chlorpromazine,22,76.0,3066
Mouse,chlorpromazine,22,88.67,3067
Mouse,chlorpromazine,22,101.33,3068
Mouse,chlorpromazine,22,114.0,3069
Mouse,chlorpromazine,24,0.0,3070
Mouse,chlorpromazine,24,12.67,3071
Mouse,chlorpromazine,24,25.33,3072
Mouse,chlorpromazine,24,38.0,3073
Mouse,chlorpromazine,24,50.67,3074
Mouse,chlorpromazine,24,63.33,3075
Mouse,chlorpromazine,24,76.0,3076
Mouse,chlorpromazine,24,88.67,3077
Mouse,chlorpromazine,24,101.33,3078
Mouse,chlorpromazine,24,114.0,3079
Mouse,chlorpromazine,25,0.0,3080
Mouse,chlorpromazine,25,12.67,3081
Mouse,chlorpromazine,25,25.33,3082
Mouse,chlorpromazine,25,38.0,3083
Mouse,chlorpromazine,25,50.67,3084
Mouse,chlorpromazine,25,63.33,3085
Mouse,chlorpromazine,25,76.0,3086
Mouse,chlorpromazine,25,88.67,3087
Mouse,chlorpromazine,25,101.33,3088
Mouse,chlorpromazine,25,114.0,3089
Mouse,chlorpromazine,26,0.0,3090
Mouse,chlorpromazine,26,12.67,3091
Mouse,chlorpromazine,26,25.33,3092
Mouse,chlorpromazine,26,38.0,3093
Mouse,chlorpromazine,26,50.67,3094
Mouse,chlorpromazine,26,63.33,3095
Mouse,chlorpromazine,26,76.0,3096
Mouse,chlorpromazine,26,88.67,3097
Mouse,chlorpromazine,26,101.33,3098
Mouse,chlorpromazine,26,114.0,3099
Mouse,chlorpromazine,27,0.0,3100
Mouse,chlorpromazine,27,12.67,3101
Mouse,chlorpromazine,27,25.33,3102
Mouse,chlorpromazine,27,38.0,3103
Mouse,chlorpromazine,27,50.67,3104
Mouse,chlorpromazine,27,63.33,3105
Mouse,chlorpromazine,27,76.0,3106
Mouse,chlorpromazine,27,88.67,3107
Mouse,chlorpromazine,27,101.33,3108
Mouse,chlorpromazine,27,114.0,3109
Mouse,chlorpromazine,28,0.0,3110
Mouse,chlorpromazine,28,12.67,3111
Mouse,chlorpromazine,28,25.33,3112
Mouse,chlorpromazine,28,38.0,3113
Mouse,chlorpromazine,28,50.67,3114
Mouse,chlorpromazine,28,63.33,3115
Mouse,chlorpromazine,28,76.0,3116
Mouse,chlorpromazine,28,88.67,3117
Mouse,chlorpromazine,28,101.33,3118
Mouse,chlorpromazine,28,114.0,3119
Mouse,chlorpromazine,29,0.0,3120
Mouse,chlorpromazine,29,12.67,3121
Mouse,chlorpromazine,29,25.33,3122
Mouse,chlorpromazine,29,38.0,3123
Mouse,chlorpromazine,29,50.67,3124
Mouse,chlorpromazine,29,63.33,3125
Mouse,chlorpromazine,29,76.0,3126
Mouse,chlorpromazine,29,88.67,3127
Mouse,chlorpromazine,29,101.33,3128
Mouse,chlorpromazine,29,114.0,3129
Mouse,chlorpromazine,30,0.0,3130
Mouse,chlorpromazine,30,12.67,3131
Mouse,chlorpromazine,30,25.33,3132
Mouse,chlorpromazine,30,38.0,3133
Mouse,chlorpromazine,30,50.67,3134
Mouse,chlorpromazine,30,63.33,3135
Mouse,chlorpromazine,30,76.0,3136
Mouse,chlorpromazine,30,88.67,3137
Mouse,chlorpromazine,30,101.33,3138
Mouse,chlorpromazine,30,114.0,3139
Mouse,chlorpromazine,31,0.0,3140
Mouse,chlorpromazine,31,12.67,3141
Mouse,chlorpromazine,31,25.33,3142
Mouse,chlorpromazine,31,38.0,3143
Mouse,chlorpromazine,31,50.67,3144
Mouse,chlorpromazine,31,63.33,3145
Mouse,chlorpromazine,31,76.0,3146
Mouse,chlorpromazine,31,88.67,3147
Mouse,chlorpromazine,31,101.33,3148
Mouse,chlorpromazine,31,114.0,3149
Mouse,chlorpromazine,32,0.0,3150
Mouse,chlorpromazine,32,12.67,3151
Mouse,chlorpromazine,32,25.33,3152
Mouse,chlorpromazine,32,38.0,3153
Mouse,chlorpromazine,32,50.67,3154
Mouse,chlorpromazine,32,63.33,3155
Mouse,chlorpromazine,32,76.0,3156
Mouse,chlorpromazine,32,88.67,3157
Mouse,chlorpromazine,32,101.33,3158
Mouse,chlorpromazine,32,114.0,3159
Mouse,chlorpromazine,33,0.0,3160
Mouse,chlorpromazine,33,12.67,3161
Mouse,chlorpromazine,33,25.33,3162
Mouse,chlorpromazine,33,38.0,3163
Mouse,chlorpromazine,33,50.67,3164
Mouse,chlorpromazine,33,63.33,3165
Mouse,chlorpromazine,33,76.0,3166
Mouse,chlorpromazine,33,88.67,3167
Mouse,chlorpromazine,33,101.33,3168
Mouse,chlorpromazine,33,114.0,3169
Mouse,chlorpromazine,34,0.0,3170
Mouse,chlorpromazine,34,12.67,3171
Mouse,chlorpromazine,34,25.33,3172
Mouse,chlorpromazine,34,38.0,3173
Mouse,chlorpromazine,34,50.67,3174
Mouse,chlorpromazine,34,63.33,3175
Mouse,chlorpromazine,34,76.0,3176
Mouse,chlorpromazine,34,88.67,3177
Mouse,chlorpromazine,34,101.33,3178
Mouse,chlorpromazine,34,114.0,3179
Mouse,chlorpromazine,35,0.0,3180
Mouse,chlorpromazine,35,12.67,3181
Mouse,chlorpromazine,35,25.33,3182
Mouse,chlorpromazine,35,38.0,3183
Mouse,chlorpromazine,35,50.67,3184
Mouse,chlorpromazine,35,63.33,3185
Mouse,chlorpromazine,35,76.0,3186
Mouse,chlorpromazine,35,88.67,3187
Mouse,chlorpromazine,35,101.33,3188
Mouse,chlorpromazine,35,114.0,3189
Mouse,chlorpromazine,36,0.0,3190
Mouse,chlorpromazine,36,12.67,3191
Mouse,chlorpromazine,36,25.33,3192
Mouse,chlorpromazine,36,38.0,3193
Mouse,chlorpromazine,36,50.67,3194
Mouse,chlorpromazine,36,63.33,3195
Mouse,chlorpromazine,36,76.0,3196
Mouse,chlorpromazine,36,88.67,3197
Mouse,chlorpromazine,36,101.33,3198
Mouse,chlorpromazine,36,114.0,3199
Mouse,chlorpromazine,37,0.0,3200
Mouse,chlorpromazine,37,12.67,3201
Mouse,chlorpromazine,37,25.33,3202
Mouse,chlorpromazine,37,38.0,3203
Mouse,chlorpromazine,37,50.67,3204
Mouse,chlorpromazine,37,63.33,3205
Mouse,chlorpromazine,37,76.0,3206
Mouse,chlorpromazine,37,88.67,3207
Mouse,chlorpromazine,37,101.33,3208
Mouse,chlorpromazine,37,114.0,3209
Mouse,chlorpromazine,38,0.0,3210
Mouse,chlorpromazine,38,12.67,3211
Mouse,chlorpromazine,38,25.33,3212
Mouse,chlorpromazine,38,38.0,3213
Mouse,chlorpromazine,38,50.67,3214
Mouse,chlorpromazine,38,63.33,3215
Mouse,chlorpromazine,38,76.0,3216
Mouse,chlorpromazine,38,88.67,3217
Mouse,chlorpromazine,38,101.33,3218
Mouse,chlorpromazine,38,114.0,3219
Mouse,chlorpromazine,39,0.0,3220
Mouse,chlorpromazine,39,12.67,3221
Mouse,chlorpromazine,39,25.33,3222
Mouse,chlorpromazine,39,38.0,3223
Mouse,chlorpromazine,39,50.67,3224
Mouse,chlorpromazine,39,63.33,3225
Mouse,chlorpromazine,39,76.0,3226
Mouse,chlorpromazine,39,88.67,3227
Mouse,chlorpromazine,39,101.33,3228
Mouse,chlorpromazine,39,114.0,3229
Mouse,chlorpromazine,40,0.0,3230
Mouse,chlorpromazine,40,12.67,3231
Mouse,chlorpromazine,40,25.33,3232
Mouse,chlorpromazine,40,38.0,3233
Mouse,chlorpromazine,40,50.67,3234
Mouse,chlorpromazine,40,63.33,3235
Mouse,chlorpromazine,40,76.0,3236
Mouse,chlorpromazine,40,88.67,3237
Mouse,chlorpromazine,40,101.33,3238
Mouse,chlorpromazine,40,114.0,3239
Mouse,chlorpromazine,41,0.0,3240
Mouse,chlorpromazine,41,12.67,3241
Mouse,chlorpromazine,41,25.33,3242
Mouse,chlorpromazine,41,38.0,3243
Mouse,chlorpromazine,41,50.67,3244
Mouse,chlorpromazine,41,63.33,3245
Mouse,chlorpromazine,41,76.0,3246
Mouse,chlorpromazine,41,88.67,3247
Mouse,chlorpromazine,41,101.33,3248
Mouse,chlorpromazine,41,114.0,3249
Mouse,cisapride,0,0.0,5280
Mouse,cisapride,0,0.87,5281
Mouse,cisapride,0,1.73,5282
Mouse,cisapride,0,2.6,5283
Mouse,cisapride,0,3.47,5284
Mouse,cisapride,0,4.33,5285
Mouse,cisapride,0,5.2,5286
Mouse,cisapride,0,6.07,5287
Mouse,cisapride,0,6.93,5288
Mouse,cisapride,0,7.8,5289
Mouse,cisapride,2,0.0,5290
Mouse,cisapride,2,0.87,5291
Mouse,cisapride,2,1.73,5292
Mouse,cisapride,2,2.6,5293
Mouse,cisapride,2,3.47,5294
Mouse,cisapride,2,4.33,5295
Mouse,cisapride,2,5.2,5296
Mouse,cisapride,2,6.07,5297
Mouse,cisapride,2,6.93,5298
Mouse,cisapride,2,7.8,5299
Mouse,cisapride,3,0.0,5300
Mouse,cisapride,3,0.87,5301
Mouse,cisapride,3,1.73,5302
Mouse,cisapride,3,2.6,5303
Mouse,cisapride,3,3.47,5304
Mouse,cisapride,3,4.33,5305
Mouse,cisapride,3,5.2,5306
Mouse,cisapride,3,6.07,5307
Mouse,cisapride,3,6.93,5308
Mouse,cisapride,3,7.8,5309
Mouse,cisapride,4,0.0,5310
Mouse,cisapride,4,0.87,5311
Mouse,cisapride,4,1.73,5312
Mouse,cisapride,4,2.6,5313
Mouse,cisapride,4,3.47,5314
Mouse,cisapride,4,4.33,5315
Mouse,cisapride,4,5.2,5316
Mouse,cisapride,4,6.07,5317
Mouse,cisapride,4,6.93,5318
Mouse,cisapride,4,7.8,5319
Mouse,cisapride,5,0.0,5320
Mouse,cisapride,5,0.87,5321
Mouse,cisapride,5,1.73,5322
Mouse,cisapride,5,2.6,5323
Mouse,cisapride,5,3.47,5324
Mouse,cisapride,5,4.33,5325
Mouse,cisapride,5,5.2,5326
Mouse,cisapride,5,6.07,5327
Mouse,cisapride,5,6.93,5328
Mouse,cisapride,5,7.8,5329
Mouse,cisapride,6,0.0,5330
Mouse,cisapride,6,0.87,5331
Mouse,cisapride,6,1.73,5332
Mouse,cisapride,6,2.6,5333
Mouse,cisapride,6,3.47,5334
Mouse,cisapride,6,4.33,5335
Mouse,cisapride,6,5.2,5336
Mouse,cisapride,6,6.07,5337
Mouse,cisapride,6,6.93,5338
Mouse,cisapride,6,7.8,5339
Mouse,cisapride,7,0.0,5340
Mouse,cisapride,7,0.87,5341
Mouse,cisapride,7,1.73,5342
Mouse,cisapride,7,2.6,5343
Mouse,cisapride,7,3.47,5344
Mouse,cisapride,7,4.33,5345
Mouse,cisapride,7,5.2,5346
Mouse,cisapride,7,6.07,5347
Mouse,cisapride,7,6.93,5348
Mouse,cisapride,7,7.8,5349
Mouse,cisapride,8,0.0,5350
Mouse,cisapride,8,0.87,5351
Mouse,cisapride,8,1.73,5352
Mouse,cisapride,8,2.6,5353
Mouse,cisapride,8,3.47,5354
Mouse,cisapride,8,4.33,5355
Mouse,cisapride,8,5.2,5356
Mouse,cisapride,8,6.07,5357
Mouse,cisapride,8,6.93,5358
Mouse,cisapride,8,7.8,5359
Mouse,cisapride,9,0.0,5360
Mouse,cisapride,9,0.87,5361
Mouse,cisapride,9,1.73,5362
Mouse,cisapride,9,2.6,5363
Mouse,cisapride,9,3.47,5364
Mouse,cisapride,9,4.33,5365
Mouse,cisapride,9,5.2,5366
Mouse,cisapride,9,6.07,5367
Mouse,cisapride,9,6.93,5368
Mouse,cisapride,9,7.8,5369
Mouse,cisapride,10,0.0,5370
Mouse,cisapride,10,0.87,5371
Mouse,cisapride,10,1.73,5372
Mouse,cisapride,10,2.6,5373
Mouse,cisapride,10,3.47,5374
Mouse,cisapride,10,4.33,5375
Mouse,cisapride,10,5.2,5376
Mouse,cisapride,10,6.07,5377
Mouse,cisapride,10,6.93,5378
Mouse,cisapride,10,7.8,5379
Mouse,cisapride,11,0.0,5380
Mouse,cisapride,11,0.87,5381
Mouse,cisapride,11,1.73,5382
Mouse,cisapride,11,2.6,5383
Mouse,cisapride,11,3.47,5384
Mouse,cisapride,11,4.33,5385
Mouse,cisapride,11,5.2,5386
Mouse,cisapride,11,6.07,5387
Mouse,cisapride,11,6.93,5388
Mouse,cisapride,11,7.8,5389
Mouse,cisapride,12,0.0,5390
Mouse,cisapride,12,0.87,5391
Mouse,cisapride,12,1.73,5392
Mouse,cisapride,12,2.6,5393
Mouse,cisapride,12,3.47,5394
Mouse,cisapride,12,4.33,5395
Mouse,cisapride,12,5.2,5396
Mouse,cisapride,12,6.07,5397
Mouse,cisapride,12,6.93,5398
Mouse,cisapride,12,7.8,5399
Mouse,cisapride,13,0.0,5400
Mouse,cisapride,13,0.87,5401
Mouse,cisapride,13,1.73,5402
Mouse,cisapride,13,2.6,5403
Mouse,cisapride,13,3.47,5404
Mouse,cisapride,13,4.33,5405
Mouse,cisapride,13,5.2,5406
Mouse,cisapride,13,6.07,5407
Mouse,cisapride,13,6.93,5408
Mouse,cisapride,13,7.8,5409
Mouse,cisapride,16,0.0,5410
Mouse,cisapride,16,0.87,5411
Mouse,cisapride,16,1.73,5412
Mouse,cisapride,16,2.6,5413
Mouse,cisapride,16,3.47,5414
Mouse,cisapride,16,4.33,5415
Mouse,cisapride,16,5.2,5416
Mouse,cisapride,16,6.07,5417
Mouse,cisapride,16,6.93,5418
Mouse,cisapride,16,7.8,5419
Mouse,cisapride,17,0.0,5420
Mouse,cisapride,17,0.87,5421
Mouse,cisapride,17,1.73,5422
Mouse,cisapride,17,2.6,5423
Mouse,cisapride,17,3.47,5424
Mouse,cisapride,17,4.33,5425
Mouse,cisapride,17,5.2,5426
Mouse,cisapride,17,6.07,5427
Mouse,cisapride,17,6.93,5428
Mouse,cisapride,17,7.8,5429
Mouse,cisapride,18,0.0,5430
Mouse,cisapride,18,0.87,5431
Mouse,cisapride,18,1.73,5432
Mouse,cisapride,18,2.6,5433
Mouse,cisapride,18,3.47,5434
Mouse,cisapride,18,4.33,5435
Mouse,cisapride,18,5.2,5436
Mouse,cisapride,18,6.07,5437
Mouse,cisapride,18,6.93,5438
Mouse,cisapride,18,7.8,5439
Mouse,cisapride,19,0.0,5440
Mouse,cisapride,19,0.87,5441
Mouse,cisapride,19,1.73,5442
Mouse,cisapride,19,2.6,5443
Mouse,cisapride,19,3.47,5444
Mouse,cisapride,19,4.33,5445
Mouse,cisapride,19,5.2,5446
Mouse,cisapride,19,6.07,5447
Mouse,cisapride,19,6.93,5448
Mouse,cisapride,19,7.8,5449
Mouse,cisapride,20,0.0,5450
Mouse,cisapride,20,0.87,5451
Mouse,cisapride,20,1.73,5452
Mouse,cisapride,20,2.6,5453
Mouse,cisapride,20,3.47,5454
Mouse,cisapride,20,4.33,5455
Mouse,cisapride,20,5.2,5456
Mouse,cisapride,20,6.07,5457
Mouse,cisapride,20,6.93,5458
Mouse,cisapride,20,7.8,5459
Mouse,cisapride,21,0.0,5460
Mouse,cisapride,21,0.87,5461
Mouse,cisapride,21,1.73,5462
Mouse,cisapride,21,2.6,5463
Mouse,cisapride,21,3.47,5464
Mouse,cisapride,21,4.33,5465
Mouse,cisapride,21,5.2,5466
Mouse,cisapride,21,6.07,5467
Mouse,cisapride,21,6.93,5468
Mouse,cisapride,21,7.8,5469
Mouse,cisapride,22,0.0,5470
Mouse,cisapride,22,0.87,5471
Mouse,cisapride,22,1.73,5472
Mouse,cisapride,22,2.6,5473
Mouse,cisapride,22,3.47,5474
Mouse,cisapride,22,4.33,5475
Mouse,cisapride,22,5.2,5476
Mouse,cisapride,22,6.07,5477
Mouse,cisapride,22,6.93,5478
Mouse,cisapride,22,7.8,5479
Mouse,cisapride,24,0.0,5480
Mouse,cisapride,24,0.87,5481
Mouse,cisapride,24,1.73,5482
Mouse,cisapride,24,2.6,5483
Mouse,cisapride,24,3.47,5484
Mouse,cisapride,24,4.33,5485
Mouse,cisapride,24,5.2,5486
Mouse,cisapride,24,6.07,5487
Mouse,cisapride,24,6.93,5488
Mouse,cisapride,24,7.8,5489
Mouse,cisapride,25,0.0,5490
Mouse,cisapride,25,0.87,5491
Mouse,cisapride,25,1.73,5492
Mouse,cisapride,25,2.6,5493
Mouse,cisapride,25,3.47,5494
Mouse,cisapride,25,4.33,5495
Mouse,cisapride,25,5.2,5496
Mouse,cisapride,25,6.07,5497
Mouse,cisapride,25,6.93,5498
Mouse,cisapride,25,7.8,5499
Mouse,cisapride,26,0.0,5500
Mouse,cisapride,26,0.87,5501
Mouse,cisapride,26,1.73,5502
Mouse,cisapride,26,2.6,5503
Mouse,cisapride,26,3.47,5504
Mouse,cisapride,26,4.33,5505
Mouse,cisapride,26,5.2,5506
Mouse,cisapride,26,6.07,5507
Mouse,cisapride,26,6.93,5508
Mouse,cisapride,26,7.8,5509
Mouse,cisapride,27,0.0,5510
Mouse,cisapride,27,0.87,5511
Mouse,cisapride,27,1.73,5512
Mouse,cisapride,27,2.6,5513
Mouse,cisapride,27,3.47,5514
Mouse,cisapride,27,4.33,5515
Mouse,cisapride,27,5.2,5516
Mouse,cisapride,27,6.07,5517
Mouse,cisapride,27,6.93,5518
Mouse,cisapride,27,7.8,5519
Mouse,cisapride,28,0.0,5520
Mouse,cisapride,28,0.87,5521
Mouse,cisapride,28,1.73,5522
Mouse,cisapride,28,2.6,5523
Mouse,cisapride,28,3.47,5524
Mouse,cisapride,28,4.33,5525
Mouse,cisapride,28,5.2,5526
Mouse,cisapride,28,6.07,5527
Mouse,cisapride,28,6.93,5528
Mouse,cisapride,28,7.8,5529
Mouse,cisapride,29,0.0,5530
Mouse,cisapride,29,0.87,5531
Mouse,cisapride,29,1.73,5532
Mouse,cisapride,29,2.6,5533
Mouse,cisapride,29,3.47,5534
Mouse,cisapride,29,4.33,5535
Mouse,cisapride,29,5.2,5536
Mouse,cisapride,29,6.07,5537
Mouse,cisapride,29,6.93,5538
Mouse,cisapride,29,7.8,5539
Mouse,cisapride,30,0.0,5540
Mouse,cisapride,30,0.87,5541
Mouse,cisapride,30,1.73,5542
Mouse,cisapride,30,2.6,5543
Mouse,cisapride,30,3.47,5544
Mouse,cisapride,30,4.33,5545
Mouse,cisapride,30,5.2,5546
Mouse,cisapride,30,6.07,5547
Mouse,cisapride,30,6.93,5548
Mouse,cisapride,30,7.8,5549
Mouse,cisapride,33,0.0,5550
Mouse,cisapride,33,0.87,5551
Mouse,cisapride,33,1.73,5552
Mouse,cisapride,33,2.6,5553
Mouse,cisapride,33,3.47,5554
Mouse,cisapride,33,4.33,5555
Mouse,cisapride,33,5.2,5556
Mouse,cisapride,33,6.07,5557
Mouse,cisapride,33,6.93,5558
Mouse,cisapride,33,7.8,5559
Mouse,cisapride,34,0.0,5560
Mouse,cisapride,34,0.87,5561
Mouse,cisapride,34,1.73,5562
Mouse,cisapride,34,2.6,5563
Mouse,cisapride,34,3.47,5564
Mouse,cisapride,34,4.33,5565
Mouse,cisapride,34,5.2,5566
Mouse,cisapride,34,6.07,5567
Mouse,cisapride,34,6.93,5568
Mouse,cisapride,34,7.8,5569
Mouse,cisapride,35,0.0,5570
Mouse,cisapride,35,0.87,5571
Mouse,cisapride,35,1.73,5572
Mouse,cisapride,35,2.6,5573
Mouse,cisapride,35,3.47,5574
Mouse,cisapride,35,4.33,5575
Mouse,cisapride,35,5.2,5576
Mouse,cisapride,35,6.07,5577
Mouse,cisapride,35,6.93,5578
Mouse,cisapride,35,7.8,5579
Mouse,cisapride,36,0.0,5580
Mouse,cisapride,36,0.87,5581
Mouse,cisapride,36,1.73,5582
Mouse,cisapride,36,2.6,5583
Mouse,cisapride,36,3.47,5584
Mouse,cisapride,36,4.33,5585
Mouse,cisapride,36,5.2,5586
Mouse,cisapride,36,6.07,5587
Mouse,cisapride,36,6.93,5588
Mouse,cisapride,36,7.8,5589
Mouse,cisapride,37,0.0,5590
Mouse,cisapride,37,0.87,5591
Mouse,cisapride,37,1.73,5592
Mouse,cisapride,37,2.6,5593
Mouse,cisapride,37,3.47,5594
Mouse,cisapride,37,4.33,5595
Mouse,cisapride,37,5.2,5596
Mouse,cisapride,37,6.07,5597
Mouse,cisapride,37,6.93,5598
Mouse,cisapride,37,7.8,5599
Mouse,cisapride,38,0.0,5600
Mouse,cisapride,38,0.87,5601
Mouse,cisapride,38,1.73,5602
Mouse,cisapride,38,2.6,5603
Mouse,cisapride,38,3.47,5604
Mouse,cisapride,38,4.33,5605
Mouse,cisapride,38,5.2,5606
Mouse,cisapride,38,6.07,5607
Mouse,cisapride,38,6.93,5608
Mouse,cisapride,38,7.8,5609
Mouse,cisapride,39,0.0,5610
Mouse,cisapride,39,0.87,5611
Mouse,cisapride,39,1.73,5612
Mouse,cisapride,39,2.6,5613
Mouse,cisapride,39,3.47,5614
Mouse,cisapride,39,4.33,5615
Mouse,cisapride,39,5.2,5616
Mouse,cisapride,39,6.07,5617
Mouse,cisapride,39,6.93,5618
Mouse,cisapride,39,7.8,5619
Mouse,cisapride,40,0.0,5620
Mouse,cisapride,40,0.87,5621
Mouse,cisapride,40,1.73,5622
Mouse,cisapride,40,2.6,5623
Mouse,cisapride,40,3.47,5624
Mouse,cisapride,40,4.33,5625
Mouse,cisapride,40,5.2,5626
Mouse,cisapride,40,6.07,5627
Mouse,cisapride,40,6.93,5628
Mouse,cisapride,40,7.8,5629
Mouse,cisapride,41,0.0,5630
Mouse,cisapride,41,0.87,5631
Mouse,cisapride,41,1.73,5632
Mouse,cisapride,41,2.6,5633
Mouse,cisapride,41,3.47,5634
Mouse,cisapride,41,4.33,5635
Mouse,cisapride,41,5.2,5636
Mouse,cisapride,41,6.07,5637
Mouse,cisapride,41,6.93,5638
Mouse,cisapride,41,7.8,5639
Mouse,diltiazem,0,0.0,7600
Mouse,diltiazem,0,40.67,7601
Mouse,diltiazem,0,81.33,7602
Mouse,diltiazem,0,122.0,7603
Mouse,diltiazem,0,162.67,7604
Mouse,diltiazem,0,203.33,7605
Mouse,diltiazem,0,244.0,7606
Mouse,diltiazem,0,284.67,7607
Mouse,diltiazem,0,325.33,7608
Mouse,diltiazem,0,366.0,7609
Mouse,diltiazem,1,0.0,7610
Mouse,diltiazem,1,40.67,7611
Mouse,diltiazem,1,81.33,7612
Mouse,diltiazem,1,122.0,7613
Mouse,diltiazem,1,162.67,7614
Mouse,diltiazem,1,203.33,7615
Mouse,diltiazem,1,244.0,7616
Mouse,diltiazem,1,284.67,7617
Mouse,diltiazem,1,325.33,7618
Mouse,diltiazem,1,366.0,7619
Mouse,diltiazem,3,0.0,7620
Mouse,diltiazem,3,40.67,7621
Mouse,diltiazem,3,81.33,7622
Mouse,diltiazem,3,122.0,7623
Mouse,diltiazem,3,162.67,7624
Mouse,diltiazem,3,203.33,7625
Mouse,diltiazem,3,244.0,7626
Mouse,diltiazem,3,284.67,7627
Mouse,diltiazem,3,325.33,7628
Mouse,diltiazem,3,366.0,7629
Mouse,diltiazem,4,0.0,7630
Mouse,diltiazem,4,40.67,7631
Mouse,diltiazem,4,81.33,7632
Mouse,diltiazem,4,122.0,7633
Mouse,diltiazem,4,162.67,7634
Mouse,diltiazem,4,203.33,7635
Mouse,diltiazem,4,244.0,7636
Mouse,diltiazem,4,284.67,7637
Mouse,diltiazem,4,325.33,7638
Mouse,diltiazem,4,366.0,7639
Mouse,diltiazem,5,0.0,7640
Mouse,diltiazem,5,40.67,7641
Mouse,diltiazem,5,81.33,7642
Mouse,diltiazem,5,122.0,7643
Mouse,diltiazem,5,162.67,7644
Mouse,diltiazem,5,203.33,7645
Mouse,diltiazem,5,244.0,7646
Mouse,diltiazem,5,284.67,7647
Mouse,diltiazem,5,325.33,7648
Mouse,diltiazem,5,366.0,7649
Mouse,diltiazem,6,0.0,7650
Mouse,diltiazem,6,40.67,7651
Mouse,diltiazem,6,81.33,7652
Mouse,diltiazem,6,122.0,7653
Mouse,diltiazem,6,162.67,7654
Mouse,diltiazem,6,203.33,7655
Mouse,diltiazem,6,244.0,7656
Mouse,diltiazem,6,284.67,7657
Mouse,diltiazem,6,325.33,7658
Mouse,diltiazem,6,366.0,7659
Mouse,diltiazem,7,0.0,7660
Mouse,diltiazem,7,40.67,7661
Mouse,diltiazem,7,81.33,7662
Mouse,diltiazem,7,122.0,7663
Mouse,diltiazem,7,162.67,7664
Mouse,diltiazem,7,203.33,7665
Mouse,diltiazem,7,244.0,7666
Mouse,diltiazem,7,284.67,7667
Mouse,diltiazem,7,325.33,7668
Mouse,diltiazem,7,366.0,7669
Mouse,diltiazem,8,0.0,7670
Mouse,diltiazem,8,40.67,7671
Mouse,diltiazem,8,81.33,7672
Mouse,diltiazem,8,122.0,7673
Mouse,diltiazem,8,162.67,7674
Mouse,diltiazem,8,203.33,7675
Mouse,diltiazem,8,244.0,7676
Mouse,diltiazem,8,284.67,7677
Mouse,diltiazem,8,325.33,7678
Mouse,diltiazem,8,366.0,7679
Mouse,diltiazem,11,0.0,7680
Mouse,diltiazem,11,40.67,7681
Mouse,diltiazem,11,81.33,7682
Mouse,diltiazem,11,122.0,7683
Mouse,diltiazem,11,162.67,7684
Mouse,diltiazem,11,203.33,7685
Mouse,diltiazem,11,244.0,7686
Mouse,diltiazem,11,284.67,7687
Mouse,diltiazem,11,325.33,7688
Mouse,diltiazem,11,366.0,7689
Mouse,diltiazem,13,0.0,7690
Mouse,diltiazem,13,40.67,7691
Mouse,diltiazem,13,81.33,7692
Mouse,diltiazem,13,122.0,7693
Mouse,diltiazem,13,162.67,7694
Mouse,diltiazem,13,203.33,7695
Mouse,diltiazem,13,244.0,7696
Mouse,diltiazem,13,284.67,7697
Mouse,diltiazem,13,325.33,7698
Mouse,diltiazem,13,366.0,7699
Mouse,diltiazem,14,0.0,7700
Mouse,diltiazem,14,40.67,7701
Mouse,diltiazem,14,81.33,7702
Mouse,diltiazem,14,122.0,7703
Mouse,diltiazem,14,162.67,7704
Mouse,diltiazem,14,203.33,7705
Mouse,diltiazem,14,244.0,7706
Mouse,diltiazem,14,284.67,7707
Mouse,diltiazem,14,325.33,7708
Mouse,diltiazem,14,366.0,7709
Mouse,diltiazem,15,0.0,7710
Mouse,diltiazem,15,40.67,7711
Mouse,diltiazem,15,81.33,7712
Mouse,diltiazem,15,122.0,7713
Mouse,diltiazem,15,162.67,7714
Mouse,diltiazem,15,203.33,7715
Mouse,diltiazem,15,244.0,7716
Mouse,diltiazem,15,284.67,7717
Mouse,diltiazem,15,325.33,7718
Mouse,diltiazem,15,366.0,7719
Mouse,diltiazem,16,0.0,7720
Mouse,diltiazem,16,40.67,7721
Mouse,diltiazem,16,81.33,7722
Mouse,diltiazem,16,122.0,7723
Mouse,diltiazem,16,162.67,7724
Mouse,diltiazem,16,203.33,7725
Mouse,diltiazem,16,244.0,7726
Mouse,diltiazem,16,284.67,7727
Mouse,diltiazem,16,325.33,7728
Mouse,diltiazem,16,366.0,7729
Mouse,diltiazem,17,0.0,7730
Mouse,diltiazem,17,40.67,7731
Mouse,diltiazem,17,81.33,7732
Mouse,diltiazem,17,122.0,7733
Mouse,diltiazem,17,162.67,7734
Mouse,diltiazem,17,203.33,7735
Mouse,diltiazem,17,244.0,7736
Mouse,diltiazem,17,284.67,7737
Mouse,diltiazem,17,325.33,7738
Mouse,diltiazem,17,366.0,7739
Mouse,diltiazem,18,0.0,7740
Mouse,diltiazem,18,40.67,7741
Mouse,diltiazem,18,81.33,7742
Mouse,diltiazem,18,122.0,7743
Mouse,diltiazem,18,162.67,7744
Mouse,diltiazem,18,203.33,7745
Mouse,diltiazem,18,244.0,7746
Mouse,diltiazem,18,284.67,7747
Mouse,diltiazem,18,325.33,7748
Mouse,diltiazem,18,366.0,7749
Mouse,diltiazem,19,0.0,7750
Mouse,diltiazem,19,40.67,7751
Mouse,diltiazem,19,81.33,7752
Mouse,diltiazem,19,122.0,7753
Mouse,diltiazem,19,162.67,7754
Mouse,diltiazem,19,203.33,7755
Mouse,diltiazem,19,244.0,7756
Mouse,diltiazem,19,284.67,7757
Mouse,diltiazem,19,325.33,7758
Mouse,diltiazem,19,366.0,7759
Mouse,diltiazem,20,0.0,7760
Mouse,diltiazem,20,40.67,7761
Mouse,diltiazem,20,81.33,7762
Mouse,diltiazem,20,122.0,7763
Mouse,diltiazem,20,162.67,7764
Mouse,diltiazem,20,203.33,7765
Mouse,diltiazem,20,244.0,7766
Mouse,diltiazem,20,284.67,7767
Mouse,diltiazem,20,325.33,7768
Mouse,diltiazem,20,366.0,7769
Mouse,diltiazem,21,0.0,7770
Mouse,diltiazem,21,40.67,7771
Mouse,diltiazem,21,81.33,7772
Mouse,diltiazem,21,122.0,7773
Mouse,diltiazem,21,162.67,7774
Mouse,diltiazem,21,203.33,7775
Mouse,diltiazem,21,244.0,7776
Mouse,diltiazem,21,284.67,7777
Mouse,diltiazem,21,325.33,7778
Mouse,diltiazem,21,366.0,7779
Mouse,diltiazem,22,0.0,7780
Mouse,diltiazem,22,40.67,7781
Mouse,diltiazem,22,81.33,7782
Mouse,diltiazem,22,122.0,7783
Mouse,diltiazem,22,162.67,7784
Mouse,diltiazem,22,203.33,7785
Mouse,diltiazem,22,244.0,7786
Mouse,diltiazem,22,284.67,7787
Mouse,diltiazem,22,325.33,7788
Mouse,diltiazem,22,366.0,7789
Mouse,diltiazem,24,0.0,7790
Mouse,diltiazem,24,40.67,7791
Mouse,diltiazem,24,81.33,7792
Mouse,diltiazem,24,122.0,7793
Mouse,diltiazem,24,162.67,7794
Mouse,diltiazem,24,203.33,7795
Mouse,diltiazem,24,244.0,7796
Mouse,diltiazem,24,284.67,7797
Mouse,diltiazem,24,325.33,7798
Mouse,diltiazem,24,366.0,7799
Mouse,diltiazem,25,0.0,7800
Mouse,diltiazem,25,40.67,7801
Mouse,diltiazem,25,81.33,7802
Mouse,diltiazem,25,122.0,7803
Mouse,diltiazem,25,162.67,7804
Mouse,diltiazem,25,203.33,7805
Mouse,diltiazem,25,244.0,7806
Mouse,diltiazem,25,284.67,7807
Mouse,diltiazem,25,325.33,7808
Mouse,diltiazem,25,366.0,7809
Mouse,diltiazem,26,0.0,7810
Mouse,diltiazem,26,40.67,7811
Mouse,diltiazem,26,81.33,7812
Mouse,diltiazem,26,122.0,7813
Mouse,diltiazem,26,162.67,7814
Mouse,diltiazem,26,203.33,7815
Mouse,diltiazem,26,244.0,7816
Mouse,diltiazem,26,284.67,7817
Mouse,diltiazem,26,325.33,7818
Mouse,diltiazem,26,366.0,7819
Mouse,diltiazem,27,0.0,7820
Mouse,diltiazem,27,40.67,7821
Mouse,diltiazem,27,81.33,7822
Mouse,diltiazem,27,122.0,7823
Mouse,diltiazem,27,162.67,7824
Mouse,diltiazem,27,203.33,7825
Mouse,diltiazem,27,244.0,7826
Mouse,diltiazem,27,284.67,7827
Mouse,diltiazem,27,325.33,7828
Mouse,diltiazem,27,366.0,7829
Mouse,diltiazem,30,0.0,7830
Mouse,diltiazem,30,40.67,7831
Mouse,diltiazem,30,81.33,7832
Mouse,diltiazem,30,122.0,7833
Mouse,diltiazem,30,162.67,7834
Mouse,diltiazem,30,203.33,7835
Mouse,diltiazem,30,244.0,7836
Mouse,diltiazem,30,284.67,7837
Mouse,diltiazem,30,325.33,7838
Mouse,diltiazem,30,366.0,7839
Mouse,diltiazem,31,0.0,7840
Mouse,diltiazem,31,40.67,7841
Mouse,diltiazem,31,81.33,7842
Mouse,diltiazem,31,122.0,7843
Mouse,diltiazem,31,162.67,7844
Mouse,diltiazem,31,203.33,7845
Mouse,diltiazem,31,244.0,7846
Mouse,diltiazem,31,284.67,7847
Mouse,diltiazem,31,325.33,7848
Mouse,diltiazem,31,366.0,7849
Mouse,diltiazem,32,0.0,7850
Mouse,diltiazem,32,40.67,7851
Mouse,diltiazem,32,81.33,7852
Mouse,diltiazem,32,122.0,7853
Mouse,diltiazem,32,162.67,7854
Mouse,diltiazem,32,203.33,7855
Mouse,diltiazem,32,244.0,7856
Mouse,diltiazem,32,284.67,7857
Mouse,diltiazem,32,325.33,7858
Mouse,diltiazem,32,366.0,7859
Mouse,diltiazem,33,0.0,7860
Mouse,diltiazem,33,40.67,7861
Mouse,diltiazem,33,81.33,7862
Mouse,diltiazem,33,122.0,7863
Mouse,diltiazem,33,162.67,7864
Mouse,diltiazem,33,203.33,7865
Mouse,diltiazem,33,244.0,7866
Mouse,diltiazem,33,284.67,7867
Mouse,diltiazem,33,325.33,7868
Mouse,diltiazem,33,366.0,7869
Mouse,diltiazem,35,0.0,7870
Mouse,diltiazem,35,40.67,7871
Mouse,diltiazem,35,81.33,7872
Mouse,diltiazem,35,122.0,7873
Mouse,diltiazem,35,162.67,7874
Mouse,diltiazem,35,203.33,7875
Mouse,diltiazem,35,244.0,7876
Mouse,diltiazem,35,284.67,7877
Mouse,diltiazem,35,325.33,7878
Mouse,diltiazem,35,366.0,7879
Mouse,diltiazem,36,0.0,7880
Mouse,diltiazem,36,40.67,7881
Mouse,diltiazem,36,81.33,7882
Mouse,diltiazem,36,122.0,7883
Mouse,diltiazem,36,162.67,7884
Mouse,diltiazem,36,203.33,7885
Mouse,diltiazem,36,244.0,7886
Mouse,diltiazem,36,284.67,7887
Mouse,diltiazem,36,325.33,7888
Mouse,diltiazem,36,366.0,7889
Mouse,diltiazem,37,0.0,7890
Mouse,diltiazem,37,40.67,7891
Mouse,diltiazem,37,81.33,7892
Mouse,diltiazem,37,122.0,7893
Mouse,diltiazem,37,162.67,7894
Mouse,diltiazem,37,203.33,7895
Mouse,diltiazem,37,244.0,7896
Mouse,diltiazem,37,284.67,7897
Mouse,diltiazem,37,325.33,7898
Mouse,diltiazem,37,366.0,7899
Mouse,diltiazem,38,0.0,7900
Mouse,diltiazem,38,40.67,7901
Mouse,diltiazem,38,81.33,7902
Mouse,diltiazem,38,122.0,7903
Mouse,diltiazem,38,162.67,7904
Mouse,diltiazem,38,203.33,7905
Mouse,diltiazem,38,244.0,7906
Mouse,diltiazem,38,284.67,7907
Mouse,diltiazem,38,325.33,7908
Mouse,diltiazem,38,366.0,7909
Mouse,diltiazem,39,0.0,7910
Mouse,diltiazem,39,40.67,7911
Mouse,diltiazem,39,81.33,7912
Mouse,diltiazem,39,122.0,7913
Mouse,diltiazem,39,162.67,7914
Mouse,diltiazem,39,203.33,7915
Mouse,diltiazem,39,244.0,7916
Mouse,diltiazem,39,284.67,7917
Mouse,diltiazem,39,325.33,7918
Mouse,diltiazem,39,366.0,7919
Mouse,diltiazem,41,0.0,7920
Mouse,diltiazem,41,40.67,7921
Mouse,diltiazem,41,81.33,7922
Mouse,diltiazem,41,122.0,7923
Mouse,diltiazem,41,162.67,7924
Mouse,diltiazem,41,203.33,7925
Mouse,diltiazem,41,244.0,7926
Mouse,diltiazem,41,284.67,7927
Mouse,diltiazem,41,325.33,7928
Mouse,diltiazem,41,366.0,7929
Mouse,dofetilide,0,0.0,9870
Mouse,dofetilide,0,0.67,9871
Mouse,dofetilide,0,1.33,9872
Mouse,dofetilide,0,2.0,9873
Mouse,dofetilide,0,2.67,9874
Mouse,dofetilide,0,3.33,9875
Mouse,dofetilide,0,4.0,9876
Mouse,dofetilide,0,4.67,9877
Mouse,dofetilide,0,5.33,9878
Mouse,dofetilide,0,6.0,9879
Mouse,dofetilide,1,0.0,9880
Mouse,dofetilide,1,0.67,9881
Mouse,dofetilide,1,1.33,9882
Mouse,dofetilide,1,2.0,9883
Mouse,dofetilide,1,2.67,9884
Mouse,dofetilide,1,3.33,9885
Mouse,dofetilide,1,4.0,9886
Mouse,dofetilide,1,4.67,9887
Mouse,dofetilide,1,5.33,9888
Mouse,dofetilide,1,6.0,9889
Mouse,dofetilide,2,0.0,9890
Mouse,dofetilide,2,0.67,9891
Mouse,dofetilide,2,1.33,9892
Mouse,dofetilide,2,2.0,9893
Mouse,dofetilide,2,2.67,9894
Mouse,dofetilide,2,3.33,9895
Mouse,dofetilide,2,4.0,9896
Mouse,dofetilide,2,4.67,9897
Mouse,dofetilide,2,5.33,9898
Mouse,dofetilide,2,6.0,9899
Mouse,dofetilide,3,0.0,9900
Mouse,dofetilide,3,0.67,9901
Mouse,dofetilide,3,1.33,9902
Mouse,dofetilide,3,2.0,9903
Mouse,dofetilide,3,2.67,9904
Mouse,dofetilide,3,3.33,9905
Mouse,dofetilide,3,4.0,9906
Mouse,dofetilide,3,4.67,9907
Mouse,dofetilide,3,5.33,9908
Mouse,dofetilide,3,6.0,9909
Mouse,dofetilide,4,0.0,9910
Mouse,dofetilide,4,0.67,9911
Mouse,dofetilide,4,1.33,9912
Mouse,dofetilide,4,2.0,9913
Mouse,dofetilide,4,2.67,9914
Mouse,dofetilide,4,3.33,9915
Mouse,dofetilide,4,4.0,9916
Mouse,dofetilide,4,4.67,9917
Mouse,dofetilide,4,5.33,9918
Mouse,dofetilide,4,6.0,9919
Mouse,dofetilide,5,0.0,9920
Mouse,dofetilide,5,0.67,9921
Mouse,dofetilide,5,1.33,9922
Mouse,dofetilide,5,2.0,9923
Mouse,dofetilide,5,2.67,9924
Mouse,dofetilide,5,3.33,9925
Mouse,dofetilide,5,4.0,9926
Mouse,dofetilide,5,4.67,9927
Mouse,dofetilide,5,5.33,9928
Mouse,dofetilide,5,6.0,9929
Mouse,dofetilide,6,0.0,9930
Mouse,dofetilide,6,0.67,9931
Mouse,dofetilide,6,1.33,9932
Mouse,dofetilide,6,2.0,9933
Mouse,dofetilide,6,2.67,9934
Mouse,dofetilide,6,3.33,9935
Mouse,dofetilide,6,4.0,9936
Mouse,dofetilide,6,4.67,9937
Mouse,dofetilide,6,5.33,9938
Mouse,dofetilide,6,6.0,9939
Mouse,dofetilide,7,0.0,9940
Mouse,dofetilide,7,0.67,9941
Mouse,dofetilide,7,1.33,9942
Mouse,dofetilide,7,2.0,9943
Mouse,dofetilide,7,2.67,9944
Mouse,dofetilide,7,3.33,9945
Mouse,dofetilide,7,4.0,9946
Mouse,dofetilide,7,4.67,9947
Mouse,dofetilide,7,5.33,9948
Mouse,dofetilide,7,6.0,9949
Mouse,dofetilide,8,0.0,9950
Mouse,dofetilide,8,0.67,9951
Mouse,dofetilide,8,1.33,9952
Mouse,dofetilide,8,2.0,9953
Mouse,dofetilide,8,2.67,9954
Mouse,dofetilide,8,3.33,9955
Mouse,dofetilide,8,4.0,9956
Mouse,dofetilide,8,4.67,9957
Mouse,dofetilide,8,5.33,9958
Mouse,dofetilide,8,6.0,9959
Mouse,dofetilide,9,0.0,9960
Mouse,dofetilide,9,0.67,9961
Mouse,dofetilide,9,1.33,9962
Mouse,dofetilide,9,2.0,9963
Mouse,dofetilide,9,2.67,9964
Mouse,dofetilide,9,3.33,9965
Mouse,dofetilide,9,4.0,9966
Mouse,dofetilide,9,4.67,9967
Mouse,dofetilide,9,5.33,9968
Mouse,dofetilide,9,6.0,9969
Mouse,dofetilide,10,0.0,9970
Mouse,dofetilide,10,0.67,9971
Mouse,dofetilide,10,1.33,9972
Mouse,dofetilide,10,2.0,9973
Mouse,dofetilide,10,2.67,9974
Mouse,dofetilide,10,3.33,9975
Mouse,dofetilide,10,4.0,9976
Mouse,dofetilide,10,4.67,9977
Mouse,dofetilide,10,5.33,9978
Mouse,dofetilide,10,6.0,9979
Mouse,dofetilide,11,0.0,9980
Mouse,dofetilide,11,0.67,9981
Mouse,dofetilide,11,1.33,9982
Mouse,dofetilide,11,2.0,9983
Mouse,dofetilide,11,2.67,9984
Mouse,dofetilide,11,3.33,9985
Mouse,dofetilide,11,4.0,9986
Mouse,dofetilide,11,4.67,9987
Mouse,dofetilide,11,5.33,9988
Mouse,dofetilide,11,6.0,9989
Mouse,dofetilide,12,0.0,9990
Mouse,dofetilide,12,0.67,9991
Mouse,dofetilide,12,1.33,9992
Mouse,dofetilide,12,2.0,9993
Mouse,dofetilide,12,2.67,9994
Mouse,dofetilide,12,3.33,9995
Mouse,dofetilide,12,4.0,9996
Mouse,dofetilide,12,4.67,9997
Mouse,dofetilide,12,5.33,9998
Mouse,dofetilide,12,6.0,9999
Mouse,dofetilide,13,0.0,10000
Mouse,dofetilide,13,0.67,10001
Mouse,dofetilide,13,1.33,10002
Mouse,dofetilide,13,2.0,10003
Mouse,dofetilide,13,2.67,10004
Mouse,dofetilide,13,3.33,10005
Mouse,dofetilide,13,4.0,10006
Mouse,dofetilide,13,4.67,10007
Mouse,dofetilide,13,5.33,10008
Mouse,dofetilide,13,6.0,10009
Mouse,dofetilide,15,0.0,10010
Mouse,dofetilide,15,0.67,10011
Mouse,dofetilide,15,1.33,10012
Mouse,dofetilide,15,2.0,10013
Mouse,dofetilide,15,2.67,10014
Mouse,dofetilide,15,3.33,10015
Mouse,dofetilide,15,4.0,10016
Mouse,dofetilide,15,4.67,10017
Mouse,dofetilide,15,5.33,10018
Mouse,dofetilide,15,6.0,10019
Mouse,dofetilide,16,0.0,10020
Mouse,dofetilide,16,0.67,10021
Mouse,dofetilide,16,1.33,10022
Mouse,dofetilide,16,2.0,10023
Mouse,dofetilide,16,2.67,10024
Mouse,dofetilide,16,3.33,10025
Mouse,dofetilide,16,4.0,10026
Mouse,dofetilide,16,4.67,10027
Mouse,dofetilide,16,5.33,10028
Mouse,dofetilide,16,6.0,10029
Mouse,dofetilide,17,0.0,10030
Mouse,dofetilide,17,0.67,10031
Mouse,dofetilide,17,1.33,10032
Mouse,dofetilide,17,2.0,10033
Mouse,dofetilide,17,2.67,10034
Mouse,dofetilide,17,3.33,10035
Mouse,dofetilide,17,4.0,10036
Mouse,dofetilide,17,4.67,10037
Mouse,dofetilide,17,5.33,10038
Mouse,dofetilide,17,6.0,10039
Mouse,dofetilide,19,0.0,10040
Mouse,dofetilide,19,0.67,10041
Mouse,dofetilide,19,1.33,10042
Mouse,dofetilide,19,2.0,10043
Mouse,dofetilide,19,2.67,10044
Mouse,dofetilide,19,3.33,10045
Mouse,dofetilide,19,4.0,10046
Mouse,dofetilide,19,4.67,10047
Mouse,dofetilide,19,5.33,10048
Mouse,dofetilide,19,6.0,10049
Mouse,dofetilide,20,0.0,10050
Mouse,dofetilide,20,0.67,10051
Mouse,dofetilide,20,1.33,10052
Mouse,dofetilide,20,2.0,10053
Mouse,dofetilide,20,2.67,10054
Mouse,dofetilide,20,3.33,10055
Mouse,dofetilide,20,4.0,10056
Mouse,dofetilide,20,4.67,10057
Mouse,dofetilide,20,5.33,10058
Mouse,dofetilide,20,6.0,10059
Mouse,dofetilide,21,0.0,10060
Mouse,dofetilide,21,0.67,10061
Mouse,dofetilide,21,1.33,10062
Mouse,dofetilide,21,2.0,10063
Mouse,dofetilide,21,2.67,10064
Mouse,dofetilide,21,3.33,10065
Mouse,dofetilide,21,4.0,10066
Mouse,dofetilide,21,4.67,10067
Mouse,dofetilide,21,5.33,10068
Mouse,dofetilide,21,6.0,10069
Mouse,dofetilide,22,0.0,10070
Mouse,dofetilide,22,0.67,10071
Mouse,dofetilide,22,1.33,10072
Mouse,dofetilide,22,2.0,10073
Mouse,dofetilide,22,2.67,10074
Mouse,dofetilide,22,3.33,10075
Mouse,dofetilide,22,4.0,10076
Mouse,dofetilide,22,4.67,10077
Mouse,dofetilide,22,5.33,10078
Mouse,dofetilide,22,6.0,10079
Mouse,dofetilide,24,0.0,10080
Mouse,dofetilide,24,0.67,10081
Mouse,dofetilide,24,1.33,10082
Mouse,dofetilide,24,2.0,10083
Mouse,dofetilide,24,2.67,10084
Mouse,dofetilide,24,3.33,10085
Mouse,dofetilide,24,4.0,10086
Mouse,dofetilide,24,4.67,10087
Mouse,dofetilide,24,5.33,10088
Mouse,dofetilide,24,6.0,10089
Mouse,dofetilide,25,0.0,10090
Mouse,dofetilide,25,0.67,10091
Mouse,dofetilide,25,1.33,10092
Mouse,dofetilide,25,2.0,10093
Mouse,dofetilide,25,2.67,10094
Mouse,dofetilide,25,3.33,10095
Mouse,dofetilide,25,4.0,10096
Mouse,dofetilide,25,4.67,10097
Mouse,dofetilide,25,5.33,10098
Mouse,dofetilide,25,6.0,10099
Mouse,dofetilide,27,0.0,10100
Mouse,dofetilide,27,0.67,10101
Mouse,dofetilide,27,1.33,10102
Mouse,dofetilide,27,2.0,10103
Mouse,dofetilide,27,2.67,10104
Mouse,dofetilide,27,3.33,10105
Mouse,dofetilide,27,4.0,10106
Mouse,dofetilide,27,4.67,10107
Mouse,dofetilide,27,5.33,10108
Mouse,dofetilide,27,6.0,10109
Mouse,dofetilide,28,0.0,10110
Mouse,dofetilide,28,0.67,10111
Mouse,dofetilide,28,1.33,10112
Mouse,dofetilide,28,2.0,10113
Mouse,dofetilide,28,2.67,10114
Mouse,dofetilide,28,3.33,10115
Mouse,dofetilide,28,4.0,10116
Mouse,dofetilide,28,4.67,10117
Mouse,dofetilide,28,5.33,10118
Mouse,dofetilide,28,6.0,10119
Mouse,dofetilide,29,0.0,10120
Mouse,dofetilide,29,0.67,10121
Mouse,dofetilide,29,1.33,10122
Mouse,dofetilide,29,2.0,10123
Mouse,dofetilide,29,2.67,10124
Mouse,dofetilide,29,3.33,10125
Mouse,dofetilide,29,4.0,10126
Mouse,dofetilide,29,4.67,10127
Mouse,dofetilide,29,5.33,10128
Mouse,dofetilide,29,6.0,10129
Mouse,dofetilide,30,0.0,10130
Mouse,dofetilide,30,0.67,10131
Mouse,dofetilide,30,1.33,10132
Mouse,dofetilide,30,2.0,10133
Mouse,dofetilide,30,2.67,10134
Mouse,dofetilide,30,3.33,10135
Mouse,dofetilide,30,4.0,10136
Mouse,dofetilide,30,4.67,10137
Mouse,dofetilide,30,5.33,10138
Mouse,dofetilide,30,6.0,10139
Mouse,dofetilide,31,0.0,10140
Mouse,dofetilide,31,0.67,10141
Mouse,dofetilide,31,1.33,10142
Mouse,dofetilide,31,2.0,10143
Mouse,dofetilide,31,2.67,10144
Mouse,dofetilide,31,3.33,10145
Mouse,dofetilide,31,4.0,10146
Mouse,dofetilide,31,4.67,10147
Mouse,dofetilide,31,5.33,10148
Mouse,dofetilide,31,6.0,10149
Mouse,dofetilide,33,0.0,10150
Mouse,dofetilide,33,0.67,10151
Mouse,dofetilide,33,1.33,10152
Mouse,dofetilide,33,2.0,10153
Mouse,dofetilide,33,2.67,10154
Mouse,dofetilide,33,3.33,10155
Mouse,dofetilide,33,4.0,10156
Mouse,dofetilide,33,4.67,10157
Mouse,dofetilide,33,5.33,10158
Mouse,dofetilide,33,6.0,10159
Mouse,dofetilide,34,0.0,10160
Mouse,dofetilide,34,0.67,10161
Mouse,dofetilide,34,1.33,10162
Mouse,dofetilide,34,2.0,10163
Mouse,dofetilide,34,2.67,10164
Mouse,dofetilide,34,3.33,10165
Mouse,dofetilide,34,4.0,10166
Mouse,dofetilide,34,4.67,10167
Mouse,dofetilide,34,5.33,10168
Mouse,dofetilide,34,6.0,10169
Mouse,dofetilide,35,0.0,10170
Mouse,dofetilide,35,0.67,10171
Mouse,dofetilide,35,1.33,10172
Mouse,dofetilide,35,2.0,10173
Mouse,dofetilide,35,2.67,10174
Mouse,dofetilide,35,3.33,10175
Mouse,dofetilide,35,4.0,10176
Mouse,dofetilide,35,4.67,10177
Mouse,dofetilide,35,5.33,10178
Mouse,dofetilide,35,6.0,10179
Mouse,dofetilide,36,0.0,10180
Mouse,dofetilide,36,0.67,10181
Mouse,dofetilide,36,1.33,10182
Mouse,dofetilide,36,2.0,10183
Mouse,dofetilide,36,2.67,10184
Mouse,dofetilide,36,3.33,10185
Mouse,dofetilide,36,4.0,10186
Mouse,dofetilide,36,4.67,10187
Mouse,dofetilide,36,5.33,10188
Mouse,dofetilide,36,6.0,10189
Mouse,dofetilide,37,0.0,10190
Mouse,dofetilide,37,0.67,10191
Mouse,dofetilide,37,1.33,10192
Mouse,dofetilide,37,2.0,10193
Mouse,dofetilide,37,2.67,10194
Mouse,dofetilide,37,3.33,10195
Mouse,dofetilide,37,4.0,10196
Mouse,dofetilide,37,4.67,10197
Mouse,dofetilide,37,5.33,10198
Mouse,dofetilide,37,6.0,10199
Mouse,dofetilide,38,0.0,10200
Mouse,dofetilide,38,0.67,10201
Mouse,dofetilide,38,1.33,10202
Mouse,dofetilide,38,2.0,10203
Mouse,dofetilide,38,2.67,10204
Mouse,dofetilide,38,3.33,10205
Mouse,dofetilide,38,4.0,10206
Mouse,dofetilide,38,4.67,10207
Mouse,dofetilide,38,5.33,10208
Mouse,dofetilide,38,6.0,10209
Mouse,dofetilide,40,0.0,10210
Mouse,dofetilide,40,0.67,10211
Mouse,dofetilide,40,1.33,10212
Mouse,dofetilide,40,2.0,10213
Mouse,dofetilide,40,2.67,10214
Mouse,dofetilide,40,3.33,10215
Mouse,dofetilide,40,4.0,10216
Mouse,dofetilide,40,4.67,10217
Mouse,dofetilide,40,5.33,10218
Mouse,dofetilide,40,6.0,10219
Mouse,dofetilide,41,0.0,10220
Mouse,dofetilide,41,0.67,10221
Mouse,dofetilide,41,1.33,10222
Mouse,dofetilide,41,2.0,10223
Mouse,dofetilide,41,2.67,10224
Mouse,dofetilide,41,3.33,10225
Mouse,dofetilide,41,4.0,10226
Mouse,dofetilide,41,4.67,10227
Mouse,dofetilide,41,5.33,10228
Mouse,dofetilide,41,6.0,10229
Mouse,mexiletine,0,0.0,12130
Mouse,mexiletine,0,1376.33,12131
Mouse,mexiletine,0,2752.67,12132
Mouse,mexiletine,0,4129.0,12133
Mouse,mexiletine,0,5505.33,12134
Mouse,mexiletine,0,6881.67,12135
Mouse,mexiletine,0,8258.0,12136
Mouse,mexiletine,0,9634.33,12137
Mouse,mexiletine,0,11010.67,12138
Mouse,mexiletine,0,12387.0,12139
Mouse,mexiletine,1,0.0,12140
Mouse,mexiletine,1,1376.33,12141
Mouse,mexiletine,1,2752.67,12142
Mouse,mexiletine,1,4129.0,12143
Mouse,mexiletine,1,5505.33,12144
Mouse,mexiletine,1,6881.67,12145
Mouse,mexiletine,1,8258.0,12146
Mouse,mexiletine,1,9634.33,12147
Mouse,mexiletine,1,11010.67,12148
Mouse,mexiletine,1,12387.0,12149
Mouse,mexiletine,2,0.0,12150
Mouse,mexiletine,2,1376.33,12151
Mouse,mexiletine,2,2752.67,12152
Mouse,mexiletine,2,4129.0,12153
Mouse,mexiletine,2,5505.33,12154
Mouse,mexiletine,2,6881.67,12155
Mouse,mexiletine,2,8258.0,12156
Mouse,mexiletine,2,9634.33,12157
Mouse,mexiletine,2,11010.67,12158
Mouse,mexiletine,2,12387.0,12159
Mouse,mexiletine,3,0.0,12160
Mouse,mexiletine,3,1376.33,12161
Mouse,mexiletine,3,2752.67,12162
Mouse,mexiletine,3,4129.0,12163
Mouse,mexiletine,3,5505.33,12164
Mouse,mexiletine,3,6881.67,12165
Mouse,mexiletine,3,8258.0,12166
Mouse,mexiletine,3,9634.33,12167
Mouse,mexiletine,3,11010.67,12168
Mouse,mexiletine,3,12387.0,12169
Mouse,mexiletine,4,0.0,12170
Mouse,mexiletine,4,1376.33,12171
Mouse,mexiletine,4,2752.67,12172
Mouse,mexiletine,4,4129.0,12173
Mouse,mexiletine,4,5505.33,12174
Mouse,mexiletine,4,6881.67,12175
Mouse,mexiletine,4,8258.0,12176
Mouse,mexiletine,4,9634.33,12177
Mouse,mexiletine,4,11010.67,12178
Mouse,mexiletine,4,12387.0,12179
Mouse,mexiletine,5,0.0,12180
Mouse,mexiletine,5,1376.33,12181
Mouse,mexiletine,5,2752.67,12182
Mouse,mexiletine,5,4129.0,12183
Mouse,mexiletine,5,5505.33,12184
Mouse,mexiletine,5,6881.67,12185
Mouse,mexiletine,5,8258.0,12186
Mouse,mexiletine,5,9634.33,12187
Mouse,mexiletine,5,11010.67,12188
Mouse,mexiletine,5,12387.0,12189
Mouse,mexiletine,6,0.0,12190
Mouse,mexiletine,6,1376.33,12191
Mouse,mexiletine,6,2752.67,12192
Mouse,mexiletine,6,4129.0,12193
Mouse,mexiletine,6,5505.33,12194
Mouse,mexiletine,6,6881.67,12195
Mouse,mexiletine,6,8258.0,12196
Mouse,mexiletine,6,9634.33,12197
Mouse,mexiletine,6,11010.67,12198
Mouse,mexiletine,6,12387.0,12199
Mouse,mexiletine,7,0.0,12200
Mouse,mexiletine,7,1376.33,12201
Mouse,mexiletine,7,2752.67,12202
Mouse,mexiletine,7,4129.0,12203
Mouse,mexiletine,7,5505.33,12204
Mouse,mexiletine,7,6881.67,12205
Mouse,mexiletine,7,8258.0,12206
Mouse,mexiletine,7,9634.33,12207
Mouse,mexiletine,7,11010.67,12208
Mouse,mexiletine,7,12387.0,12209
Mouse,mexiletine,8,0.0,12210
Mouse,mexiletine,8,1376.33,12211
Mouse,mexiletine,8,2752.67,12212
Mouse,mexiletine,8,4129.0,12213
Mouse,mexiletine,8,5505.33,12214
Mouse,mexiletine,8,6881.67,12215
Mouse,mexiletine,8,8258.0,12216
Mouse,mexiletine,8,9634.33,12217
Mouse,mexiletine,8,11010.67,12218
Mouse,mexiletine,8,12387.0,12219
Mouse,mexiletine,9,0.0,12220
Mouse,mexiletine,9,1376.33,12221
Mouse,mexiletine,9,2752.67,12222
Mouse,mexiletine,9,4129.0,12223
Mouse,mexiletine,9,5505.33,12224
Mouse,mexiletine,9,6881.67,12225
Mouse,mexiletine,9,8258.0,12226
Mouse,mexiletine,9,9634.33,12227
Mouse,mexiletine,9,11010.67,12228
Mouse,mexiletine,9,12387.0,12229
Mouse,mexiletine,10,0.0,12230
Mouse,mexiletine,10,1376.33,12231
Mouse,mexiletine,10,2752.67,12232
Mouse,mexiletine,10,4129.0,12233
Mouse,mexiletine,10,5505.33,12234
Mouse,mexiletine,10,6881.67,12235
Mouse,mexiletine,10,8258.0,12236
Mouse,mexiletine,10,9634.33,12237
Mouse,mexiletine,10,11010.67,12238
Mouse,mexiletine,10,12387.0,12239
Mouse,mexiletine,11,0.0,12240
Mouse,mexiletine,11,1376.33,12241
Mouse,mexiletine,11,2752.67,12242
Mouse,mexiletine,11,4129.0,12243
Mouse,mexiletine,11,5505.33,12244
Mouse,mexiletine,11,6881.67,12245
Mouse,mexiletine,11,8258.0,12246
Mouse,mexiletine,11,9634.33,12247
Mouse,mexiletine,11,11010.67,12248
Mouse,mexiletine,11,12387.0,12249
Mouse,mexiletine,12,0.0,12250
Mouse,mexiletine,12,1376.33,12251
Mouse,mexiletine,12,2752.67,12252
Mouse,mexiletine,12,4129.0,12253
Mouse,mexiletine,12,5505.33,12254
Mouse,mexiletine,12,6881.67,12255
Mouse,mexiletine,12,8258.0,12256
Mouse,mexiletine,12,9634.33,12257
Mouse,mexiletine,12,11010.67,12258
Mouse,mexiletine,12,12387.0,12259
Mouse,mexiletine,13,0.0,12260
Mouse,mexiletine,13,1376.33,12261
Mouse,mexiletine,13,2752.67,12262
Mouse,mexiletine,13,4129.0,12263
Mouse,mexiletine,13,5505.33,12264
Mouse,mexiletine,13,6881.67,12265
Mouse,mexiletine,13,8258.0,12266
Mouse,mexiletine,13,9634.33,12267
Mouse,mexiletine,13,11010.67,12268
Mouse,mexiletine,13,12387.0,12269
Mouse,mexiletine,16,0.0,12270
Mouse,mexiletine,16,1376.33,12271
Mouse,mexiletine,16,2752.67,12272
Mouse,mexiletine,16,4129.0,12273
Mouse,mexiletine,16,5505.33,12274
Mouse,mexiletine,16,6881.67,12275
Mouse,mexiletine,16,8258.0,12276
Mouse,mexiletine,16,9634.33,12277
Mouse,mexiletine,16,11010.67,12278
Mouse,mexiletine,16,12387.0,12279
Mouse,mexiletine,17,0.0,12280
Mouse,mexiletine,17,1376.33,12281
Mouse,mexiletine,17,2752.67,12282
Mouse,mexiletine,17,4129.0,12283
Mouse,mexiletine,17,5505.33,12284
Mouse,mexiletine,17,6881.67,12285
Mouse,mexiletine,17,8258.0,12286
Mouse,mexiletine,17,9634.33,12287
Mouse,mexiletine,17,11010.67,12288
Mouse,mexiletine,17,12387.0,12289
Mouse,mexiletine,18,0.0,12290
Mouse,mexiletine,18,1376.33,12291
Mouse,mexiletine,18,2752.67,12292
Mouse,mexiletine,18,4129.0,12293
Mouse,mexiletine,18,5505.33,12294
Mouse,mexiletine,18,6881.67,12295
Mouse,mexiletine,18,8258.0,12296
Mouse,mexiletine,18,9634.33,12297
Mouse,mexiletine,18,11010.67,12298
Mouse,mexiletine,18,12387.0,12299
Mouse,mexiletine,20,0.0,12300
Mouse,mexiletine,20,1376.33,12301
Mouse,mexiletine,20,2752.67,12302
Mouse,mexiletine,20,4129.0,12303
Mouse,mexiletine,20,5505.33,12304
Mouse,mexiletine,20,6881.67,12305
Mouse,mexiletine,20,8258.0,12306
Mouse,mexiletine,20,9634.33,12307
Mouse,mexiletine,20,11010.67,12308
Mouse,mexiletine,20,12387.0,12309
Mouse,mexiletine,22,0.0,12310
Mouse,mexiletine,22,1376.33,12311
Mouse,mexiletine,22,2752.67,12312
Mouse,mexiletine,22,4129.0,12313
Mouse,mexiletine,22,5505.33,12314
Mouse,mexiletine,22,6881.67,12315
Mouse,mexiletine,22,8258.0,12316
Mouse,mexiletine,22,9634.33,12317
Mouse,mexiletine,22,11010.67,12318
Mouse,mexiletine,22,12387.0,12319
Mouse,mexiletine,24,0.0,12320
Mouse,mexiletine,24,1376.33,12321
Mouse,mexiletine,24,2752.67,12322
Mouse,mexiletine,24,4129.0,12323
Mouse,mexiletine,24,5505.33,12324
Mouse,mexiletine,24,6881.67,12325
Mouse,mexiletine,24,8258.0,12326
Mouse,mexiletine,24,9634.33,12327
Mouse,mexiletine,24,11010.67,12328
Mouse,mexiletine,24,12387.0,12329
Mouse,mexiletine,25,0.0,12330
Mouse,mexiletine,25,1376.33,12331
Mouse,mexiletine,25,2752.67,12332
Mouse,mexiletine,25,4129.0,12333
Mouse,mexiletine,25,5505.33,12334
Mouse,mexiletine,25,6881.67,12335
Mouse,mexiletine,25,8258.0,12336
Mouse,mexiletine,25,9634.33,12337
Mouse,mexiletine,25,11010.67,12338
Mouse,mexiletine,25,12387.0,12339
Mouse,mexiletine,26,0.0,12340
Mouse,mexiletine,26,1376.33,12341
Mouse,mexiletine,26,2752.67,12342
Mouse,mexiletine,26,4129.0,12343
Mouse,mexiletine,26,5505.33,12344
Mouse,mexiletine,26,6881.67,12345
Mouse,mexiletine,26,8258.0,12346
Mouse,mexiletine,26,9634.33,12347
Mouse,mexiletine,26,11010.67,12348
Mouse,mexiletine,26,12387.0,12349
Mouse,mexiletine,27,0.0,12350
Mouse,mexiletine,27,1376.33,12351
Mouse,mexiletine,27,2752.67,12352
Mouse,mexiletine,27,4129.0,12353
Mouse,mexiletine,27,5505.33,12354
Mouse,mexiletine,27,6881.67,12355
Mouse,mexiletine,27,8258.0,12356
Mouse,mexiletine,27,9634.33,12357
Mouse,mexiletine,27,11010.67,12358
Mouse,mexiletine,27,12387.0,12359
Mouse,mexiletine,28,0.0,12360
Mouse,mexiletine,28,1376.33,12361
Mouse,mexiletine,28,2752.67,12362
Mouse,mexiletine,28,4129.0,12363
Mouse,mexiletine,28,5505.33,12364
Mouse,mexiletine,28,6881.67,12365
Mouse,mexiletine,28,8258.0,12366
Mouse,mexiletine,28,9634.33,12367
Mouse,mexiletine,28,11010.67,12368
Mouse,mexiletine,28,12387.0,12369
Mouse,mexiletine,29,0.0,12370
Mouse,mexiletine,29,1376.33,12371
Mouse,mexiletine,29,2752.67,12372
Mouse,mexiletine,29,4129.0,12373
Mouse,mexiletine,29,5505.33,12374
Mouse,mexiletine,29,6881.67,12375
Mouse,mexiletine,29,8258.0,12376
Mouse,mexiletine,29,9634.33,12377
Mouse,mexiletine,29,11010.67,12378
Mouse,mexiletine,29,12387.0,12379
Mouse,mexiletine,30,0.0,12380
Mouse,mexiletine,30,1376.33,12381
Mouse,mexiletine,30,2752.67,12382
Mouse,mexiletine,30,4129.0,12383
Mouse,mexiletine,30,5505.33,12384
Mouse,mexiletine,30,6881.67,12385
Mouse,mexiletine,30,8258.0,12386
Mouse,mexiletine,30,9634.33,12387
Mouse,mexiletine,30,11010.67,12388
Mouse,mexiletine,30,12387.0,12389
Mouse,mexiletine,31,0.0,12390
Mouse,mexiletine,31,1376.33,12391
Mouse,mexiletine,31,2752.67,12392
Mouse,mexiletine,31,4129.0,12393
Mouse,mexiletine,31,5505.33,12394
Mouse,mexiletine,31,6881.67,12395
Mouse,mexiletine,31,8258.0,12396
Mouse,mexiletine,31,9634.33,12397
Mouse,mexiletine,31,11010.67,12398
Mouse,mexiletine,31,12387.0,12399
Mouse,mexiletine,32,0.0,12400
Mouse,mexiletine,32,1376.33,12401
Mouse,mexiletine,32,2752.67,12402
Mouse,mexiletine,32,4129.0,12403
Mouse,mexiletine,32,5505.33,12404
Mouse,mexiletine,32,6881.67,12405
Mouse,mexiletine,32,8258.0,12406
Mouse,mexiletine,32,9634.33,12407
Mouse,mexiletine,32,11010.67,12408
Mouse,mexiletine,32,12387.0,12409
Mouse,mexiletine,33,0.0,12410
Mouse,mexiletine,33,1376.33,12411
Mouse,mexiletine,33,2752.67,12412
Mouse,mexiletine,33,4129.0,12413
Mouse,mexiletine,33,5505.33,12414
Mouse,mexiletine,33,6881.67,12415
Mouse,mexiletine,33,8258.0,12416
Mouse,mexiletine,33,9634.33,12417
Mouse,mexiletine,33,11010.67,12418
Mouse,mexiletine,33,12387.0,12419
Mouse,mexiletine,34,0.0,12420
Mouse,mexiletine,34,1376.33,12421
Mouse,mexiletine,34,2752.67,12422
Mouse,mexiletine,34,4129.0,12423
Mouse,mexiletine,34,5505.33,12424
Mouse,mexiletine,34,6881.67,12425
Mouse,mexiletine,34,8258.0,12426
Mouse,mexiletine,34,9634.33,12427
Mouse,mexiletine,34,11010.67,12428
Mouse,mexiletine,34,12387.0,12429
Mouse,mexiletine,35,0.0,12430
Mouse,mexiletine,35,1376.33,12431
Mouse,mexiletine,35,2752.67,12432
Mouse,mexiletine,35,4129.0,12433
Mouse,mexiletine,35,5505.33,12434
Mouse,mexiletine,35,6881.67,12435
Mouse,mexiletine,35,8258.0,12436
Mouse,mexiletine,35,9634.33,12437
Mouse,mexiletine,35,11010.67,12438
Mouse,mexiletine,35,12387.0,12439
Mouse,mexiletine,36,0.0,12440
Mouse,mexiletine,36,1376.33,12441
Mouse,mexiletine,36,2752.67,12442
Mouse,mexiletine,36,4129.0,12443
Mouse,mexiletine,36,5505.33,12444
Mouse,mexiletine,36,6881.67,12445
Mouse,mexiletine,36,8258.0,12446
Mouse,mexiletine,36,9634.33,12447
Mouse,mexiletine,36,11010.67,12448
Mouse,mexiletine,36,12387.0,12449
Mouse,mexiletine,37,0.0,12450
Mouse,mexiletine,37,1376.33,12451
Mouse,mexiletine,37,2752.67,12452
Mouse,mexiletine,37,4129.0,12453
Mouse,mexiletine,37,5505.33,12454
Mouse,mexiletine,37,6881.67,12455
Mouse,mexiletine,37,8258.0,12456
Mouse,mexiletine,37,9634.33,12457
Mouse,mexiletine,37,11010.67,12458
Mouse,mexiletine,37,12387.0,12459
Mouse,mexiletine,38,0.0,12460
Mouse,mexiletine,38,1376.33,12461
Mouse,mexiletine,38,2752.67,12462
Mouse,mexiletine,38,4129.0,12463
Mouse,mexiletine,38,5505.33,12464
Mouse,mexiletine,38,6881.67,12465
Mouse,mexiletine,38,8258.0,12466
Mouse,mexiletine,38,9634.33,12467
Mouse,mexiletine,38,11010.67,12468
Mouse,mexiletine,38,12387.0,12469
Mouse,mexiletine,39,0.0,12470
Mouse,mexiletine,39,1376.33,12471
Mouse,mexiletine,39,2752.67,12472
Mouse,mexiletine,39,4129.0,12473
Mouse,mexiletine,39,5505.33,12474
Mouse,mexiletine,39,6881.67,12475
Mouse,mexiletine,39,8258.0,12476
Mouse,mexiletine,39,9634.33,12477
Mouse,mexiletine,39,11010.67,12478
Mouse,mexiletine,39,12387.0,12479
Mouse,mexiletine,40,0.0,12480
Mouse,mexiletine,40,1376.33,12481
Mouse,mexiletine,40,2752.67,12482
Mouse,mexiletine,40,4129.0,12483
Mouse,mexiletine,40,5505.33,12484
Mouse,mexiletine,40,6881.67,12485
Mouse,mexiletine,40,8258.0,12486
Mouse,mexiletine,40,9634.33,12487
Mouse,mexiletine,40,11010.67,12488
Mouse,mexiletine,40,12387.0,12489
Mouse,ondansetron,0,0.0,14419
Mouse,ondansetron,0,46.33,14420
Mouse,ondansetron,0,92.67,14421
Mouse,ondansetron,0,139.0,14422
Mouse,ondansetron,0,185.33,14423
Mouse,ondansetron,0,231.67,14424
Mouse,ondansetron,0,278.0,14425
Mouse,ondansetron,0,324.33,14426
Mouse,ondansetron,0,370.67,14427
Mouse,ondansetron,0,417.0,14428
Mouse,ondansetron,1,0.0,14429
Mouse,ondansetron,1,46.33,14430
Mouse,ondansetron,1,92.67,14431
Mouse,ondansetron,1,139.0,14432
Mouse,ondansetron,1,185.33,14433
Mouse,ondansetron,1,231.67,14434
Mouse,ondansetron,1,278.0,14435
Mouse,ondansetron,1,324.33,14436
Mouse,ondansetron,1,370.67,14437
Mouse,ondansetron,1,417.0,14438
Mouse,ondansetron,2,0.0,14439
Mouse,ondansetron,2,46.33,14440
Mouse,ondansetron,2,92.67,14441
Mouse,ondansetron,2,139.0,14442
Mouse,ondansetron,2,185.33,14443
Mouse,ondansetron,2,231.67,14444
Mouse,ondansetron,2,278.0,14445
Mouse,ondansetron,2,324.33,14446
Mouse,ondansetron,2,370.67,14447
Mouse,ondansetron,2,417.0,14448
Mouse,ondansetron,3,0.0,14449
Mouse,ondansetron,3,46.33,14450
Mouse,ondansetron,3,92.67,14451
Mouse,ondansetron,3,139.0,14452
Mouse,ondansetron,3,185.33,14453
Mouse,ondansetron,3,231.67,14454
Mouse,ondansetron,3,278.0,14455
Mouse,ondansetron,3,324.33,14456
Mouse,ondansetron,3,370.67,14457
Mouse,ondansetron,3,417.0,14458
Mouse,ondansetron,4,0.0,14459
Mouse,ondansetron,4,46.33,14460
Mouse,ondansetron,4,92.67,14461
Mouse,ondansetron,4,139.0,14462
Mouse,ondansetron,4,185.33,14463
Mouse,ondansetron,4,231.67,14464
Mouse,ondansetron,4,278.0,14465
Mouse,ondansetron,4,324.33,14466
Mouse,ondansetron,4,370.67,14467
Mouse,ondansetron,4,417.0,14468
Mouse,ondansetron,5,0.0,14469
Mouse,ondansetron,5,46.33,14470
Mouse,ondansetron,5,92.67,14471
Mouse,ondansetron,5,139.0,14472
Mouse,ondansetron,5,185.33,14473
Mouse,ondansetron,5,231.67,14474
Mouse,ondansetron,5,278.0,14475
Mouse,ondansetron,5,324.33,14476
Mouse,ondansetron,5,370.67,14477
Mouse,ondansetron,5,417.0,14478
Mouse,ondansetron,6,0.0,14479
Mouse,ondansetron,6,46.33,14480
Mouse,ondansetron,6,92.67,14481
Mouse,ondansetron,6,139.0,14482
Mouse,ondansetron,6,185.33,14483
Mouse,ondansetron,6,231.67,14484
Mouse,ondansetron,6,278.0,14485
Mouse,ondansetron,6,324.33,14486
Mouse,ondansetron,6,370.67,14487
Mouse,ondansetron,6,417.0,14488
Mouse,ondansetron,8,0.0,14489
Mouse,ondansetron,8,46.33,14490
Mouse,ondansetron,8,92.67,14491
Mouse,ondansetron,8,139.0,14492
Mouse,ondansetron,8,185.33,14493
Mouse,ondansetron,8,231.67,14494
Mouse,ondansetron,8,278.0,14495
Mouse,ondansetron,8,324.33,14496
Mouse,ondansetron,8,370.67,14497
Mouse,ondansetron,8,417.0,14498
Mouse,ondansetron,9,0.0,14499
Mouse,ondansetron,9,46.33,14500
Mouse,ondansetron,9,92.67,14501
Mouse,ondansetron,9,139.0,14502
Mouse,ondansetron,9,185.33,14503
Mouse,ondansetron,9,231.67,14504
Mouse,ondansetron,9,278.0,14505
Mouse,ondansetron,9,324.33,14506
Mouse,ondansetron,9,370.67,14507
Mouse,ondansetron,9,417.0,14508
Mouse,ondansetron,10,0.0,14509
Mouse,ondansetron,10,46.33,14510
Mouse,ondansetron,10,92.67,14511
Mouse,ondansetron,10,139.0,14512
Mouse,ondansetron,10,185.33,14513
Mouse,ondansetron,10,231.67,14514
Mouse,ondansetron,10,278.0,14515
Mouse,ondansetron,10,324.33,14516
Mouse,ondansetron,10,370.67,14517
Mouse,ondansetron,10,417.0,14518
Mouse,ondansetron,11,0.0,14519
Mouse,ondansetron,11,46.33,14520
Mouse,ondansetron,11,92.67,14521
Mouse,ondansetron,11,139.0,14522
Mouse,ondansetron,11,185.33,14523
Mouse,ondansetron,11,231.67,14524
Mouse,ondansetron,11,278.0,14525
Mouse,ondansetron,11,324.33,14526
Mouse,ondansetron,11,370.67,14527
Mouse,ondansetron,11,417.0,14528
Mouse,ondansetron,12,0.0,14529
Mouse,ondansetron,12,46.33,14530
Mouse,ondansetron,12,92.67,14531
Mouse,ondansetron,12,139.0,14532
Mouse,ondansetron,12,185.33,14533
Mouse,ondansetron,12,231.67,14534
Mouse,ondansetron,12,278.0,14535
Mouse,ondansetron,12,324.33,14536
Mouse,ondansetron,12,370.67,14537
Mouse,ondansetron,12,417.0,14538
Mouse,ondansetron,13,0.0,14539
Mouse,ondansetron,13,46.33,14540
Mouse,ondansetron,13,92.67,14541
Mouse,ondansetron,13,139.0,14542
Mouse,ondansetron,13,185.33,14543
Mouse,ondansetron,13,231.67,14544
Mouse,ondansetron,13,278.0,14545
Mouse,ondansetron,13,324.33,14546
Mouse,ondansetron,13,370.67,14547
Mouse,ondansetron,13,417.0,14548
Mouse,ondansetron,16,0.0,14549
Mouse,ondansetron,16,46.33,14550
Mouse,ondansetron,16,92.67,14551
Mouse,ondansetron,16,139.0,14552
Mouse,ondansetron,16,185.33,14553
Mouse,ondansetron,16,231.67,14554
Mouse,ondansetron,16,278.0,14555
Mouse,ondansetron,16,324.33,14556
Mouse,ondansetron,16,370.67,14557
Mouse,ondansetron,16,417.0,14558
Mouse,ondansetron,17,0.0,14559
Mouse,ondansetron,17,46.33,14560
Mouse,ondansetron,17,92.67,14561
Mouse,ondansetron,17,139.0,14562
Mouse,ondansetron,17,185.33,14563
Mouse,ondansetron,17,231.67,14564
Mouse,ondansetron,17,278.0,14565
Mouse,ondansetron,17,324.33,14566
Mouse,ondansetron,17,370.67,14567
Mouse,ondansetron,17,417.0,14568
Mouse,ondansetron,18,0.0,14569
Mouse,ondansetron,18,46.33,14570
Mouse,ondansetron,18,92.67,14571
Mouse,ondansetron,18,139.0,14572
Mouse,ondansetron,18,185.33,14573
Mouse,ondansetron,18,231.67,14574
Mouse,ondansetron,18,278.0,14575
Mouse,ondansetron,18,324.33,14576
Mouse,ondansetron,18,370.67,14577
Mouse,ondansetron,18,417.0,14578
Mouse,ondansetron,19,0.0,14579
Mouse,ondansetron,19,46.33,14580
Mouse,ondansetron,19,92.67,14581
Mouse,ondansetron,19,139.0,14582
Mouse,ondansetron,19,185.33,14583
Mouse,ondansetron,19,231.67,14584
Mouse,ondansetron,19,278.0,14585
Mouse,ondansetron,19,324.33,14586
Mouse,ondansetron,19,370.67,14587
Mouse,ondansetron,19,417.0,14588
Mouse,ondansetron,20,0.0,14589
Mouse,ondansetron,20,46.33,14590
Mouse,ondansetron,20,92.67,14591
Mouse,ondansetron,20,139.0,14592
Mouse,ondansetron,20,185.33,14593
Mouse,ondansetron,20,231.67,14594
Mouse,ondansetron,20,278.0,14595
Mouse,ondansetron,20,324.33,14596
Mouse,ondansetron,20,370.67,14597
Mouse,ondansetron,20,417.0,14598
Mouse,ondansetron,21,0.0,14599
Mouse,ondansetron,21,46.33,14600
Mouse,ondansetron,21,92.67,14601
Mouse,ondansetron,21,139.0,14602
Mouse,ondansetron,21,185.33,14603
Mouse,ondansetron,21,231.67,14604
Mouse,ondansetron,21,278.0,14605
Mouse,ondansetron,21,324.33,14606
Mouse,ondansetron,21,370.67,14607
Mouse,ondansetron,21,417.0,14608
Mouse,ondansetron,22,0.0,14609
Mouse,ondansetron,22,46.33,14610
Mouse,ondansetron,22,92.67,14611
Mouse,ondansetron,22,139.0,14612
Mouse,ondansetron,22,185.33,14613
Mouse,ondansetron,22,231.67,14614
Mouse,ondansetron,22,278.0,14615
Mouse,ondansetron,22,324.33,14616
Mouse,ondansetron,22,370.67,14617
Mouse,ondansetron,22,417.0,14618
Mouse,ondansetron,24,0.0,14619
Mouse,ondansetron,24,46.33,14620
Mouse,ondansetron,24,92.67,14621
Mouse,ondansetron,24,139.0,14622
Mouse,ondansetron,24,185.33,14623
Mouse,ondansetron,24,231.67,14624
Mouse,ondansetron,24,278.0,14625
Mouse,ondansetron,24,324.33,14626
Mouse,ondansetron,24,370.67,14627
Mouse,ondansetron,24,417.0,14628
Mouse,ondansetron,25,0.0,14629
Mouse,ondansetron,25,46.33,14630
Mouse,ondansetron,25,92.67,14631
Mouse,ondansetron,25,139.0,14632
Mouse,ondansetron,25,185.33,14633
Mouse,ondansetron,25,231.67,14634
Mouse,ondansetron,25,278.0,14635
Mouse,ondansetron,25,324.33,14636
Mouse,ondansetron,25,370.67,14637
Mouse,ondansetron,25,417.0,14638
Mouse,ondansetron,26,0.0,14639
Mouse,ondansetron,26,46.33,14640
Mouse,ondansetron,26,92.67,14641
Mouse,ondansetron,26,139.0,14642
Mouse,ondansetron,26,185.33,14643
Mouse,ondansetron,26,231.67,14644
Mouse,ondansetron,26,278.0,14645
Mouse,ondansetron,26,324.33,14646
Mouse,ondansetron,26,370.67,14647
Mouse,ondansetron,26,417.0,14648
Mouse,ondansetron,27,0.0,14649
Mouse,ondansetron,27,46.33,14650
Mouse,ondansetron,27,92.67,14651
Mouse,ondansetron,27,139.0,14652
Mouse,ondansetron,27,185.33,14653
Mouse,ondansetron,27,231.67,14654
Mouse,ondansetron,27,278.0,14655
Mouse,ondansetron,27,324.33,14656
Mouse,ondansetron,27,370.67,14657
Mouse,ondansetron,27,417.0,14658
Mouse,ondansetron,28,0.0,14659
Mouse,ondansetron,28,46.33,14660
Mouse,ondansetron,28,92.67,14661
Mouse,ondansetron,28,139.0,14662
Mouse,ondansetron,28,185.33,14663
Mouse,ondansetron,28,231.67,14664
Mouse,ondansetron,28,278.0,14665
Mouse,ondansetron,28,324.33,14666
Mouse,ondansetron,28,370.67,14667
Mouse,ondansetron,28,417.0,14668
Mouse,ondansetron,29,0.0,14669
Mouse,ondansetron,29,46.33,14670
Mouse,ondansetron,29,92.67,14671
Mouse,ondansetron,29,139.0,14672
Mouse,ondansetron,29,185.33,14673
Mouse,ondansetron,29,231.67,14674
Mouse,ondansetron,29,278.0,14675
Mouse,ondansetron,29,324.33,14676
Mouse,ondansetron,29,370.67,14677
Mouse,ondansetron,29,417.0,14678
Mouse,ondansetron,30,0.0,14679
Mouse,ondansetron,30,46.33,14680
Mouse,ondansetron,30,92.67,14681
Mouse,ondansetron,30,139.0,14682
Mouse,ondansetron,30,185.33,14683
Mouse,ondansetron,30,231.67,14684
Mouse,ondansetron,30,278.0,14685
Mouse,ondansetron,30,324.33,14686
Mouse,ondansetron,30,370.67,14687
Mouse,ondansetron,30,417.0,14688
Mouse,ondansetron,31,0.0,14689
Mouse,ondansetron,31,46.33,14690
Mouse,ondansetron,31,92.67,14691
Mouse,ondansetron,31,139.0,14692
Mouse,ondansetron,31,185.33,14693
Mouse,ondansetron,31,231.67,14694
Mouse,ondansetron,31,278.0,14695
Mouse,ondansetron,31,324.33,14696
Mouse,ondansetron,31,370.67,14697
Mouse,ondansetron,31,417.0,14698
Mouse,ondansetron,32,0.0,14699
Mouse,ondansetron,32,46.33,14700
Mouse,ondansetron,32,92.67,14701
Mouse,ondansetron,32,139.0,14702
Mouse,ondansetron,32,185.33,14703
Mouse,ondansetron,32,231.67,14704
Mouse,ondansetron,32,278.0,14705
Mouse,ondansetron,32,324.33,14706
Mouse,ondansetron,32,370.67,14707
Mouse,ondansetron,32,417.0,14708
Mouse,ondansetron,33,0.0,14709
Mouse,ondansetron,33,46.33,14710
Mouse,ondansetron,33,92.67,14711
Mouse,ondansetron,33,139.0,14712
Mouse,ondansetron,33,185.33,14713
Mouse,ondansetron,33,231.67,14714
Mouse,ondansetron,33,278.0,14715
Mouse,ondansetron,33,324.33,14716
Mouse,ondansetron,33,370.67,14717
Mouse,ondansetron,33,417.0,14718
Mouse,ondansetron,34,0.0,14719
Mouse,ondansetron,34,46.33,14720
Mouse,ondansetron,34,92.67,14721
Mouse,ondansetron,34,139.0,14722
Mouse,ondansetron,34,185.33,14723
Mouse,ondansetron,34,231.67,14724
Mouse,ondansetron,34,278.0,14725
Mouse,ondansetron,34,324.33,14726
Mouse,ondansetron,34,370.67,14727
Mouse,ondansetron,34,417.0,14728
Mouse,ondansetron,35,0.0,14729
Mouse,ondansetron,35,46.33,14730
Mouse,ondansetron,35,92.67,14731
Mouse,ondansetron,35,139.0,14732
Mouse,ondansetron,35,185.33,14733
Mouse,ondansetron,35,231.67,14734
Mouse,ondansetron,35,278.0,14735
Mouse,ondansetron,35,324.33,14736
Mouse,ondansetron,35,370.67,14737
Mouse,ondansetron,35,417.0,14738
Mouse,ondansetron,36,0.0,14739
Mouse,ondansetron,36,46.33,14740
Mouse,ondansetron,36,92.67,14741
Mouse,ondansetron,36,139.0,14742
Mouse,ondansetron,36,185.33,14743
Mouse,ondansetron,36,231.67,14744
Mouse,ondansetron,36,278.0,14745
Mouse,ondansetron,36,324.33,14746
Mouse,ondansetron,36,370.67,14747
Mouse,ondansetron,36,417.0,14748
Mouse,ondansetron,37,0.0,14749
Mouse,ondansetron,37,46.33,14750
Mouse,ondansetron,37,92.67,14751
Mouse,ondansetron,37,139.0,14752
Mouse,ondansetron,37,185.33,14753
Mouse,ondansetron,37,231.67,14754
Mouse,ondansetron,37,278.0,14755
Mouse,ondansetron,37,324.33,14756
Mouse,ondansetron,37,370.67,14757
Mouse,ondansetron,37,417.0,14758
Mouse,ondansetron,38,0.0,14759
Mouse,ondansetron,38,46.33,14760
Mouse,ondansetron,38,92.67,14761
Mouse,ondansetron,38,139.0,14762
Mouse,ondansetron,38,185.33,14763
Mouse,ondansetron,38,231.67,14764
Mouse,ondansetron,38,278.0,14765
Mouse,ondansetron,38,324.33,14766
Mouse,ondansetron,38,370.67,14767
Mouse,ondansetron,38,417.0,14768
Mouse,ondansetron,40,0.0,14769
Mouse,ondansetron,40,46.33,14770
Mouse,ondansetron,40,92.67,14771
Mouse,ondansetron,40,139.0,14772
Mouse,ondansetron,40,185.33,14773
Mouse,ondansetron,40,231.67,14774
Mouse,ondansetron,40,278.0,14775
Mouse,ondansetron,40,324.33,14776
Mouse,ondansetron,40,370.67,14777
Mouse,ondansetron,40,417.0,14778
Mouse,ondansetron,41,0.0,14779
Mouse,ondansetron,41,46.33,14780
Mouse,ondansetron,41,92.67,14781
Mouse,ondansetron,41,139.0,14782
Mouse,ondansetron,41,185.33,14783
Mouse,ondansetron,41,231.67,14784
Mouse,ondansetron,41,278.0,14785
Mouse,ondansetron,41,324.33,14786
Mouse,ondansetron,41,370.67,14787
Mouse,ondansetron,41,417.0,14788
Mouse,quinidine,0,0.0,16459
Mouse,quinidine,0,1079.0,16460
Mouse,quinidine,0,2158.0,16461
Mouse,quinidine,0,3237.0,16462
Mouse,quinidine,0,4316.0,16463
Mouse,quinidine,0,5395.0,16464
Mouse,quinidine,0,6474.0,16465
Mouse,quinidine,0,7553.0,16466
Mouse,quinidine,0,8632.0,16467
Mouse,quinidine,0,9711.0,16468
Mouse,quinidine,3,0.0,16469
Mouse,quinidine,3,1079.0,16470
Mouse,quinidine,3,2158.0,16471
Mouse,quinidine,3,3237.0,16472
Mouse,quinidine,3,4316.0,16473
Mouse,quinidine,3,5395.0,16474
Mouse,quinidine,3,6474.0,16475
Mouse,quinidine,3,7553.0,16476
Mouse,quinidine,3,8632.0,16477
Mouse,quinidine,3,9711.0,16478
Mouse,quinidine,4,0.0,16479
Mouse,quinidine,4,1079.0,16480
Mouse,quinidine,4,2158.0,16481
Mouse,quinidine,4,3237.0,16482
Mouse,quinidine,4,4316.0,16483
Mouse,quinidine,4,5395.0,16484
Mouse,quinidine,4,6474.0,16485
Mouse,quinidine,4,7553.0,16486
Mouse,quinidine,4,8632.0,16487
Mouse,quinidine,4,9711.0,16488
Mouse,quinidine,5,0.0,16489
Mouse,quinidine,5,1079.0,16490
Mouse,quinidine,5,2158.0,16491
Mouse,quinidine,5,3237.0,16492
Mouse,quinidine,5,4316.0,16493
Mouse,quinidine,5,5395.0,16494
Mouse,quinidine,5,6474.0,16495
Mouse,quinidine,5,7553.0,16496
Mouse,quinidine,5,8632.0,16497
Mouse,quinidine,5,9711.0,16498
Mouse,quinidine,6,0.0,16499
Mouse,quinidine,6,1079.0,16500
Mouse,quinidine,6,2158.0,16501
Mouse,quinidine,6,3237.0,16502
Mouse,quinidine,6,4316.0,16503
Mouse,quinidine,6,5395.0,16504
Mouse,quinidine,6,6474.0,16505
Mouse,quinidine,6,7553.0,16506
Mouse,quinidine,6,8632.0,16507
Mouse,quinidine,6,9711.0,16508
Mouse,quinidine,7,0.0,16509
Mouse,quinidine,7,1079.0,16510
Mouse,quinidine,7,2158.0,16511
Mouse,quinidine,7,3237.0,16512
Mouse,quinidine,7,4316.0,16513
Mouse,quinidine,7,5395.0,16514
Mouse,quinidine,7,6474.0,16515
Mouse,quinidine,7,7553.0,16516
Mouse,quinidine,7,8632.0,16517
Mouse,quinidine,7,9711.0,16518
Mouse,quinidine,8,0.0,16519
Mouse,quinidine,8,1079.0,16520
Mouse,quinidine,8,2158.0,16521
Mouse,quinidine,8,3237.0,16522
Mouse,quinidine,8,4316.0,16523
Mouse,quinidine,8,5395.0,16524
Mouse,quinidine,8,6474.0,16525
Mouse,quinidine,8,7553.0,16526
Mouse,quinidine,8,8632.0,16527
Mouse,quinidine,8,9711.0,16528
Mouse,quinidine,10,0.0,16529
Mouse,quinidine,10,1079.0,16530
Mouse,quinidine,10,2158.0,16531
Mouse,quinidine,10,3237.0,16532
Mouse,quinidine,10,4316.0,16533
Mouse,quinidine,10,5395.0,16534
Mouse,quinidine,10,6474.0,16535
Mouse,quinidine,10,7553.0,16536
Mouse,quinidine,10,8632.0,16537
Mouse,quinidine,10,9711.0,16538
Mouse,quinidine,11,0.0,16539
Mouse,quinidine,11,1079.0,16540
Mouse,quinidine,11,2158.0,16541
Mouse,quinidine,11,3237.0,16542
Mouse,quinidine,11,4316.0,16543
Mouse,quinidine,11,5395.0,16544
Mouse,quinidine,11,6474.0,16545
Mouse,quinidine,11,7553.0,16546
Mouse,quinidine,11,8632.0,16547
Mouse,quinidine,11,9711.0,16548
Mouse,quinidine,12,0.0,16549
Mouse,quinidine,12,1079.0,16550
Mouse,quinidine,12,2158.0,16551
Mouse,quinidine,12,3237.0,16552
Mouse,quinidine,12,4316.0,16553
Mouse,quinidine,12,5395.0,16554
Mouse,quinidine,12,6474.0,16555
Mouse,quinidine,12,7553.0,16556
Mouse,quinidine,12,8632.0,16557
Mouse,quinidine,12,9711.0,16558
Mouse,quinidine,15,0.0,16559
Mouse,quinidine,15,1079.0,16560
Mouse,quinidine,15,2158.0,16561
Mouse,quinidine,15,3237.0,16562
Mouse,quinidine,15,4316.0,16563
Mouse,quinidine,15,5395.0,16564
Mouse,quinidine,15,6474.0,16565
Mouse,quinidine,15,7553.0,16566
Mouse,quinidine,15,8632.0,16567
Mouse,quinidine,15,9711.0,16568
Mouse,quinidine,16,0.0,16569
Mouse,quinidine,16,1079.0,16570
Mouse,quinidine,16,2158.0,16571
Mouse,quinidine,16,3237.0,16572
Mouse,quinidine,16,4316.0,16573
Mouse,quinidine,16,5395.0,16574
Mouse,quinidine,16,6474.0,16575
Mouse,quinidine,16,7553.0,16576
Mouse,quinidine,16,8632.0,16577
Mouse,quinidine,16,9711.0,16578
Mouse,quinidine,17,0.0,16579
Mouse,quinidine,17,1079.0,16580
Mouse,quinidine,17,2158.0,16581
Mouse,quinidine,17,3237.0,16582
Mouse,quinidine,17,4316.0,16583
Mouse,quinidine,17,5395.0,16584
Mouse,quinidine,17,6474.0,16585
Mouse,quinidine,17,7553.0,16586
Mouse,quinidine,17,8632.0,16587
Mouse,quinidine,17,9711.0,16588
Mouse,quinidine,18,0.0,16589
Mouse,quinidine,18,1079.0,16590
Mouse,quinidine,18,2158.0,16591
Mouse,quinidine,18,3237.0,16592
Mouse,quinidine,18,4316.0,16593
Mouse,quinidine,18,5395.0,16594
Mouse,quinidine,18,6474.0,16595
Mouse,quinidine,18,7553.0,16596
Mouse,quinidine,18,8632.0,16597
Mouse,quinidine,18,9711.0,16598
Mouse,quinidine,19,0.0,16599
Mouse,quinidine,19,1079.0,16600
Mouse,quinidine,19,2158.0,16601
Mouse,quinidine,19,3237.0,16602
Mouse,quinidine,19,4316.0,16603
Mouse,quinidine,19,5395.0,16604
Mouse,quinidine,19,6474.0,16605
Mouse,quinidine,19,7553.0,16606
Mouse,quinidine,19,8632.0,16607
Mouse,quinidine,19,9711.0,16608
Mouse,quinidine,20,0.0,16609
Mouse,quinidine,20,1079.0,16610
Mouse,quinidine,20,2158.0,16611
Mouse,quinidine,20,3237.0,16612
Mouse,quinidine,20,4316.0,16613
Mouse,quinidine,20,5395.0,16614
Mouse,quinidine,20,6474.0,16615
Mouse,quinidine,20,7553.0,16616
Mouse,quinidine,20,8632.0,16617
Mouse,quinidine,20,9711.0,16618
Mouse,quinidine,21,0.0,16619
Mouse,quinidine,21,1079.0,16620
Mouse,quinidine,21,2158.0,16621
Mouse,quinidine,21,3237.0,16622
Mouse,quinidine,21,4316.0,16623
Mouse,quinidine,21,5395.0,16624
Mouse,quinidine,21,6474.0,16625
Mouse,quinidine,21,7553.0,16626
Mouse,quinidine,21,8632.0,16627
Mouse,quinidine,21,9711.0,16628
Mouse,quinidine,22,0.0,16629
Mouse,quinidine,22,1079.0,16630
Mouse,quinidine,22,2158.0,16631
Mouse,quinidine,22,3237.0,16632
Mouse,quinidine,22,4316.0,16633
Mouse,quinidine,22,5395.0,16634
Mouse,quinidine,22,6474.0,16635
Mouse,quinidine,22,7553.0,16636
Mouse,quinidine,22,8632.0,16637
Mouse,quinidine,22,9711.0,16638
Mouse,quinidine,24,0.0,16639
Mouse,quinidine,24,1079.0,16640
Mouse,quinidine,24,2158.0,16641
Mouse,quinidine,24,3237.0,16642
Mouse,quinidine,24,4316.0,16643
Mouse,quinidine,24,5395.0,16644
Mouse,quinidine,24,6474.0,16645
Mouse,quinidine,24,7553.0,16646
Mouse,quinidine,24,8632.0,16647
Mouse,quinidine,24,9711.0,16648
Mouse,quinidine,27,0.0,16649
Mouse,quinidine,27,1079.0,16650
Mouse,quinidine,27,2158.0,16651
Mouse,quinidine,27,3237.0,16652
Mouse,quinidine,27,4316.0,16653
Mouse,quinidine,27,5395.0,16654
Mouse,quinidine,27,6474.0,16655
Mouse,quinidine,27,7553.0,16656
Mouse,quinidine,27,8632.0,16657
Mouse,quinidine,27,9711.0,16658
Mouse,quinidine,28,0.0,16659
Mouse,quinidine,28,1079.0,16660
Mouse,quinidine,28,2158.0,16661
Mouse,quinidine,28,3237.0,16662
Mouse,quinidine,28,4316.0,16663
Mouse,quinidine,28,5395.0,16664
Mouse,quinidine,28,6474.0,16665
Mouse,quinidine,28,7553.0,16666
Mouse,quinidine,28,8632.0,16667
Mouse,quinidine,28,9711.0,16668
Mouse,quinidine,29,0.0,16669
Mouse,quinidine,29,1079.0,16670
Mouse,quinidine,29,2158.0,16671
Mouse,quinidine,29,3237.0,16672
Mouse,quinidine,29,4316.0,16673
Mouse,quinidine,29,5395.0,16674
Mouse,quinidine,29,6474.0,16675
Mouse,quinidine,29,7553.0,16676
Mouse,quinidine,29,8632.0,16677
Mouse,quinidine,29,9711.0,16678
Mouse,quinidine,30,0.0,16679
Mouse,quinidine,30,1079.0,16680
Mouse,quinidine,30,2158.0,16681
Mouse,quinidine,30,3237.0,16682
Mouse,quinidine,30,4316.0,16683
Mouse,quinidine,30,5395.0,16684
Mouse,quinidine,30,6474.0,16685
Mouse,quinidine,30,7553.0,16686
Mouse,quinidine,30,8632.0,16687
Mouse,quinidine,30,9711.0,16688
Mouse,quinidine,32,0.0,16689
Mouse,quinidine,32,1079.0,16690
Mouse,quinidine,32,2158.0,16691
Mouse,quinidine,32,3237.0,16692
Mouse,quinidine,32,4316.0,16693
Mouse,quinidine,32,5395.0,16694
Mouse,quinidine,32,6474.0,16695
Mouse,quinidine,32,7553.0,16696
Mouse,quinidine,32,8632.0,16697
Mouse,quinidine,32,9711.0,16698
Mouse,quinidine,33,0.0,16699
Mouse,quinidine,33,1079.0,16700
Mouse,quinidine,33,2158.0,16701
Mouse,quinidine,33,3237.0,16702
Mouse,quinidine,33,4316.0,16703
Mouse,quinidine,33,5395.0,16704
Mouse,quinidine,33,6474.0,16705
Mouse,quinidine,33,7553.0,16706
Mouse,quinidine,33,8632.0,16707
Mouse,quinidine,33,9711.0,16708
Mouse,quinidine,34,0.0,16709
Mouse,quinidine,34,1079.0,16710
Mouse,quinidine,34,2158.0,16711
Mouse,quinidine,34,3237.0,16712
Mouse,quinidine,34,4316.0,16713
Mouse,quinidine,34,5395.0,16714
Mouse,quinidine,34,6474.0,16715
Mouse,quinidine,34,7553.0,16716
Mouse,quinidine,34,8632.0,16717
Mouse,quinidine,34,9711.0,16718
Mouse,quinidine,35,0.0,16719
Mouse,quinidine,35,1079.0,16720
Mouse,quinidine,35,2158.0,16721
Mouse,quinidine,35,3237.0,16722
Mouse,quinidine,35,4316.0,16723
Mouse,quinidine,35,5395.0,16724
Mouse,quinidine,35,6474.0,16725
Mouse,quinidine,35,7553.0,16726
Mouse,quinidine,35,8632.0,16727
Mouse,quinidine,35,9711.0,16728
Mouse,quinidine,36,0.0,16729
Mouse,quinidine,36,1079.0,16730
Mouse,quinidine,36,2158.0,16731
Mouse,quinidine,36,3237.0,16732
Mouse,quinidine,36,4316.0,16733
Mouse,quinidine,36,5395.0,16734
Mouse,quinidine,36,6474.0,16735
Mouse,quinidine,36,7553.0,16736
Mouse,quinidine,36,8632.0,16737
Mouse,quinidine,36,9711.0,16738
Mouse,quinidine,38,0.0,16739
Mouse,quinidine,38,1079.0,16740
Mouse,quinidine,38,2158.0,16741
Mouse,quinidine,38,3237.0,16742
Mouse,quinidine,38,4316.0,16743
Mouse,quinidine,38,5395.0,16744
Mouse,quinidine,38,6474.0,16745
Mouse,quinidine,38,7553.0,16746
Mouse,quinidine,38,8632.0,16747
Mouse,quinidine,38,9711.0,16748
Mouse,quinidine,40,0.0,16749
Mouse,quinidine,40,1079.0,16750
Mouse,quinidine,40,2158.0,16751
Mouse,quinidine,40,3237.0,16752
Mouse,quinidine,40,4316.0,16753
Mouse,quinidine,40,5395.0,16754
Mouse,quinidine,40,6474.0,16755
Mouse,quinidine,40,7553.0,16756
Mouse,quinidine,40,8632.0,16757
Mouse,quinidine,40,9711.0,16758
Mouse,quinidine,41,0.0,16759
Mouse,quinidine,41,1079.0,16760
Mouse,quinidine,41,2158.0,16761
Mouse,quinidine,41,3237.0,16762
Mouse,quinidine,41,4316.0,16763
Mouse,quinidine,41,5395.0,16764
Mouse,quinidine,41,6474.0,16765
Mouse,quinidine,41,7553.0,16766
Mouse,quinidine,41,8632.0,16767
Mouse,quinidine,41,9711.0,16768
Mouse,ranolazine,0,0.0,18659
Mouse,ranolazine,0,649.4,18660
Mouse,ranolazine,0,1298.8,18661
Mouse,ranolazine,0,1948.2,18662
Mouse,ranolazine,0,2597.6,18663
Mouse,ranolazine,0,3247.0,18664
Mouse,ranolazine,0,3896.4,18665
Mouse,ranolazine,0,4545.8,18666
Mouse,ranolazine,0,5195.2,18667
Mouse,ranolazine,0,5844.6,18668
Mouse,ranolazine,1,0.0,18669
Mouse,ranolazine,1,649.4,18670
Mouse,ranolazine,1,1298.8,18671
Mouse,ranolazine,1,1948.2,18672
Mouse,ranolazine,1,2597.6,18673
Mouse,ranolazine,1,3247.0,18674
Mouse,ranolazine,1,3896.4,18675
Mouse,ranolazine,1,4545.8,18676
Mouse,ranolazine,1,5195.2,18677
Mouse,ranolazine,1,5844.6,18678
Mouse,ranolazine,2,0.0,18679
Mouse,ranolazine,2,649.4,18680
Mouse,ranolazine,2,1298.8,18681
Mouse,ranolazine,2,1948.2,18682
Mouse,ranolazine,2,2597.6,18683
Mouse,ranolazine,2,3247.0,18684
Mouse,ranolazine,2,3896.4,18685
Mouse,ranolazine,2,4545.8,18686
Mouse,ranolazine,2,5195.2,18687
Mouse,ranolazine,2,5844.6,18688
Mouse,ranolazine,3,0.0,18689
Mouse,ranolazine,3,649.4,18690
Mouse,ranolazine,3,1298.8,18691
Mouse,ranolazine,3,1948.2,18692
Mouse,ranolazine,3,2597.6,18693
Mouse,ranolazine,3,3247.0,18694
Mouse,ranolazine,3,3896.4,18695
Mouse,ranolazine,3,4545.8,18696
Mouse,ranolazine,3,5195.2,18697
Mouse,ranolazine,3,5844.6,18698
Mouse,ranolazine,4,0.0,18699
Mouse,ranolazine,4,649.4,18700
Mouse,ranolazine,4,1298.8,18701
Mouse,ranolazine,4,1948.2,18702
Mouse,ranolazine,4,2597.6,18703
Mouse,ranolazine,4,3247.0,18704
Mouse,ranolazine,4,3896.4,18705
Mouse,ranolazine,4,4545.8,18706
Mouse,ranolazine,4,5195.2,18707
Mouse,ranolazine,4,5844.6,18708
Mouse,ranolazine,5,0.0,18709
Mouse,ranolazine,5,649.4,18710
Mouse,ranolazine,5,1298.8,18711
Mouse,ranolazine,5,1948.2,18712
Mouse,ranolazine,5,2597.6,18713
Mouse,ranolazine,5,3247.0,18714
Mouse,ranolazine,5,3896.4,18715
Mouse,ranolazine,5,4545.8,18716
Mouse,ranolazine,5,5195.2,18717
Mouse,ranolazine,5,5844.6,18718
Mouse,ranolazine,6,0.0,18719
Mouse,ranolazine,6,649.4,18720
Mouse,ranolazine,6,1298.8,18721
Mouse,ranolazine,6,1948.2,18722
Mouse,ranolazine,6,2597.6,18723
Mouse,ranolazine,6,3247.0,18724
Mouse,ranolazine,6,3896.4,18725
Mouse,ranolazine,6,4545.8,18726
Mouse,ranolazine,6,5195.2,18727
Mouse,ranolazine,6,5844.6,18728
Mouse,ranolazine,7,0.0,18729
Mouse,ranolazine,7,649.4,18730
Mouse,ranolazine,7,1298.8,18731
Mouse,ranolazine,7,1948.2,18732
Mouse,ranolazine,7,2597.6,18733
Mouse,ranolazine,7,3247.0,18734
Mouse,ranolazine,7,3896.4,18735
Mouse,ranolazine,7,4545.8,18736
Mouse,ranolazine,7,5195.2,18737
Mouse,ranolazine,7,5844.6,18738
Mouse,ranolazine,8,0.0,18739
Mouse,ranolazine,8,649.4,18740
Mouse,ranolazine,8,1298.8,18741
Mouse,ranolazine,8,1948.2,18742
Mouse,ranolazine,8,2597.6,18743
Mouse,ranolazine,8,3247.0,18744
Mouse,ranolazine,8,3896.4,18745
Mouse,ranolazine,8,4545.8,18746
Mouse,ranolazine,8,5195.2,18747
Mouse,ranolazine,8,5844.6,18748
Mouse,ranolazine,9,0.0,18749
Mouse,ranolazine,9,649.4,18750
Mouse,ranolazine,9,1298.8,18751
Mouse,ranolazine,9,1948.2,18752
Mouse,ranolazine,9,2597.6,18753
Mouse,ranolazine,9,3247.0,18754
Mouse,ranolazine,9,3896.4,18755
Mouse,ranolazine,9,4545.8,18756
Mouse,ranolazine,9,5195.2,18757
Mouse,ranolazine,9,5844.6,18758
Mouse,ranolazine,10,0.0,18759
Mouse,ranolazine,10,649.4,18760
Mouse,ranolazine,10,1298.8,18761
Mouse,ranolazine,10,1948.2,18762
Mouse,ranolazine,10,2597.6,18763
Mouse,ranolazine,10,3247.0,18764
Mouse,ranolazine,10,3896.4,18765
Mouse,ranolazine,10,4545.8,18766
Mouse,ranolazine,10,5195.2,18767
Mouse,ranolazine,10,5844.6,18768
Mouse,ranolazine,11,0.0,18769
Mouse,ranolazine,11,649.4,18770
Mouse,ranolazine,11,1298.8,18771
Mouse,ranolazine,11,1948.2,18772
Mouse,ranolazine,11,2597.6,18773
Mouse,ranolazine,11,3247.0,18774
Mouse,ranolazine,11,3896.4,18775
Mouse,ranolazine,11,4545.8,18776
Mouse,ranolazine,11,5195.2,18777
Mouse,ranolazine,11,5844.6,18778
Mouse,ranolazine,12,0.0,18779
Mouse,ranolazine,12,649.4,18780
Mouse,ranolazine,12,1298.8,18781
Mouse,ranolazine,12,1948.2,18782
Mouse,ranolazine,12,2597.6,18783
Mouse,ranolazine,12,3247.0,18784
Mouse,ranolazine,12,3896.4,18785
Mouse,ranolazine,12,4545.8,18786
Mouse,ranolazine,12,5195.2,18787
Mouse,ranolazine,12,5844.6,18788
Mouse,ranolazine,13,0.0,18789
Mouse,ranolazine,13,649.4,18790
Mouse,ranolazine,13,1298.8,18791
Mouse,ranolazine,13,1948.2,18792
Mouse,ranolazine,13,2597.6,18793
Mouse,ranolazine,13,3247.0,18794
Mouse,ranolazine,13,3896.4,18795
Mouse,ranolazine,13,4545.8,18796
Mouse,ranolazine,13,5195.2,18797
Mouse,ranolazine,13,5844.6,18798
Mouse,ranolazine,15,0.0,18799
Mouse,ranolazine,15,649.4,18800
Mouse,ranolazine,15,1298.8,18801
Mouse,ranolazine,15,1948.2,18802
Mouse,ranolazine,15,2597.6,18803
Mouse,ranolazine,15,3247.0,18804
Mouse,ranolazine,15,3896.4,18805
Mouse,ranolazine,15,4545.8,18806
Mouse,ranolazine,15,5195.2,18807
Mouse,ranolazine,15,5844.6,18808
Mouse,ranolazine,16,0.0,18809
Mouse,ranolazine,16,649.4,18810
Mouse,ranolazine,16,1298.8,18811
Mouse,ranolazine,16,1948.2,18812
Mouse,ranolazine,16,2597.6,18813
Mouse,ranolazine,16,3247.0,18814
Mouse,ranolazine,16,3896.4,18815
Mouse,ranolazine,16,4545.8,18816
Mouse,ranolazine,16,5195.2,18817
Mouse,ranolazine,16,5844.6,18818
Mouse,ranolazine,17,0.0,18819
Mouse,ranolazine,17,649.4,18820
Mouse,ranolazine,17,1298.8,18821
Mouse,ranolazine,17,1948.2,18822
Mouse,ranolazine,17,2597.6,18823
Mouse,ranolazine,17,3247.0,18824
Mouse,ranolazine,17,3896.4,18825
Mouse,ranolazine,17,4545.8,18826
Mouse,ranolazine,17,5195.2,18827
Mouse,ranolazine,17,5844.6,18828
Mouse,ranolazine,18,0.0,18829
Mouse,ranolazine,18,649.4,18830
Mouse,ranolazine,18,1298.8,18831
Mouse,ranolazine,18,1948.2,18832
Mouse,ranolazine,18,2597.6,18833
Mouse,ranolazine,18,3247.0,18834
Mouse,ranolazine,18,3896.4,18835
Mouse,ranolazine,18,4545.8,18836
Mouse,ranolazine,18,5195.2,18837
Mouse,ranolazine,18,5844.6,18838
Mouse,ranolazine,19,0.0,18839
Mouse,ranolazine,19,649.4,18840
Mouse,ranolazine,19,1298.8,18841
Mouse,ranolazine,19,1948.2,18842
Mouse,ranolazine,19,2597.6,18843
Mouse,ranolazine,19,3247.0,18844
Mouse,ranolazine,19,3896.4,18845
Mouse,ranolazine,19,4545.8,18846
Mouse,ranolazine,19,5195.2,18847
Mouse,ranolazine,19,5844.6,18848
Mouse,ranolazine,20,0.0,18849
Mouse,ranolazine,20,649.4,18850
Mouse,ranolazine,20,1298.8,18851
Mouse,ranolazine,20,1948.2,18852
Mouse,ranolazine,20,2597.6,18853
Mouse,ranolazine,20,3247.0,18854
Mouse,ranolazine,20,3896.4,18855
Mouse,ranolazine,20,4545.8,18856
Mouse,ranolazine,20,5195.2,18857
Mouse,ranolazine,20,5844.6,18858
Mouse,ranolazine,21,0.0,18859
Mouse,ranolazine,21,649.4,18860
Mouse,ranolazine,21,1298.8,18861
Mouse,ranolazine,21,1948.2,18862
Mouse,ranolazine,21,2597.6,18863
Mouse,ranolazine,21,3247.0,18864
Mouse,ranolazine,21,3896.4,18865
Mouse,ranolazine,21,4545.8,18866
Mouse,ranolazine,21,5195.2,18867
Mouse,ranolazine,21,5844.6,18868
Mouse,ranolazine,22,0.0,18869
Mouse,ranolazine,22,649.4,18870
Mouse,ranolazine,22,1298.8,18871
Mouse,ranolazine,22,1948.2,18872
Mouse,ranolazine,22,2597.6,18873
Mouse,ranolazine,22,3247.0,18874
Mouse,ranolazine,22,3896.4,18875
Mouse,ranolazine,22,4545.8,18876
Mouse,ranolazine,22,5195.2,18877
Mouse,ranolazine,22,5844.6,18878
Mouse,ranolazine,25,0.0,18879
Mouse,ranolazine,25,649.4,18880
Mouse,ranolazine,25,1298.8,18881
Mouse,ranolazine,25,1948.2,18882
Mouse,ranolazine,25,2597.6,18883
Mouse,ranolazine,25,3247.0,18884
Mouse,ranolazine,25,3896.4,18885
Mouse,ranolazine,25,4545.8,18886
Mouse,ranolazine,25,5195.2,18887
Mouse,ranolazine,25,5844.6,18888
Mouse,ranolazine,26,0.0,18889
Mouse,ranolazine,26,649.4,18890
Mouse,ranolazine,26,1298.8,18891
Mouse,ranolazine,26,1948.2,18892
Mouse,ranolazine,26,2597.6,18893
Mouse,ranolazine,26,3247.0,18894
Mouse,ranolazine,26,3896.4,18895
Mouse,ranolazine,26,4545.8,18896
Mouse,ranolazine,26,5195.2,18897
Mouse,ranolazine,26,5844.6,18898
Mouse,ranolazine,27,0.0,18899
Mouse,ranolazine,27,649.4,18900
Mouse,ranolazine,27,1298.8,18901
Mouse,ranolazine,27,1948.2,18902
Mouse,ranolazine,27,2597.6,18903
Mouse,ranolazine,27,3247.0,18904
Mouse,ranolazine,27,3896.4,18905
Mouse,ranolazine,27,4545.8,18906
Mouse,ranolazine,27,5195.2,18907
Mouse,ranolazine,27,5844.6,18908
Mouse,ranolazine,28,0.0,18909
Mouse,ranolazine,28,649.4,18910
Mouse,ranolazine,28,1298.8,18911
Mouse,ranolazine,28,1948.2,18912
Mouse,ranolazine,28,2597.6,18913
Mouse,ranolazine,28,3247.0,18914
Mouse,ranolazine,28,3896.4,18915
Mouse,ranolazine,28,4545.8,18916
Mouse,ranolazine,28,5195.2,18917
Mouse,ranolazine,28,5844.6,18918
Mouse,ranolazine,29,0.0,18919
Mouse,ranolazine,29,649.4,18920
Mouse,ranolazine,29,1298.8,18921
Mouse,ranolazine,29,1948.2,18922
Mouse,ranolazine,29,2597.6,18923
Mouse,ranolazine,29,3247.0,18924
Mouse,ranolazine,29,3896.4,18925
Mouse,ranolazine,29,4545.8,18926
Mouse,ranolazine,29,5195.2,18927
Mouse,ranolazine,29,5844.6,18928
Mouse,ranolazine,30,0.0,18929
Mouse,ranolazine,30,649.4,18930
Mouse,ranolazine,30,1298.8,18931
Mouse,ranolazine,30,1948.2,18932
Mouse,ranolazine,30,2597.6,18933
Mouse,ranolazine,30,3247.0,18934
Mouse,ranolazine,30,3896.4,18935
Mouse,ranolazine,30,4545.8,18936
Mouse,ranolazine,30,5195.2,18937
Mouse,ranolazine,30,5844.6,18938
Mouse,ranolazine,31,0.0,18939
Mouse,ranolazine,31,649.4,18940
Mouse,ranolazine,31,1298.8,18941
Mouse,ranolazine,31,1948.2,18942
Mouse,ranolazine,31,2597.6,18943
Mouse,ranolazine,31,3247.0,18944
Mouse,ranolazine,31,3896.4,18945
Mouse,ranolazine,31,4545.8,18946
Mouse,ranolazine,31,5195.2,18947
Mouse,ranolazine,31,5844.6,18948
Mouse,ranolazine,32,0.0,18949
Mouse,ranolazine,32,649.4,18950
Mouse,ranolazine,32,1298.8,18951
Mouse,ranolazine,32,1948.2,18952
Mouse,ranolazine,32,2597.6,18953
Mouse,ranolazine,32,3247.0,18954
Mouse,ranolazine,32,3896.4,18955
Mouse,ranolazine,32,4545.8,18956
Mouse,ranolazine,32,5195.2,18957
Mouse,ranolazine,32,5844.6,18958
Mouse,ranolazine,33,0.0,18959
Mouse,ranolazine,33,649.4,18960
Mouse,ranolazine,33,1298.8,18961
Mouse,ranolazine,33,1948.2,18962
Mouse,ranolazine,33,2597.6,18963
Mouse,ranolazine,33,3247.0,18964
Mouse,ranolazine,33,3896.4,18965
Mouse,ranolazine,33,4545.8,18966
Mouse,ranolazine,33,5195.2,18967
Mouse,ranolazine,33,5844.6,18968
Mouse,ranolazine,35,0.0,18969
Mouse,ranolazine,35,649.4,18970
Mouse,ranolazine,35,1298.8,18971
Mouse,ranolazine,35,1948.2,18972
Mouse,ranolazine,35,2597.6,18973
Mouse,ranolazine,35,3247.0,18974
Mouse,ranolazine,35,3896.4,18975
Mouse,ranolazine,35,4545.8,18976
Mouse,ranolazine,35,5195.2,18977
Mouse,ranolazine,35,5844.6,18978
Mouse,ranolazine,36,0.0,18979
Mouse,ranolazine,36,649.4,18980
Mouse,ranolazine,36,1298.8,18981
Mouse,ranolazine,36,1948.2,18982
Mouse,ranolazine,36,2597.6,18983
Mouse,ranolazine,36,3247.0,18984
Mouse,ranolazine,36,3896.4,18985
Mouse,ranolazine,36,4545.8,18986
Mouse,ranolazine,36,5195.2,18987
Mouse,ranolazine,36,5844.6,18988
Mouse,ranolazine,37,0.0,18989
Mouse,ranolazine,37,649.4,18990
Mouse,ranolazine,37,1298.8,18991
Mouse,ranolazine,37,1948.2,18992
Mouse,ranolazine,37,2597.6,18993
Mouse,ranolazine,37,3247.0,18994
Mouse,ranolazine,37,3896.4,18995
Mouse,ranolazine,37,4545.8,18996
Mouse,ranolazine,37,5195.2,18997
Mouse,ranolazine,37,5844.6,18998
Mouse,ranolazine,38,0.0,18999
Mouse,ranolazine,38,649.4,19000
Mouse,ranolazine,38,1298.8,19001
Mouse,ranolazine,38,1948.2,19002
Mouse,ranolazine,38,2597.6,19003
Mouse,ranolazine,38,3247.0,19004
Mouse,ranolazine,38,3896.4,19005
Mouse,ranolazine,38,4545.8,19006
Mouse,ranolazine,38,5195.2,19007
Mouse,ranolazine,38,5844.6,19008
Mouse,ranolazine,39,0.0,19009
Mouse,ranolazine,39,649.4,19010
Mouse,ranolazine,39,1298.8,19011
Mouse,ranolazine,39,1948.2,19012
Mouse,ranolazine,39,2597.6,19013
Mouse,ranolazine,39,3247.0,19014
Mouse,ranolazine,39,3896.4,19015
Mouse,ranolazine,39,4545.8,19016
Mouse,ranolazine,39,5195.2,19017
Mouse,ranolazine,39,5844.6,19018
Mouse,ranolazine,40,0.0,19019
Mouse,ranolazine,40,649.4,19020
Mouse,ranolazine,40,1298.8,19021
Mouse,ranolazine,40,1948.2,19022
Mouse,ranolazine,40,2597.6,19023
Mouse,ranolazine,40,3247.0,19024
Mouse,ranolazine,40,3896.4,19025
Mouse,ranolazine,40,4545.8,19026
Mouse,ranolazine,40,5195.2,19027
Mouse,ranolazine,40,5844.6,19028
Mouse,ranolazine,41,0.0,19029
Mouse,ranolazine,41,649.4,19030
Mouse,ranolazine,41,1298.8,19031
Mouse,ranolazine,41,1948.2,19032
Mouse,ranolazine,41,2597.6,19033
Mouse,ranolazine,41,3247.0,19034
Mouse,ranolazine,41,3896.4,19035
Mouse,ranolazine,41,4545.8,19036
Mouse,ranolazine,41,5195.2,19037
Mouse,ranolazine,41,5844.6,19038
Mouse,sotalol,0,0.0,20979
Mouse,sotalol,0,4896.67,20980
Mouse,sotalol,0,9793.33,20981
Mouse,sotalol,0,14690.0,20982
Mouse,sotalol,0,19586.67,20983
Mouse,sotalol,0,24483.33,20984
Mouse,sotalol,0,29380.0,20985
Mouse,sotalol,0,34276.67,20986
Mouse,sotalol,0,39173.33,20987
Mouse,sotalol,0,44070.0,20988
Mouse,sotalol,2,0.0,20989
Mouse,sotalol,2,4896.67,20990
Mouse,sotalol,2,9793.33,20991
Mouse,sotalol,2,14690.0,20992
Mouse,sotalol,2,19586.67,20993
Mouse,sotalol,2,24483.33,20994
Mouse,sotalol,2,29380.0,20995
Mouse,sotalol,2,34276.67,20996
Mouse,sotalol,2,39173.33,20997
Mouse,sotalol,2,44070.0,20998
Mouse,sotalol,3,0.0,20999
Mouse,sotalol,3,4896.67,21000
Mouse,sotalol,3,9793.33,21001
Mouse,sotalol,3,14690.0,21002
Mouse,sotalol,3,19586.67,21003
Mouse,sotalol,3,24483.33,21004
Mouse,sotalol,3,29380.0,21005
Mouse,sotalol,3,34276.67,21006
Mouse,sotalol,3,39173.33,21007
Mouse,sotalol,3,44070.0,21008
Mouse,sotalol,4,0.0,21009
Mouse,sotalol,4,4896.67,21010
Mouse,sotalol,4,9793.33,21011
Mouse,sotalol,4,14690.0,21012
Mouse,sotalol,4,19586.67,21013
Mouse,sotalol,4,24483.33,21014
Mouse,sotalol,4,29380.0,21015
Mouse,sotalol,4,34276.67,21016
Mouse,sotalol,4,39173.33,21017
Mouse,sotalol,4,44070.0,21018
Mouse,sotalol,5,0.0,21019
Mouse,sotalol,5,4896.67,21020
Mouse,sotalol,5,9793.33,21021
Mouse,sotalol,5,14690.0,21022
Mouse,sotalol,5,19586.67,21023
Mouse,sotalol,5,24483.33,21024
Mouse,sotalol,5,29380.0,21025
Mouse,sotalol,5,34276.67,21026
Mouse,sotalol,5,39173.33,21027
Mouse,sotalol,5,44070.0,21028
Mouse,sotalol,7,0.0,21029
Mouse,sotalol,7,4896.67,21030
Mouse,sotalol,7,9793.33,21031
Mouse,sotalol,7,14690.0,21032
Mouse,sotalol,7,19586.67,21033
Mouse,sotalol,7,24483.33,21034
Mouse,sotalol,7,29380.0,21035
Mouse,sotalol,7,34276.67,21036
Mouse,sotalol,7,39173.33,21037
Mouse,sotalol,7,44070.0,21038
Mouse,sotalol,8,0.0,21039
Mouse,sotalol,8,4896.67,21040
Mouse,sotalol,8,9793.33,21041
Mouse,sotalol,8,14690.0,21042
Mouse,sotalol,8,19586.67,21043
Mouse,sotalol,8,24483.33,21044
Mouse,sotalol,8,29380.0,21045
Mouse,sotalol,8,34276.67,21046
Mouse,sotalol,8,39173.33,21047
Mouse,sotalol,8,44070.0,21048
Mouse,sotalol,10,0.0,21049
Mouse,sotalol,10,4896.67,21050
Mouse,sotalol,10,9793.33,21051
Mouse,sotalol,10,14690.0,21052
Mouse,sotalol,10,19586.67,21053
Mouse,sotalol,10,24483.33,21054
Mouse,sotalol,10,29380.0,21055
Mouse,sotalol,10,34276.67,21056
Mouse,sotalol,10,39173.33,21057
Mouse,sotalol,10,44070.0,21058
Mouse,sotalol,11,0.0,21059
Mouse,sotalol,11,4896.67,21060
Mouse,sotalol,11,9793.33,21061
Mouse,sotalol,11,14690.0,21062
Mouse,sotalol,11,19586.67,21063
Mouse,sotalol,11,24483.33,21064
Mouse,sotalol,11,29380.0,21065
Mouse,sotalol,11,34276.67,21066
Mouse,sotalol,11,39173.33,21067
Mouse,sotalol,11,44070.0,21068
Mouse,sotalol,12,0.0,21069
Mouse,sotalol,12,4896.67,21070
Mouse,sotalol,12,9793.33,21071
Mouse,sotalol,12,14690.0,21072
Mouse,sotalol,12,19586.67,21073
Mouse,sotalol,12,24483.33,21074
Mouse,sotalol,12,29380.0,21075
Mouse,sotalol,12,34276.67,21076
Mouse,sotalol,12,39173.33,21077
Mouse,sotalol,12,44070.0,21078
Mouse,sotalol,13,0.0,21079
Mouse,sotalol,13,4896.67,21080
Mouse,sotalol,13,9793.33,21081
Mouse,sotalol,13,14690.0,21082
Mouse,sotalol,13,19586.67,21083
Mouse,sotalol,13,24483.33,21084
Mouse,sotalol,13,29380.0,21085
Mouse,sotalol,13,34276.67,21086
Mouse,sotalol,13,39173.33,21087
Mouse,sotalol,13,44070.0,21088
Mouse,sotalol,15,0.0,21089
Mouse,sotalol,15,4896.67,21090
Mouse,sotalol,15,9793.33,21091
Mouse,sotalol,15,14690.0,21092
Mouse,sotalol,15,19586.67,21093
Mouse,sotalol,15,24483.33,21094
Mouse,sotalol,15,29380.0,21095
Mouse,sotalol,15,34276.67,21096
Mouse,sotalol,15,39173.33,21097
Mouse,sotalol,15,44070.0,21098
Mouse,sotalol,16,0.0,21099
Mouse,sotalol,16,4896.67,21100
Mouse,sotalol,16,9793.33,21101
Mouse,sotalol,16,14690.0,21102
Mouse,sotalol,16,19586.67,21103
Mouse,sotalol,16,24483.33,21104
Mouse,sotalol,16,29380.0,21105
Mouse,sotalol,16,34276.67,21106
Mouse,sotalol,16,39173.33,21107
Mouse,sotalol,16,44070.0,21108
Mouse,sotalol,17,0.0,21109
Mouse,sotalol,17,4896.67,21110
Mouse,sotalol,17,9793.33,21111
Mouse,sotalol,17,14690.0,21112
Mouse,sotalol,17,19586.67,21113
Mouse,sotalol,17,24483.33,21114
Mouse,sotalol,17,29380.0,21115
Mouse,sotalol,17,34276.67,21116
Mouse,sotalol,17,39173.33,21117
Mouse,sotalol,17,44070.0,21118
Mouse,sotalol,18,0.0,21119
Mouse,sotalol,18,4896.67,21120
Mouse,sotalol,18,9793.33,21121
Mouse,sotalol,18,14690.0,21122
Mouse,sotalol,18,19586.67,21123
Mouse,sotalol,18,24483.33,21124
Mouse,sotalol,18,29380.0,21125
Mouse,sotalol,18,34276.67,21126
Mouse,sotalol,18,39173.33,21127
Mouse,sotalol,18,44070.0,21128
Mouse,sotalol,19,0.0,21129
Mouse,sotalol,19,4896.67,21130
Mouse,sotalol,19,9793.33,21131
Mouse,sotalol,19,14690.0,21132
Mouse,sotalol,19,19586.67,21133
Mouse,sotalol,19,24483.33,21134
Mouse,sotalol,19,29380.0,21135
Mouse,sotalol,19,34276.67,21136
Mouse,sotalol,19,39173.33,21137
Mouse,sotalol,19,44070.0,21138
Mouse,sotalol,20,0.0,21139
Mouse,sotalol,20,4896.67,21140
Mouse,sotalol,20,9793.33,21141
Mouse,sotalol,20,14690.0,21142
Mouse,sotalol,20,19586.67,21143
Mouse,sotalol,20,24483.33,21144
Mouse,sotalol,20,29380.0,21145
Mouse,sotalol,20,34276.67,21146
Mouse,sotalol,20,39173.33,21147
Mouse,sotalol,20,44070.0,21148
Mouse,sotalol,21,0.0,21149
Mouse,sotalol,21,4896.67,21150
Mouse,sotalol,21,9793.33,21151
Mouse,sotalol,21,14690.0,21152
Mouse,sotalol,21,19586.67,21153
Mouse,sotalol,21,24483.33,21154
Mouse,sotalol,21,29380.0,21155
Mouse,sotalol,21,34276.67,21156
Mouse,sotalol,21,39173.33,21157
Mouse,sotalol,21,44070.0,21158
Mouse,sotalol,22,0.0,21159
Mouse,sotalol,22,4896.67,21160
Mouse,sotalol,22,9793.33,21161
Mouse,sotalol,22,14690.0,21162
Mouse,sotalol,22,19586.67,21163
Mouse,sotalol,22,24483.33,21164
Mouse,sotalol,22,29380.0,21165
Mouse,sotalol,22,34276.67,21166
Mouse,sotalol,22,39173.33,21167
Mouse,sotalol,22,44070.0,21168
Mouse,sotalol,24,0.0,21169
Mouse,sotalol,24,4896.67,21170
Mouse,sotalol,24,9793.33,21171
Mouse,sotalol,24,14690.0,21172
Mouse,sotalol,24,19586.67,21173
Mouse,sotalol,24,24483.33,21174
Mouse,sotalol,24,29380.0,21175
Mouse,sotalol,24,34276.67,21176
Mouse,sotalol,24,39173.33,21177
Mouse,sotalol,24,44070.0,21178
Mouse,sotalol,25,0.0,21179
Mouse,sotalol,25,4896.67,21180
Mouse,sotalol,25,9793.33,21181
Mouse,sotalol,25,14690.0,21182
Mouse,sotalol,25,19586.67,21183
Mouse,sotalol,25,24483.33,21184
Mouse,sotalol,25,29380.0,21185
Mouse,sotalol,25,34276.67,21186
Mouse,sotalol,25,39173.33,21187
Mouse,sotalol,25,44070.0,21188
Mouse,sotalol,26,0.0,21189
Mouse,sotalol,26,4896.67,21190
Mouse,sotalol,26,9793.33,21191
Mouse,sotalol,26,14690.0,21192
Mouse,sotalol,26,19586.67,21193
Mouse,sotalol,26,24483.33,21194
Mouse,sotalol,26,29380.0,21195
Mouse,sotalol,26,34276.67,21196
Mouse,sotalol,26,39173.33,21197
Mouse,sotalol,26,44070.0,21198
Mouse,sotalol,27,0.0,21199
Mouse,sotalol,27,4896.67,21200
Mouse,sotalol,27,9793.33,21201
Mouse,sotalol,27,14690.0,21202
Mouse,sotalol,27,19586.67,21203
Mouse,sotalol,27,24483.33,21204
Mouse,sotalol,27,29380.0,21205
Mouse,sotalol,27,34276.67,21206
Mouse,sotalol,27,39173.33,21207
Mouse,sotalol,27,44070.0,21208
Mouse,sotalol,28,0.0,21209
Mouse,sotalol,28,4896.67,21210
Mouse,sotalol,28,9793.33,21211
Mouse,sotalol,28,14690.0,21212
Mouse,sotalol,28,19586.67,21213
Mouse,sotalol,28,24483.33,21214
Mouse,sotalol,28,29380.0,21215
Mouse,sotalol,28,34276.67,21216
Mouse,sotalol,28,39173.33,21217
Mouse,sotalol,28,44070.0,21218
Mouse,sotalol,29,0.0,21219
Mouse,sotalol,29,4896.67,21220
Mouse,sotalol,29,9793.33,21221
Mouse,sotalol,29,14690.0,21222
Mouse,sotalol,29,19586.67,21223
Mouse,sotalol,29,24483.33,21224
Mouse,sotalol,29,29380.0,21225
Mouse,sotalol,29,34276.67,21226
Mouse,sotalol,29,39173.33,21227
Mouse,sotalol,29,44070.0,21228
Mouse,sotalol,30,0.0,21229
Mouse,sotalol,30,4896.67,21230
Mouse,sotalol,30,9793.33,21231
Mouse,sotalol,30,14690.0,21232
Mouse,sotalol,30,19586.67,21233
Mouse,sotalol,30,24483.33,21234
Mouse,sotalol,30,29380.0,21235
Mouse,sotalol,30,34276.67,21236
Mouse,sotalol,30,39173.33,21237
Mouse,sotalol,30,44070.0,21238
Mouse,sotalol,31,0.0,21239
Mouse,sotalol,31,4896.67,21240
Mouse,sotalol,31,9793.33,21241
Mouse,sotalol,31,14690.0,21242
Mouse,sotalol,31,19586.67,21243
Mouse,sotalol,31,24483.33,21244
Mouse,sotalol,31,29380.0,21245
Mouse,sotalol,31,34276.67,21246
Mouse,sotalol,31,39173.33,21247
Mouse,sotalol,31,44070.0,21248
Mouse,sotalol,32,0.0,21249
Mouse,sotalol,32,4896.67,21250
Mouse,sotalol,32,9793.33,21251
Mouse,sotalol,32,14690.0,21252
Mouse,sotalol,32,19586.67,21253
Mouse,sotalol,32,24483.33,21254
Mouse,sotalol,32,29380.0,21255
Mouse,sotalol,32,34276.67,21256
Mouse,sotalol,32,39173.33,21257
Mouse,sotalol,32,44070.0,21258
Mouse,sotalol,33,0.0,21259
Mouse,sotalol,33,4896.67,21260
Mouse,sotalol,33,9793.33,21261
Mouse,sotalol,33,14690.0,21262
Mouse,sotalol,33,19586.67,21263
Mouse,sotalol,33,24483.33,21264
Mouse,sotalol,33,29380.0,21265
Mouse,sotalol,33,34276.67,21266
Mouse,sotalol,33,39173.33,21267
Mouse,sotalol,33,44070.0,21268
Mouse,sotalol,34,0.0,21269
Mouse,sotalol,34,4896.67,21270
Mouse,sotalol,34,9793.33,21271
Mouse,sotalol,34,14690.0,21272
Mouse,sotalol,34,19586.67,21273
Mouse,sotalol,34,24483.33,21274
Mouse,sotalol,34,29380.0,21275
Mouse,sotalol,34,34276.67,21276
Mouse,sotalol,34,39173.33,21277
Mouse,sotalol,34,44070.0,21278
Mouse,sotalol,35,0.0,21279
Mouse,sotalol,35,4896.67,21280
Mouse,sotalol,35,9793.33,21281
Mouse,sotalol,35,14690.0,21282
Mouse,sotalol,35,19586.67,21283
Mouse,sotalol,35,24483.33,21284
Mouse,sotalol,35,29380.0,21285
Mouse,sotalol,35,34276.67,21286
Mouse,sotalol,35,39173.33,21287
Mouse,sotalol,35,44070.0,21288
Mouse,sotalol,36,0.0,21289
Mouse,sotalol,36,4896.67,21290
Mouse,sotalol,36,9793.33,21291
Mouse,sotalol,36,14690.0,21292
Mouse,sotalol,36,19586.67,21293
Mouse,sotalol,36,24483.33,21294
Mouse,sotalol,36,29380.0,21295
Mouse,sotalol,36,34276.67,21296
Mouse,sotalol,36,39173.33,21297
Mouse,sotalol,36,44070.0,21298
Mouse,sotalol,37,0.0,21299
Mouse,sotalol,37,4896.67,21300
Mouse,sotalol,37,9793.33,21301
Mouse,sotalol,37,14690.0,21302
Mouse,sotalol,37,19586.67,21303
Mouse,sotalol,37,24483.33,21304
Mouse,sotalol,37,29380.0,21305
Mouse,sotalol,37,34276.67,21306
Mouse,sotalol,37,39173.33,21307
Mouse,sotalol,37,44070.0,21308
Mouse,sotalol,38,0.0,21309
Mouse,sotalol,38,4896.67,21310
Mouse,sotalol,38,9793.33,21311
Mouse,sotalol,38,14690.0,21312
Mouse,sotalol,38,19586.67,21313
Mouse,sotalol,38,24483.33,21314
Mouse,sotalol,38,29380.0,21315
Mouse,sotalol,38,34276.67,21316
Mouse,sotalol,38,39173.33,21317
Mouse,sotalol,38,44070.0,21318
Mouse,sotalol,40,0.0,21319
Mouse,sotalol,40,4896.67,21320
Mouse,sotalol,40,9793.33,21321
Mouse,sotalol,40,14690.0,21322
Mouse,sotalol,40,19586.67,21323
Mouse,sotalol,40,24483.33,21324
Mouse,sotalol,40,29380.0,21325
Mouse,sotalol,40,34276.67,21326
Mouse,sotalol,40,39173.33,21327
Mouse,sotalol,40,44070.0,21328
Mouse,sotalol,41,0.0,21329
Mouse,sotalol,41,4896.67,21330
Mouse,sotalol,41,9793.33,21331
Mouse,sotalol,41,14690.0,21332
Mouse,sotalol,41,19586.67,21333
Mouse,sotalol,41,24483.33,21334
Mouse,sotalol,41,29380.0,21335
Mouse,sotalol,41,34276.67,21336
Mouse,sotalol,41,39173.33,21337
Mouse,sotalol,41,44070.0,21338
Mouse,terfenadine,0,0.0,23249
Mouse,terfenadine,0,1.33,23250
Mouse,terfenadine,0,2.67,23251
Mouse,terfenadine,0,4.0,23252
Mouse,terfenadine,0,5.33,23253
Mouse,terfenadine,0,6.67,23254
Mouse,terfenadine,0,8.0,23255
Mouse,terfenadine,0,9.33,23256
Mouse,terfenadine,0,10.67,23257
Mouse,terfenadine,0,12.0,23258
Mouse,terfenadine,1,0.0,23259
Mouse,terfenadine,1,1.33,23260
Mouse,terfenadine,1,2.67,23261
Mouse,terfenadine,1,4.0,23262
Mouse,terfenadine,1,5.33,23263
Mouse,terfenadine,1,6.67,23264
Mouse,terfenadine,1,8.0,23265
Mouse,terfenadine,1,9.33,23266
Mouse,terfenadine,1,10.67,23267
Mouse,terfenadine,1,12.0,23268
Mouse,terfenadine,2,0.0,23269
Mouse,terfenadine,2,1.33,23270
Mouse,terfenadine,2,2.67,23271
Mouse,terfenadine,2,4.0,23272
Mouse,terfenadine,2,5.33,23273
Mouse,terfenadine,2,6.67,23274
Mouse,terfenadine,2,8.0,23275
Mouse,terfenadine,2,9.33,23276
Mouse,terfenadine,2,10.67,23277
Mouse,terfenadine,2,12.0,23278
Mouse,terfenadine,3,0.0,23279
Mouse,terfenadine,3,1.33,23280
Mouse,terfenadine,3,2.67,23281
Mouse,terfenadine,3,4.0,23282
Mouse,terfenadine,3,5.33,23283
Mouse,terfenadine,3,6.67,23284
Mouse,terfenadine,3,8.0,23285
Mouse,terfenadine,3,9.33,23286
Mouse,terfenadine,3,10.67,23287
Mouse,terfenadine,3,12.0,23288
Mouse,terfenadine,4,0.0,23289
Mouse,terfenadine,4,1.33,23290
Mouse,terfenadine,4,2.67,23291
Mouse,terfenadine,4,4.0,23292
Mouse,terfenadine,4,5.33,23293
Mouse,terfenadine,4,6.67,23294
Mouse,terfenadine,4,8.0,23295
Mouse,terfenadine,4,9.33,23296
Mouse,terfenadine,4,10.67,23297
Mouse,terfenadine,4,12.0,23298
Mouse,terfenadine,5,0.0,23299
Mouse,terfenadine,5,1.33,23300
Mouse,terfenadine,5,2.67,23301
Mouse,terfenadine,5,4.0,23302
Mouse,terfenadine,5,5.33,23303
Mouse,terfenadine,5,6.67,23304
Mouse,terfenadine,5,8.0,23305
Mouse,terfenadine,5,9.33,23306
Mouse,terfenadine,5,10.67,23307
Mouse,terfenadine,5,12.0,23308
Mouse,terfenadine,7,0.0,23309
Mouse,terfenadine,7,1.33,23310
Mouse,terfenadine,7,2.67,23311
Mouse,terfenadine,7,4.0,23312
Mouse,terfenadine,7,5.33,23313
Mouse,terfenadine,7,6.67,23314
Mouse,terfenadine,7,8.0,23315
Mouse,terfenadine,7,9.33,23316
Mouse,terfenadine,7,10.67,23317
Mouse,terfenadine,7,12.0,23318
Mouse,terfenadine,8,0.0,23319
Mouse,terfenadine,8,1.33,23320
Mouse,terfenadine,8,2.67,23321
Mouse,terfenadine,8,4.0,23322
Mouse,terfenadine,8,5.33,23323
Mouse,terfenadine,8,6.67,23324
Mouse,terfenadine,8,8.0,23325
Mouse,terfenadine,8,9.33,23326
Mouse,terfenadine,8,10.67,23327
Mouse,terfenadine,8,12.0,23328
Mouse,terfenadine,10,0.0,23329
Mouse,terfenadine,10,1.33,23330
Mouse,terfenadine,10,2.67,23331
Mouse,terfenadine,10,4.0,23332
Mouse,terfenadine,10,5.33,23333
Mouse,terfenadine,10,6.67,23334
Mouse,terfenadine,10,8.0,23335
Mouse,terfenadine,10,9.33,23336
Mouse,terfenadine,10,10.67,23337
Mouse,terfenadine,10,12.0,23338
Mouse,terfenadine,11,0.0,23339
Mouse,terfenadine,11,1.33,23340
Mouse,terfenadine,11,2.67,23341
Mouse,terfenadine,11,4.0,23342
Mouse,terfenadine,11,5.33,23343
Mouse,terfenadine,11,6.67,23344
Mouse,terfenadine,11,8.0,23345
Mouse,terfenadine,11,9.33,23346
Mouse,terfenadine,11,10.67,23347
Mouse,terfenadine,11,12.0,23348
Mouse,terfenadine,13,0.0,23349
Mouse,terfenadine,13,1.33,23350
Mouse,terfenadine,13,2.67,23351
Mouse,terfenadine,13,4.0,23352
Mouse,terfenadine,13,5.33,23353
Mouse,terfenadine,13,6.67,23354
Mouse,terfenadine,13,8.0,23355
Mouse,terfenadine,13,9.33,23356
Mouse,terfenadine,13,10.67,23357
Mouse,terfenadine,13,12.0,23358
Mouse,terfenadine,15,0.0,23359
Mouse,terfenadine,15,1.33,23360
Mouse,terfenadine,15,2.67,23361
Mouse,terfenadine,15,4.0,23362
Mouse,terfenadine,15,5.33,23363
Mouse,terfenadine,15,6.67,23364
Mouse,terfenadine,15,8.0,23365
Mouse,terfenadine,15,9.33,23366
Mouse,terfenadine,15,10.67,23367
Mouse,terfenadine,15,12.0,23368
Mouse,terfenadine,16,0.0,23369
Mouse,terfenadine,16,1.33,23370
Mouse,terfenadine,16,2.67,23371
Mouse,terfenadine,16,4.0,23372
Mouse,terfenadine,16,5.33,23373
Mouse,terfenadine,16,6.67,23374
Mouse,terfenadine,16,8.0,23375
Mouse,terfenadine,16,9.33,23376
Mouse,terfenadine,16,10.67,23377
Mouse,terfenadine,16,12.0,23378
Mouse,terfenadine,17,0.0,23379
Mouse,terfenadine,17,1.33,23380
Mouse,terfenadine,17,2.67,23381
Mouse,terfenadine,17,4.0,23382
Mouse,terfenadine,17,5.33,23383
Mouse,terfenadine,17,6.67,23384
Mouse,terfenadine,17,8.0,23385
Mouse,terfenadine,17,9.33,23386
Mouse,terfenadine,17,10.67,23387
Mouse,terfenadine,17,12.0,23388
Mouse,terfenadine,18,0.0,23389
Mouse,terfenadine,18,1.33,23390
Mouse,terfenadine,18,2.67,23391
Mouse,terfenadine,18,4.0,23392
Mouse,terfenadine,18,5.33,23393
Mouse,terfenadine,18,6.67,23394
Mouse,terfenadine,18,8.0,23395
Mouse,terfenadine,18,9.33,23396
Mouse,terfenadine,18,10.67,23397
Mouse,terfenadine,18,12.0,23398
Mouse,terfenadine,20,0.0,23399
Mouse,terfenadine,20,1.33,23400
Mouse,terfenadine,20,2.67,23401
Mouse,terfenadine,20,4.0,23402
Mouse,terfenadine,20,5.33,23403
Mouse,terfenadine,20,6.67,23404
Mouse,terfenadine,20,8.0,23405
Mouse,terfenadine,20,9.33,23406
Mouse,terfenadine,20,10.67,23407
Mouse,terfenadine,20,12.0,23408
Mouse,terfenadine,21,0.0,23409
Mouse,terfenadine,21,1.33,23410
Mouse,terfenadine,21,2.67,23411
Mouse,terfenadine,21,4.0,23412
Mouse,terfenadine,21,5.33,23413
Mouse,terfenadine,21,6.67,23414
Mouse,terfenadine,21,8.0,23415
Mouse,terfenadine,21,9.33,23416
Mouse,terfenadine,21,10.67,23417
Mouse,terfenadine,21,12.0,23418
Mouse,terfenadine,22,0.0,23419
Mouse,terfenadine,22,1.33,23420
Mouse,terfenadine,22,2.67,23421
Mouse,terfenadine,22,4.0,23422
Mouse,terfenadine,22,5.33,23423
Mouse,terfenadine,22,6.67,23424
Mouse,terfenadine,22,8.0,23425
Mouse,terfenadine,22,9.33,23426
Mouse,terfenadine,22,10.67,23427
Mouse,terfenadine,22,12.0,23428
Mouse,terfenadine,24,0.0,23429
Mouse,terfenadine,24,1.33,23430
Mouse,terfenadine,24,2.67,23431
Mouse,terfenadine,24,4.0,23432
Mouse,terfenadine,24,5.33,23433
Mouse,terfenadine,24,6.67,23434
Mouse,terfenadine,24,8.0,23435
Mouse,terfenadine,24,9.33,23436
Mouse,terfenadine,24,10.67,23437
Mouse,terfenadine,24,12.0,23438
Mouse,terfenadine,25,0.0,23439
Mouse,terfenadine,25,1.33,23440
Mouse,terfenadine,25,2.67,23441
Mouse,terfenadine,25,4.0,23442
Mouse,terfenadine,25,5.33,23443
Mouse,terfenadine,25,6.67,23444
Mouse,terfenadine,25,8.0,23445
Mouse,terfenadine,25,9.33,23446
Mouse,terfenadine,25,10.67,23447
Mouse,terfenadine,25,12.0,23448
Mouse,terfenadine,26,0.0,23449
Mouse,terfenadine,26,1.33,23450
Mouse,terfenadine,26,2.67,23451
Mouse,terfenadine,26,4.0,23452
Mouse,terfenadine,26,5.33,23453
Mouse,terfenadine,26,6.67,23454
Mouse,terfenadine,26,8.0,23455
Mouse,terfenadine,26,9.33,23456
Mouse,terfenadine,26,10.67,23457
Mouse,terfenadine,26,12.0,23458
Mouse,terfenadine,27,0.0,23459
Mouse,terfenadine,27,1.33,23460
Mouse,terfenadine,27,2.67,23461
Mouse,terfenadine,27,4.0,23462
Mouse,terfenadine,27,5.33,23463
Mouse,terfenadine,27,6.67,23464
Mouse,terfenadine,27,8.0,23465
Mouse,terfenadine,27,9.33,23466
Mouse,terfenadine,27,10.67,23467
Mouse,terfenadine,27,12.0,23468
Mouse,terfenadine,28,0.0,23469
Mouse,terfenadine,28,1.33,23470
Mouse,terfenadine,28,2.67,23471
Mouse,terfenadine,28,4.0,23472
Mouse,terfenadine,28,5.33,23473
Mouse,terfenadine,28,6.67,23474
Mouse,terfenadine,28,8.0,23475
Mouse,terfenadine,28,9.33,23476
Mouse,terfenadine,28,10.67,23477
Mouse,terfenadine,28,12.0,23478
Mouse,terfenadine,29,0.0,23479
Mouse,terfenadine,29,1.33,23480
Mouse,terfenadine,29,2.67,23481
Mouse,terfenadine,29,4.0,23482
Mouse,terfenadine,29,5.33,23483
Mouse,terfenadine,29,6.67,23484
Mouse,terfenadine,29,8.0,23485
Mouse,terfenadine,29,9.33,23486
Mouse,terfenadine,29,10.67,23487
Mouse,terfenadine,29,12.0,23488
Mouse,terfenadine,30,0.0,23489
Mouse,terfenadine,30,1.33,23490
Mouse,terfenadine,30,2.67,23491
Mouse,terfenadine,30,4.0,23492
Mouse,terfenadine,30,5.33,23493
Mouse,terfenadine,30,6.67,23494
Mouse,terfenadine,30,8.0,23495
Mouse,terfenadine,30,9.33,23496
Mouse,terfenadine,30,10.67,23497
Mouse,terfenadine,30,12.0,23498
Mouse,terfenadine,31,0.0,23499
Mouse,terfenadine,31,1.33,23500
Mouse,terfenadine,31,2.67,23501
Mouse,terfenadine,31,4.0,23502
Mouse,terfenadine,31,5.33,23503
Mouse,terfenadine,31,6.67,23504
Mouse,terfenadine,31,8.0,23505
Mouse,terfenadine,31,9.33,23506
Mouse,terfenadine,31,10.67,23507
Mouse,terfenadine,31,12.0,23508
Mouse,terfenadine,32,0.0,23509
Mouse,terfenadine,32,1.33,23510
Mouse,terfenadine,32,2.67,23511
Mouse,terfenadine,32,4.0,23512
Mouse,terfenadine,32,5.33,23513
Mouse,terfenadine,32,6.67,23514
Mouse,terfenadine,32,8.0,23515
Mouse,terfenadine,32,9.33,23516
Mouse,terfenadine,32,10.67,23517
Mouse,terfenadine,32,12.0,23518
Mouse,terfenadine,33,0.0,23519
Mouse,terfenadine,33,1.33,23520
Mouse,terfenadine,33,2.67,23521
Mouse,terfenadine,33,4.0,23522
Mouse,terfenadine,33,5.33,23523
Mouse,terfenadine,33,6.67,23524
Mouse,terfenadine,33,8.0,23525
Mouse,terfenadine,33,9.33,23526
Mouse,terfenadine,33,10.67,23527
Mouse,terfenadine,33,12.0,23528
Mouse,terfenadine,34,0.0,23529
Mouse,terfenadine,34,1.33,23530
Mouse,terfenadine,34,2.67,23531
Mouse,terfenadine,34,4.0,23532
Mouse,terfenadine,34,5.33,23533
Mouse,terfenadine,34,6.67,23534
Mouse,terfenadine,34,8.0,23535
Mouse,terfenadine,34,9.33,23536
Mouse,terfenadine,34,10.67,23537
Mouse,terfenadine,34,12.0,23538
Mouse,terfenadine,35,0.0,23539
Mouse,terfenadine,35,1.33,23540
Mouse,terfenadine,35,2.67,23541
Mouse,terfenadine,35,4.0,23542
Mouse,terfenadine,35,5.33,23543
Mouse,terfenadine,35,6.67,23544
Mouse,terfenadine,35,8.0,23545
Mouse,terfenadine,35,9.33,23546
Mouse,terfenadine,35,10.67,23547
Mouse,terfenadine,35,12.0,23548
Mouse,terfenadine,36,0.0,23549
Mouse,terfenadine,36,1.33,23550
Mouse,terfenadine,36,2.67,23551
Mouse,terfenadine,36,4.0,23552
Mouse,terfenadine,36,5.33,23553
Mouse,terfenadine,36,6.67,23554
Mouse,terfenadine,36,8.0,23555
Mouse,terfenadine,36,9.33,23556
Mouse,terfenadine,36,10.67,23557
Mouse,terfenadine,36,12.0,23558
Mouse,terfenadine,37,0.0,23559
Mouse,terfenadine,37,1.33,23560
Mouse,terfenadine,37,2.67,23561
Mouse,terfenadine,37,4.0,23562
Mouse,terfenadine,37,5.33,23563
Mouse,terfenadine,37,6.67,23564
Mouse,terfenadine,37,8.0,23565
Mouse,terfenadine,37,9.33,23566
Mouse,terfenadine,37,10.67,23567
Mouse,terfenadine,37,12.0,23568
Mouse,terfenadine,38,0.0,23569
Mouse,terfenadine,38,1.33,23570
Mouse,terfenadine,38,2.67,23571
Mouse,terfenadine,38,4.0,23572
Mouse,terfenadine,38,5.33,23573
Mouse,terfenadine,38,6.67,23574
Mouse,terfenadine,38,8.0,23575
Mouse,terfenadine,38,9.33,23576
Mouse,terfenadine,38,10.67,23577
Mouse,terfenadine,38,12.0,23578
Mouse,terfenadine,39,0.0,23579
Mouse,terfenadine,39,1.33,23580
Mouse,terfenadine,39,2.67,23581
Mouse,terfenadine,39,4.0,23582
Mouse,terfenadine,39,5.33,23583
Mouse,terfenadine,39,6.67,23584
Mouse,terfenadine,39,8.0,23585
Mouse,terfenadine,39,9.33,23586
Mouse,terfenadine,39,10.67,23587
Mouse,terfenadine,39,12.0,23588
Mouse,terfenadine,40,0.0,23589
Mouse,terfenadine,40,1.33,23590
Mouse,terfenadine,40,2.67,23591
Mouse,terfenadine,40,4.0,23592
Mouse,terfenadine,40,5.33,23593
Mouse,terfenadine,40,6.67,23594
Mouse,terfenadine,40,8.0,23595
Mouse,terfenadine,40,9.33,23596
Mouse,terfenadine,40,10.67,23597
Mouse,terfenadine,40,12.0,23598
Mouse,terfenadine,41,0.0,23599
Mouse,terfenadine,41,1.33,23600
Mouse,terfenadine,41,2.67,23601
Mouse,terfenadine,41,4.0,23602
Mouse,terfenadine,41,5.33,23603
Mouse,terfenadine,41,6.67,23604
Mouse,terfenadine,41,8.0,23605
Mouse,terfenadine,41,9.33,23606
Mouse,terfenadine,41,10.67,23607
Mouse,terfenadine,41,12.0,23608
Mouse,verapamil,0,0.0,25539
Mouse,verapamil,0,27.0,25540
Mouse,verapamil,0,54.0,25541
Mouse,verapamil,0,81.0,25542
Mouse,verapamil,0,108.0,25543
Mouse,verapamil,0,135.0,25544
Mouse,verapamil,0,162.0,25545
Mouse,verapamil,0,189.0,25546
Mouse,verapamil,0,216.0,25547
Mouse,verapamil,0,243.0,25548
Mouse,verapamil,1,0.0,25549
Mouse,verapamil,1,27.0,25550
Mouse,verapamil,1,54.0,25551
Mouse,verapamil,1,81.0,25552
Mouse,verapamil,1,108.0,25553
Mouse,verapamil,1,135.0,25554
Mouse,verapamil,1,162.0,25555
Mouse,verapamil,1,189.0,25556
Mouse,verapamil,1,216.0,25557
Mouse,verapamil,1,243.0,25558
Mouse,verapamil,3,0.0,25559
Mouse,verapamil,3,27.0,25560
Mouse,verapamil,3,54.0,25561
Mouse,verapamil,3,81.0,25562
Mouse,verapamil,3,108.0,25563
Mouse,verapamil,3,135.0,25564
Mouse,verapamil,3,162.0,25565
Mouse,verapamil,3,189.0,25566
Mouse,verapamil,3,216.0,25567
Mouse,verapamil,3,243.0,25568
Mouse,verapamil,4,0.0,25569
Mouse,verapamil,4,27.0,25570
Mouse,verapamil,4,54.0,25571
Mouse,verapamil,4,81.0,25572
Mouse,verapamil,4,108.0,25573
Mouse,verapamil,4,135.0,25574
Mouse,verapamil,4,162.0,25575
Mouse,verapamil,4,189.0,25576
Mouse,verapamil,4,216.0,25577
Mouse,verapamil,4,243.0,25578
Mouse,verapamil,5,0.0,25579
Mouse,verapamil,5,27.0,25580
Mouse,verapamil,5,54.0,25581
Mouse,verapamil,5,81.0,25582
Mouse,verapamil,5,108.0,25583
Mouse,verapamil,5,135.0,25584
Mouse,verapamil,5,162.0,25585
Mouse,verapamil,5,189.0,25586
Mouse,verapamil,5,216.0,25587
Mouse,verapamil,5,243.0,25588
Mouse,verapamil,7,0.0,25589
Mouse,verapamil,7,27.0,25590
Mouse,verapamil,7,54.0,25591
Mouse,verapamil,7,81.0,25592
Mouse,verapamil,7,108.0,25593
Mouse,verapamil,7,135.0,25594
Mouse,verapamil,7,162.0,25595
Mouse,verapamil,7,189.0,25596
Mouse,verapamil,7,216.0,25597
Mouse,verapamil,7,243.0,25598
Mouse,verapamil,8,0.0,25599
Mouse,verapamil,8,27.0,25600
Mouse,verapamil,8,54.0,25601
Mouse,verapamil,8,81.0,25602
Mouse,verapamil,8,108.0,25603
Mouse,verapamil,8,135.0,25604
Mouse,verapamil,8,162.0,25605
Mouse,verapamil,8,189.0,25606
Mouse,verapamil,8,216.0,25607
Mouse,verapamil,8,243.0,25608
Mouse,verapamil,9,0.0,25609
Mouse,verapamil,9,27.0,25610
Mouse,verapamil,9,54.0,25611
Mouse,verapamil,9,81.0,25612
Mouse,verapamil,9,108.0,25613
Mouse,verapamil,9,135.0,25614
Mouse,verapamil,9,162.0,25615
Mouse,verapamil,9,189.0,25616
Mouse,verapamil,9,216.0,25617
Mouse,verapamil,9,243.0,25618
Mouse,verapamil,10,0.0,25619
Mouse,verapamil,10,27.0,25620
Mouse,verapamil,10,54.0,25621
Mouse,verapamil,10,81.0,25622
Mouse,verapamil,10,108.0,25623
Mouse,verapamil,10,135.0,25624
Mouse,verapamil,10,162.0,25625
Mouse,verapamil,10,189.0,25626
Mouse,verapamil,10,216.0,25627
Mouse,verapamil,10,243.0,25628
Mouse,verapamil,12,0.0,25629
Mouse,verapamil,12,27.0,25630
Mouse,verapamil,12,54.0,25631
Mouse,verapamil,12,81.0,25632
Mouse,verapamil,12,108.0,25633
Mouse,verapamil,12,135.0,25634
Mouse,verapamil,12,162.0,25635
Mouse,verapamil,12,189.0,25636
Mouse,verapamil,12,216.0,25637
Mouse,verapamil,12,243.0,25638
Mouse,verapamil,13,0.0,25639
Mouse,verapamil,13,27.0,25640
Mouse,verapamil,13,54.0,25641
Mouse,verapamil,13,81.0,25642
Mouse,verapamil,13,108.0,25643
Mouse,verapamil,13,135.0,25644
Mouse,verapamil,13,162.0,25645
Mouse,verapamil,13,189.0,25646
Mouse,verapamil,13,216.0,25647
Mouse,verapamil,13,243.0,25648
Mouse,verapamil,14,0.0,25649
Mouse,verapamil,14,27.0,25650
Mouse,verapamil,14,54.0,25651
Mouse,verapamil,14,81.0,25652
Mouse,verapamil,14,108.0,25653
Mouse,verapamil,14,135.0,25654
Mouse,verapamil,14,162.0,25655
Mouse,verapamil,14,189.0,25656
Mouse,verapamil,14,216.0,25657
Mouse,verapamil,14,243.0,25658
Mouse,verapamil,15,0.0,25659
Mouse,verapamil,15,27.0,25660
Mouse,verapamil,15,54.0,25661
Mouse,verapamil,15,81.0,25662
Mouse,verapamil,15,108.0,25663
Mouse,verapamil,15,135.0,25664
Mouse,verapamil,15,162.0,25665
Mouse,verapamil,15,189.0,25666
Mouse,verapamil,15,216.0,25667
Mouse,verapamil,15,243.0,25668
Mouse,verapamil,16,0.0,25669
Mouse,verapamil,16,27.0,25670
Mouse,verapamil,16,54.0,25671
Mouse,verapamil,16,81.0,25672
Mouse,verapamil,16,108.0,25673
Mouse,verapamil,16,135.0,25674
Mouse,verapamil,16,162.0,25675
Mouse,verapamil,16,189.0,25676
Mouse,verapamil,16,216.0,25677
Mouse,verapamil,16,243.0,25678
Mouse,verapamil,17,0.0,25679
Mouse,verapamil,17,27.0,25680
Mouse,verapamil,17,54.0,25681
Mouse,verapamil,17,81.0,25682
Mouse,verapamil,17,108.0,25683
Mouse,verapamil,17,135.0,25684
Mouse,verapamil,17,162.0,25685
Mouse,verapamil,17,189.0,25686
Mouse,verapamil,17,216.0,25687
Mouse,verapamil,17,243.0,25688
Mouse,verapamil,18,0.0,25689
Mouse,verapamil,18,27.0,25690
Mouse,verapamil,18,54.0,25691
Mouse,verapamil,18,81.0,25692
Mouse,verapamil,18,108.0,25693
Mouse,verapamil,18,135.0,25694
Mouse,verapamil,18,162.0,25695
Mouse,verapamil,18,189.0,25696
Mouse,verapamil,18,216.0,25697
Mouse,verapamil,18,243.0,25698
Mouse,verapamil,19,0.0,25699
Mouse,verapamil,19,27.0,25700
Mouse,verapamil,19,54.0,25701
Mouse,verapamil,19,81.0,25702
Mouse,verapamil,19,108.0,25703
Mouse,verapamil,19,135.0,25704
Mouse,verapamil,19,162.0,25705
Mouse,verapamil,19,189.0,25706
Mouse,verapamil,19,216.0,25707
Mouse,verapamil,19,243.0,25708
Mouse,verapamil,20,0.0,25709
Mouse,verapamil,20,27.0,25710
Mouse,verapamil,20,54.0,25711
Mouse,verapamil,20,81.0,25712
Mouse,verapamil,20,108.0,25713
Mouse,verapamil,20,135.0,25714
Mouse,verapamil,20,162.0,25715
Mouse,verapamil,20,189.0,25716
Mouse,verapamil,20,216.0,25717
Mouse,verapamil,20,243.0,25718
Mouse,verapamil,21,0.0,25719
Mouse,verapamil,21,27.0,25720
Mouse,verapamil,21,54.0,25721
Mouse,verapamil,21,81.0,25722
Mouse,verapamil,21,108.0,25723
Mouse,verapamil,21,135.0,25724
Mouse,verapamil,21,162.0,25725
Mouse,verapamil,21,189.0,25726
Mouse,verapamil,21,216.0,25727
Mouse,verapamil,21,243.0,25728
Mouse,verapamil,22,0.0,25729
Mouse,verapamil,22,27.0,25730
Mouse,verapamil,22,54.0,25731
Mouse,verapamil,22,81.0,25732
Mouse,verapamil,22,108.0,25733
Mouse,verapamil,22,135.0,25734
Mouse,verapamil,22,162.0,25735
Mouse,verapamil,22,189.0,25736
Mouse,verapamil,22,216.0,25737
Mouse,verapamil,22,243.0,25738
Mouse,verapamil,24,0.0,25739
Mouse,verapamil,24,27.0,25740
Mouse,verapamil,24,54.0,25741
Mouse,verapamil,24,81.0,25742
Mouse,verapamil,24,108.0,25743
Mouse,verapamil,24,135.0,25744
Mouse,verapamil,24,162.0,25745
Mouse,verapamil,24,189.0,25746
Mouse,verapamil,24,216.0,25747
Mouse,verapamil,24,243.0,25748
Mouse,verapamil,25,0.0,25749
Mouse,verapamil,25,27.0,25750
Mouse,verapamil,25,54.0,25751
Mouse,verapamil,25,81.0,25752
Mouse,verapamil,25,108.0,25753
Mouse,verapamil,25,135.0,25754
Mouse,verapamil,25,162.0,25755
Mouse,verapamil,25,189.0,25756
Mouse,verapamil,25,216.0,25757
Mouse,verapamil,25,243.0,25758
Mouse,verapamil,26,0.0,25759
Mouse,verapamil,26,27.0,25760
Mouse,verapamil,26,54.0,25761
Mouse,verapamil,26,81.0,25762
Mouse,verapamil,26,108.0,25763
Mouse,verapamil,26,135.0,25764
Mouse,verapamil,26,162.0,25765
Mouse,verapamil,26,189.0,25766
Mouse,verapamil,26,216.0,25767
Mouse,verapamil,26,243.0,25768
Mouse,verapamil,27,0.0,25769
Mouse,verapamil,27,27.0,25770
Mouse,verapamil,27,54.0,25771
Mouse,verapamil,27,81.0,25772
Mouse,verapamil,27,108.0,25773
Mouse,verapamil,27,135.0,25774
Mouse,verapamil,27,162.0,25775
Mouse,verapamil,27,189.0,25776
Mouse,verapamil,27,216.0,25777
Mouse,verapamil,27,243.0,25778
Mouse,verapamil,28,0.0,25779
Mouse,verapamil,28,27.0,25780
Mouse,verapamil,28,54.0,25781
Mouse,verapamil,28,81.0,25782
Mouse,verapamil,28,108.0,25783
Mouse,verapamil,28,135.0,25784
Mouse,verapamil,28,162.0,25785
Mouse,verapamil,28,189.0,25786
Mouse,verapamil,28,216.0,25787
Mouse,verapamil,28,243.0,25788
Mouse,verapamil,29,0.0,25789
Mouse,verapamil,29,27.0,25790
Mouse,verapamil,29,54.0,25791
Mouse,verapamil,29,81.0,25792
Mouse,verapamil,29,108.0,25793
Mouse,verapamil,29,135.0,25794
Mouse,verapamil,29,162.0,25795
Mouse,verapamil,29,189.0,25796
Mouse,verapamil,29,216.0,25797
Mouse,verapamil,29,243.0,25798
Mouse,verapamil,30,0.0,25799
Mouse,verapamil,30,27.0,25800
Mouse,verapamil,30,54.0,25801
Mouse,verapamil,30,81.0,25802
Mouse,verapamil,30,108.0,25803
Mouse,verapamil,30,135.0,25804
Mouse,verapamil,30,162.0,25805
Mouse,verapamil,30,189.0,25806
Mouse,verapamil,30,216.0,25807
Mouse,verapamil,30,243.0,25808
Mouse,verapamil,31,0.0,25809
Mouse,verapamil,31,27.0,25810
Mouse,verapamil,31,54.0,25811
Mouse,verapamil,31,81.0,25812
Mouse,verapamil,31,108.0,25813
Mouse,verapamil,31,135.0,25814
Mouse,verapamil,31,162.0,25815
Mouse,verapamil,31,189.0,25816
Mouse,verapamil,31,216.0,25817
Mouse,verapamil,31,243.0,25818
Mouse,verapamil,32,0.0,25819
Mouse,verapamil,32,27.0,25820
Mouse,verapamil,32,54.0,25821
Mouse,verapamil,32,81.0,25822
Mouse,verapamil,32,108.0,25823
Mouse,verapamil,32,135.0,25824
Mouse,verapamil,32,162.0,25825
Mouse,verapamil,32,189.0,25826
Mouse,verapamil,32,216.0,25827
Mouse,verapamil,32,243.0,25828
Mouse,verapamil,33,0.0,25829
Mouse,verapamil,33,27.0,25830
Mouse,verapamil,33,54.0,25831
Mouse,verapamil,33,81.0,25832
Mouse,verapamil,33,108.0,25833
Mouse,verapamil,33,135.0,25834
Mouse,verapamil,33,162.0,25835
Mouse,verapamil,33,189.0,25836
Mouse,verapamil,33,216.0,25837
Mouse,verapamil,33,243.0,25838
Mouse,verapamil,34,0.0,25839
Mouse,verapamil,34,27.0,25840
Mouse,verapamil,34,54.0,25841
Mouse,verapamil,34,81.0,25842
Mouse,verapamil,34,108.0,25843
Mouse,verapamil,34,135.0,25844
Mouse,verapamil,34,162.0,25845
Mouse,verapamil,34,189.0,25846
Mouse,verapamil,34,216.0,25847
Mouse,verapamil,34,243.0,25848
Mouse,verapamil,35,0.0,25849
Mouse,verapamil,35,27.0,25850
Mouse,verapamil,35,54.0,25851
Mouse,verapamil,35,81.0,25852
Mouse,verapamil,35,108.0,25853
Mouse,verapamil,35,135.0,25854
Mouse,verapamil,35,162.0,25855
Mouse,verapamil,35,189.0,25856
Mouse,verapamil,35,216.0,25857
Mouse,verapamil,35,243.0,25858
Mouse,verapamil,36,0.0,25859
Mouse,verapamil,36,27.0,25860
Mouse,verapamil,36,54.0,25861
Mouse,verapamil,36,81.0,25862
Mouse,verapamil,36,108.0,25863
Mouse,verapamil,36,135.0,25864
Mouse,verapamil,36,162.0,25865
Mouse,verapamil,36,189.0,25866
Mouse,verapamil,36,216.0,25867
Mouse,verapamil,36,243.0,25868
Mouse,verapamil,38,0.0,25869
Mouse,verapamil,38,27.0,25870
Mouse,verapamil,38,54.0,25871
Mouse,verapamil,38,81.0,25872
Mouse,verapamil,38,108.0,25873
Mouse,verapamil,38,135.0,25874
Mouse,verapamil,38,162.0,25875
Mouse,verapamil,38,189.0,25876
Mouse,verapamil,38,216.0,25877
Mouse,verapamil,38,243.0,25878
Mouse,verapamil,41,0.0,25879
Mouse,verapamil,41,27.0,25880
Mouse,verapamil,41,54.0,25881
Mouse,verapamil,41,81.0,25882
Mouse,verapamil,41,108.0,25883
Mouse,verapamil,41,135.0,25884
Mouse,verapamil,41,162.0,25885
Mouse,verapamil,41,189.0,25886
Mouse,verapamil,41,216.0,25887
Mouse,verapamil,41,243.0,25888
Pig,bepridil,0,0.0,860
Pig,bepridil,0,11.0,861
Pig,bepridil,0,22.0,862
Pig,bepridil,0,33.0,863
Pig,bepridil,0,44.0,864
Pig,bepridil,0,55.0,865
Pig,bepridil,0,66.0,866
Pig,bepridil,0,77.0,867
Pig,bepridil,0,88.0,868
Pig,bepridil,0,99.0,869
Pig,bepridil,1,0.0,870
Pig,bepridil,1,11.0,871
Pig,bepridil,1,22.0,872
Pig,bepridil,1,33.0,873
Pig,bepridil,1,44.0,874
Pig,bepridil,1,55.0,875
Pig,bepridil,1,66.0,876
Pig,bepridil,1,77.0,877
Pig,bepridil,1,88.0,878
Pig,bepridil,1,99.0,879
Pig,bepridil,2,0.0,880
Pig,bepridil,2,11.0,881
Pig,bepridil,2,22.0,882
Pig,bepridil,2,33.0,883
Pig,bepridil,2,44.0,884
Pig,bepridil,2,55.0,885
Pig,bepridil,2,66.0,886
Pig,bepridil,2,77.0,887
Pig,bepridil,2,88.0,888
Pig,bepridil,2,99.0,889
Pig,bepridil,3,0.0,890
Pig,bepridil,3,11.0,891
Pig,bepridil,3,22.0,892
Pig,bepridil,3,33.0,893
Pig,bepridil,3,44.0,894
Pig,bepridil,3,55.0,895
Pig,bepridil,3,66.0,896
Pig,bepridil,3,77.0,897
Pig,bepridil,3,88.0,898
Pig,bepridil,3,99.0,899
Pig,bepridil,4,0.0,900
Pig,bepridil,4,11.0,901
Pig,bepridil,4,22.0,902
Pig,bepridil,4,33.0,903
Pig,bepridil,4,44.0,904
Pig,bepridil,4,55.0,905
Pig,bepridil,4,66.0,906
Pig,bepridil,4,77.0,907
Pig,bepridil,4,88.0,908
Pig,bepridil,4,99.0,909
Pig,bepridil,5,0.0,910
Pig,bepridil,5,11.0,911
Pig,bepridil,5,22.0,912
Pig,bepridil,5,33.0,913
Pig,bepridil,5,44.0,914
Pig,bepridil,5,55.0,915
Pig,bepridil,5,66.0,916
Pig,bepridil,5,77.0,917
Pig,bepridil,5,88.0,918
Pig,bepridil,5,99.0,919
Pig,bepridil,6,0.0,920
Pig,bepridil,6,11.0,921
Pig,bepridil,6,22.0,922
Pig,bepridil,6,33.0,923
Pig,bepridil,6,44.0,924
Pig,bepridil,6,55.0,925
Pig,bepridil,6,66.0,926
Pig,bepridil,6,77.0,927
Pig,bepridil,6,88.0,928
Pig,bepridil,6,99.0,929
Pig,bepridil,7,0.0,930
Pig,bepridil,7,11.0,931
Pig,bepridil,7,22.0,932
Pig,bepridil,7,33.0,933
Pig,bepridil,7,44.0,934
Pig,bepridil,7,55.0,935
Pig,bepridil,7,66.0,936
Pig,bepridil,7,77.0,937
Pig,bepridil,7,88.0,938
Pig,bepridil,7,99.0,939
Pig,bepridil,8,0.0,940
Pig,bepridil,8,11.0,941
Pig,bepridil,8,22.0,942
Pig,bepridil,8,33.0,943
Pig,bepridil,8,44.0,944
Pig,bepridil,8,55.0,945
Pig,bepridil,8,66.0,946
Pig,bepridil,8,77.0,947
Pig,bepridil,8,88.0,948
Pig,bepridil,8,99.0,949
Pig,bepridil,9,0.0,950
Pig,bepridil,9,11.0,951
Pig,bepridil,9,22.0,952
Pig,bepridil,9,33.0,953
Pig,bepridil,9,44.0,954
Pig,bepridil,9,55.0,955
Pig,bepridil,9,66.0,956
Pig,bepridil,9,77.0,957
Pig,bepridil,9,88.0,958
Pig,bepridil,9,99.0,959
Pig,bepridil,10,0.0,960
Pig,bepridil,10,11.0,961
Pig,bepridil,10,22.0,962
Pig,bepridil,10,33.0,963
Pig,bepridil,10,44.0,964
Pig,bepridil,10,55.0,965
Pig,bepridil,10,66.0,966
Pig,bepridil,10,77.0,967
Pig,bepridil,10,88.0,968
Pig,bepridil,10,99.0,969
Pig,bepridil,11,0.0,970
Pig,bepridil,11,11.0,971
Pig,bepridil,11,22.0,972
Pig,bepridil,11,33.0,973
Pig,bepridil,11,44.0,974
Pig,bepridil,11,55.0,975
Pig,bepridil,11,66.0,976
Pig,bepridil,11,77.0,977
Pig,bepridil,11,88.0,978
Pig,bepridil,11,99.0,979
Pig,bepridil,12,0.0,980
Pig,bepridil,12,11.0,981
Pig,bepridil,12,22.0,982
Pig,bepridil,12,33.0,983
Pig,bepridil,12,44.0,984
Pig,bepridil,12,55.0,985
Pig,bepridil,12,66.0,986
Pig,bepridil,12,77.0,987
Pig,bepridil,12,88.0,988
Pig,bepridil,12,99.0,989
Pig,bepridil,13,0.0,990
Pig,bepridil,13,11.0,991
Pig,bepridil,13,22.0,992
Pig,bepridil,13,33.0,993
Pig,bepridil,13,44.0,994
Pig,bepridil,13,55.0,995
Pig,bepridil,13,66.0,996
Pig,bepridil,13,77.0,997
Pig,bepridil,13,88.0,998
Pig,bepridil,13,99.0,999
Pig,bepridil,14,0.0,1000
Pig,bepridil,14,11.0,1001
Pig,bepridil,14,22.0,1002
Pig,bepridil,14,33.0,1003
Pig,bepridil,14,44.0,1004
Pig,bepridil,14,55.0,1005
Pig,bepridil,14,66.0,1006
Pig,bepridil,14,77.0,1007
Pig,bepridil,14,88.0,1008
Pig,bepridil,14,99.0,1009
Pig,bepridil,15,0.0,1010
Pig,bepridil,15,11.0,1011
Pig,bepridil,15,22.0,1012
Pig,bepridil,15,33.0,1013
Pig,bepridil,15,44.0,1014
Pig,bepridil,15,55.0,1015
Pig,bepridil,15,66.0,1016
Pig,bepridil,15,77.0,1017
Pig,bepridil,15,88.0,1018
Pig,bepridil,15,99.0,1019
Pig,bepridil,16,0.0,1020
Pig,bepridil,16,11.0,1021
Pig,bepridil,16,22.0,1022
Pig,bepridil,16,33.0,1023
Pig,bepridil,16,44.0,1024
Pig,bepridil,16,55.0,1025
Pig,bepridil,16,66.0,1026
Pig,bepridil,16,77.0,1027
Pig,bepridil,16,88.0,1028
Pig,bepridil,16,99.0,1029
Pig,bepridil,18,0.0,1030
Pig,bepridil,18,11.0,1031
Pig,bepridil,18,22.0,1032
Pig,bepridil,18,33.0,1033
Pig,bepridil,18,44.0,1034
Pig,bepridil,18,55.0,1035
Pig,bepridil,18,66.0,1036
Pig,bepridil,18,77.0,1037
Pig,bepridil,18,88.0,1038
Pig,bepridil,18,99.0,1039
Pig,bepridil,19,0.0,1040
Pig,bepridil,19,11.0,1041
Pig,bepridil,19,22.0,1042
Pig,bepridil,19,33.0,1043
Pig,bepridil,19,44.0,1044
Pig,bepridil,19,55.0,1045
Pig,bepridil,19,66.0,1046
Pig,bepridil,19,77.0,1047
Pig,bepridil,19,88.0,1048
Pig,bepridil,19,99.0,1049
Pig,bepridil,20,0.0,1050
Pig,bepridil,20,11.0,1051
Pig,bepridil,20,22.0,1052
Pig,bepridil,20,33.0,1053
Pig,bepridil,20,44.0,1054
Pig,bepridil,20,55.0,1055
Pig,bepridil,20,66.0,1056
Pig,bepridil,20,77.0,1057
Pig,bepridil,20,88.0,1058
Pig,bepridil,20,99.0,1059
Pig,bepridil,22,0.0,1060
Pig,bepridil,22,11.0,1061
Pig,bepridil,22,22.0,1062
Pig,bepridil,22,33.0,1063
Pig,bepridil,22,44.0,1064
Pig,bepridil,22,55.0,1065
Pig,bepridil,22,66.0,1066
Pig,bepridil,22,77.0,1067
Pig,bepridil,22,88.0,1068
Pig,bepridil,22,99.0,1069
Pig,bepridil,23,0.0,1070
Pig,bepridil,23,11.0,1071
Pig,bepridil,23,22.0,1072
Pig,bepridil,23,33.0,1073
Pig,bepridil,23,44.0,1074
Pig,bepridil,23,55.0,1075
Pig,bepridil,23,66.0,1076
Pig,bepridil,23,77.0,1077
Pig,bepridil,23,88.0,1078
Pig,bepridil,23,99.0,1079
Pig,bepridil,24,0.0,1080
Pig,bepridil,24,11.0,1081
Pig,bepridil,24,22.0,1082
Pig,bepridil,24,33.0,1083
Pig,bepridil,24,44.0,1084
Pig,bepridil,24,55.0,1085
Pig,bepridil,24,66.0,1086
Pig,bepridil,24,77.0,1087
Pig,bepridil,24,88.0,1088
Pig,bepridil,24,99.0,1089
Pig,bepridil,26,0.0,1090
Pig,bepridil,26,11.0,1091
Pig,bepridil,26,22.0,1092
Pig,bepridil,26,33.0,1093
Pig,bepridil,26,44.0,1094
Pig,bepridil,26,55.0,1095
Pig,bepridil,26,66.0,1096
Pig,bepridil,26,77.0,1097
Pig,bepridil,26,88.0,1098
Pig,bepridil,26,99.0,1099
Pig,bepridil,30,0.0,1100
Pig,bepridil,30,11.0,1101
Pig,bepridil,30,22.0,1102
Pig,bepridil,30,33.0,1103
Pig,bepridil,30,44.0,1104
Pig,bepridil,30,55.0,1105
Pig,bepridil,30,66.0,1106
Pig,bepridil,30,77.0,1107
Pig,bepridil,30,88.0,1108
Pig,bepridil,30,99.0,1109
Pig,chlorpromazine,0,0.0,3250
Pig,chlorpromazine,0,12.67,3251
Pig,chlorpromazine,0,25.33,3252
Pig,chlorpromazine,0,38.0,3253
Pig,chlorpromazine,0,50.67,3254
Pig,chlorpromazine,0,63.33,3255
Pig,chlorpromazine,0,76.0,3256
Pig,chlorpromazine,0,88.67,3257
Pig,chlorpromazine,0,101.33,3258
Pig,chlorpromazine,0,114.0,3259
Pig,chlorpromazine,1,0.0,3260
Pig,chlorpromazine,1,12.67,3261
Pig,chlorpromazine,1,25.33,3262
Pig,chlorpromazine,1,38.0,3263
Pig,chlorpromazine,1,50.67,3264
Pig,chlorpromazine,1,63.33,3265
Pig,chlorpromazine,1,76.0,3266
Pig,chlorpromazine,1,88.67,3267
Pig,chlorpromazine,1,101.33,3268
Pig,chlorpromazine,1,114.0,3269
Pig,chlorpromazine,2,0.0,3270
Pig,chlorpromazine,2,12.67,3271
Pig,chlorpromazine,2,25.33,3272
Pig,chlorpromazine,2,38.0,3273
Pig,chlorpromazine,2,50.67,3274
Pig,chlorpromazine,2,63.33,3275
Pig,chlorpromazine,2,76.0,3276
Pig,chlorpromazine,2,88.67,3277
Pig,chlorpromazine,2,101.33,3278
Pig,chlorpromazine,2,114.0,3279
Pig,chlorpromazine,3,0.0,3280
Pig,chlorpromazine,3,12.67,3281
Pig,chlorpromazine,3,25.33,3282
Pig,chlorpromazine,3,38.0,3283
Pig,chlorpromazine,3,50.67,3284
Pig,chlorpromazine,3,63.33,3285
Pig,chlorpromazine,3,76.0,3286
Pig,chlorpromazine,3,88.67,3287
Pig,chlorpromazine,3,101.33,3288
Pig,chlorpromazine,3,114.0,3289
Pig,chlorpromazine,4,0.0,3290
Pig,chlorpromazine,4,12.67,3291
Pig,chlorpromazine,4,25.33,3292
Pig,chlorpromazine,4,38.0,3293
Pig,chlorpromazine,4,50.67,3294
Pig,chlorpromazine,4,63.33,3295
Pig,chlorpromazine,4,76.0,3296
Pig,chlorpromazine,4,88.67,3297
Pig,chlorpromazine,4,101.33,3298
Pig,chlorpromazine,4,114.0,3299
Pig,chlorpromazine,5,0.0,3300
Pig,chlorpromazine,5,12.67,3301
Pig,chlorpromazine,5,25.33,3302
Pig,chlorpromazine,5,38.0,3303
Pig,chlorpromazine,5,50.67,3304
Pig,chlorpromazine,5,63.33,3305
Pig,chlorpromazine,5,76.0,3306
Pig,chlorpromazine,5,88.67,3307
Pig,chlorpromazine,5,101.33,3308
Pig,chlorpromazine,5,114.0,3309
Pig,chlorpromazine,6,0.0,3310
Pig,chlorpromazine,6,12.67,3311
Pig,chlorpromazine,6,25.33,3312
Pig,chlorpromazine,6,38.0,3313
Pig,chlorpromazine,6,50.67,3314
Pig,chlorpromazine,6,63.33,3315
Pig,chlorpromazine,6,76.0,3316
Pig,chlorpromazine,6,88.67,3317
Pig,chlorpromazine,6,101.33,3318
Pig,chlorpromazine,6,114.0,3319
Pig,chlorpromazine,7,0.0,3320
Pig,chlorpromazine,7,12.67,3321
Pig,chlorpromazine,7,25.33,3322
Pig,chlorpromazine,7,38.0,3323
Pig,chlorpromazine,7,50.67,3324
Pig,chlorpromazine,7,63.33,3325
Pig,chlorpromazine,7,76.0,3326
Pig,chlorpromazine,7,88.67,3327
Pig,chlorpromazine,7,101.33,3328
Pig,chlorpromazine,7,114.0,3329
Pig,chlorpromazine,8,0.0,3330
Pig,chlorpromazine,8,12.67,3331
Pig,chlorpromazine,8,25.33,3332
Pig,chlorpromazine,8,38.0,3333
Pig,chlorpromazine,8,50.67,3334
Pig,chlorpromazine,8,63.33,3335
Pig,chlorpromazine,8,76.0,3336
Pig,chlorpromazine,8,88.67,3337
Pig,chlorpromazine,8,101.33,3338
Pig,chlorpromazine,8,114.0,3339
Pig,chlorpromazine,9,0.0,3340
Pig,chlorpromazine,9,12.67,3341
Pig,chlorpromazine,9,25.33,3342
Pig,chlorpromazine,9,38.0,3343
Pig,chlorpromazine,9,50.67,3344
Pig,chlorpromazine,9,63.33,3345
Pig,chlorpromazine,9,76.0,3346
Pig,chlorpromazine,9,88.67,3347
Pig,chlorpromazine,9,101.33,3348
Pig,chlorpromazine,9,114.0,3349
Pig,chlorpromazine,10,0.0,3350
Pig,chlorpromazine,10,12.67,3351
Pig,chlorpromazine,10,25.33,3352
Pig,chlorpromazine,10,38.0,3353
Pig,chlorpromazine,10,50.67,3354
Pig,chlorpromazine,10,63.33,3355
Pig,chlorpromazine,10,76.0,3356
Pig,chlorpromazine,10,88.67,3357
Pig,chlorpromazine,10,101.33,3358
Pig,chlorpromazine,10,114.0,3359
Pig,chlorpromazine,11,0.0,3360
Pig,chlorpromazine,11,12.67,3361
Pig,chlorpromazine,11,25.33,3362
Pig,chlorpromazine,11,38.0,3363
Pig,chlorpromazine,11,50.67,3364
Pig,chlorpromazine,11,63.33,3365
Pig,chlorpromazine,11,76.0,3366
Pig,chlorpromazine,11,88.67,3367
Pig,chlorpromazine,11,101.33,3368
Pig,chlorpromazine,11,114.0,3369
Pig,chlorpromazine,12,0.0,3370
Pig,chlorpromazine,12,12.67,3371
Pig,chlorpromazine,12,25.33,3372
Pig,chlorpromazine,12,38.0,3373
Pig,chlorpromazine,12,50.67,3374
Pig,chlorpromazine,12,63.33,3375
Pig,chlorpromazine,12,76.0,3376
Pig,chlorpromazine,12,88.67,3377
Pig,chlorpromazine,12,101.33,3378
Pig,chlorpromazine,12,114.0,3379
Pig,chlorpromazine,13,0.0,3380
Pig,chlorpromazine,13,12.67,3381
Pig,chlorpromazine,13,25.33,3382
Pig,chlorpromazine,13,38.0,3383
Pig,chlorpromazine,13,50.67,3384
Pig,chlorpromazine,13,63.33,3385
Pig,chlorpromazine,13,76.0,3386
Pig,chlorpromazine,13,88.67,3387
Pig,chlorpromazine,13,101.33,3388
Pig,chlorpromazine,13,114.0,3389
Pig,chlorpromazine,15,0.0,3390
Pig,chlorpromazine,15,12.67,3391
Pig,chlorpromazine,15,25.33,3392
Pig,chlorpromazine,15,38.0,3393
Pig,chlorpromazine,15,50.67,3394
Pig,chlorpromazine,15,63.33,3395
Pig,chlorpromazine,15,76.0,3396
Pig,chlorpromazine,15,88.67,3397
Pig,chlorpromazine,15,101.33,3398
Pig,chlorpromazine,15,114.0,3399
Pig,chlorpromazine,16,0.0,3400
Pig,chlorpromazine,16,12.67,3401
Pig,chlorpromazine,16,25.33,3402
Pig,chlorpromazine,16,38.0,3403
Pig,chlorpromazine,16,50.67,3404
Pig,chlorpromazine,16,63.33,3405
Pig,chlorpromazine,16,76.0,3406
Pig,chlorpromazine,16,88.67,3407
Pig,chlorpromazine,16,101.33,3408
Pig,chlorpromazine,16,114.0,3409
Pig,chlorpromazine,17,0.0,3410
Pig,chlorpromazine,17,12.67,3411
Pig,chlorpromazine,17,25.33,3412
Pig,chlorpromazine,17,38.0,3413
Pig,chlorpromazine,17,50.67,3414
Pig,chlorpromazine,17,63.33,3415
Pig,chlorpromazine,17,76.0,3416
Pig,chlorpromazine,17,88.67,3417
Pig,chlorpromazine,17,101.33,3418
Pig,chlorpromazine,17,114.0,3419
Pig,chlorpromazine,18,0.0,3420
Pig,chlorpromazine,18,12.67,3421
Pig,chlorpromazine,18,25.33,3422
Pig,chlorpromazine,18,38.0,3423
Pig,chlorpromazine,18,50.67,3424
Pig,chlorpromazine,18,63.33,3425
Pig,chlorpromazine,18,76.0,3426
Pig,chlorpromazine,18,88.67,3427
Pig,chlorpromazine,18,101.33,3428
Pig,chlorpromazine,18,114.0,3429
Pig,chlorpromazine,19,0.0,3430
Pig,chlorpromazine,19,12.67,3431
Pig,chlorpromazine,19,25.33,3432
Pig,chlorpromazine,19,38.0,3433
Pig,chlorpromazine,19,50.67,3434
Pig,chlorpromazine,19,63.33,3435
Pig,chlorpromazine,19,76.0,3436
Pig,chlorpromazine,19,88.67,3437
Pig,chlorpromazine,19,101.33,3438
Pig,chlorpromazine,19,114.0,3439
Pig,chlorpromazine,20,0.0,3440
Pig,chlorpromazine,20,12.67,3441
Pig,chlorpromazine,20,25.33,3442
Pig,chlorpromazine,20,38.0,3443
Pig,chlorpromazine,20,50.67,3444
Pig,chlorpromazine,20,63.33,3445
Pig,chlorpromazine,20,76.0,3446
Pig,chlorpromazine,20,88.67,3447
Pig,chlorpromazine,20,101.33,3448
Pig,chlorpromazine,20,114.0,3449
Pig,chlorpromazine,21,0.0,3450
Pig,chlorpromazine,21,12.67,3451
Pig,chlorpromazine,21,25.33,3452
Pig,chlorpromazine,21,38.0,3453
Pig,chlorpromazine,21,50.67,3454
Pig,chlorpromazine,21,63.33,3455
Pig,chlorpromazine,21,76.0,3456
Pig,chlorpromazine,21,88.67,3457
Pig,chlorpromazine,21,101.33,3458
Pig,chlorpromazine,21,114.0,3459
Pig,chlorpromazine,23,0.0,3460
Pig,chlorpromazine,23,12.67,3461
Pig,chlorpromazine,23,25.33,3462
Pig,chlorpromazine,23,38.0,3463
Pig,chlorpromazine,23,50.67,3464
Pig,chlorpromazine,23,63.33,3465
Pig,chlorpromazine,23,76.0,3466
Pig,chlorpromazine,23,88.67,3467
Pig,chlorpromazine,23,101.33,3468
Pig,chlorpromazine,23,114.0,3469
Pig,chlorpromazine,25,0.0,3470
Pig,chlorpromazine,25,12.67,3471
Pig,chlorpromazine,25,25.33,3472
Pig,chlorpromazine,25,38.0,3473
Pig,chlorpromazine,25,50.67,3474
Pig,chlorpromazine,25,63.33,3475
Pig,chlorpromazine,25,76.0,3476
Pig,chlorpromazine,25,88.67,3477
Pig,chlorpromazine,25,101.33,3478
Pig,chlorpromazine,25,114.0,3479
Pig,chlorpromazine,26,0.0,3480
Pig,chlorpromazine,26,12.67,3481
Pig,chlorpromazine,26,25.33,3482
Pig,chlorpromazine,26,38.0,3483
Pig,chlorpromazine,26,50.67,3484
Pig,chlorpromazine,26,63.33,3485
Pig,chlorpromazine,26,76.0,3486
Pig,chlorpromazine,26,88.67,3487
Pig,chlorpromazine,26,101.33,3488
Pig,chlorpromazine,26,114.0,3489
Pig,chlorpromazine,27,0.0,3490
Pig,chlorpromazine,27,12.67,3491
Pig,chlorpromazine,27,25.33,3492
Pig,chlorpromazine,27,38.0,3493
Pig,chlorpromazine,27,50.67,3494
Pig,chlorpromazine,27,63.33,3495
Pig,chlorpromazine,27,76.0,3496
Pig,chlorpromazine,27,88.67,3497
Pig,chlorpromazine,27,101.33,3498
Pig,chlorpromazine,27,114.0,3499
Pig,chlorpromazine,29,0.0,3500
Pig,chlorpromazine,29,12.67,3501
Pig,chlorpromazine,29,25.33,3502
Pig,chlorpromazine,29,38.0,3503
Pig,chlorpromazine,29,50.67,3504
Pig,chlorpromazine,29,63.33,3505
Pig,chlorpromazine,29,76.0,3506
Pig,chlorpromazine,29,88.67,3507
Pig,chlorpromazine,29,101.33,3508
Pig,chlorpromazine,29,114.0,3509
Pig,chlorpromazine,31,0.0,3510
Pig,chlorpromazine,31,12.67,3511
Pig,chlorpromazine,31,25.33,3512
Pig,chlorpromazine,31,38.0,3513
Pig,chlorpromazine,31,50.67,3514
Pig,chlorpromazine,31,63.33,3515
Pig,chlorpromazine,31,76.0,3516
Pig,chlorpromazine,31,88.67,3517
Pig,chlorpromazine,31,101.33,3518
Pig,chlorpromazine,31,114.0,3519
Pig,cisapride,0,0.0,5640
Pig,cisapride,0,0.87,5641
Pig,cisapride,0,1.73,5642
Pig,cisapride,0,2.6,5643
Pig,cisapride,0,3.47,5644
Pig,cisapride,0,4.33,5645
Pig,cisapride,0,5.2,5646
Pig,cisapride,0,6.07,5647
Pig,cisapride,0,6.93,5648
Pig,cisapride,0,7.8,5649
Pig,cisapride,1,0.0,5650
Pig,cisapride,1,0.87,5651
Pig,cisapride,1,1.73,5652
Pig,cisapride,1,2.6,5653
Pig,cisapride,1,3.47,5654
Pig,cisapride,1,4.33,5655
Pig,cisapride,1,5.2,5656
Pig,cisapride,1,6.07,5657
Pig,cisapride,1,6.93,5658
Pig,cisapride,1,7.8,5659
Pig,cisapride,2,0.0,5660
Pig,cisapride,2,0.87,5661
Pig,cisapride,2,1.73,5662
Pig,cisapride,2,2.6,5663
Pig,cisapride,2,3.47,5664
Pig,cisapride,2,4.33,5665
Pig,cisapride,2,5.2,5666
Pig,cisapride,2,6.07,5667
Pig,cisapride,2,6.93,5668
Pig,cisapride,2,7.8,5669
Pig,cisapride,3,0.0,5670
Pig,cisapride,3,0.87,5671
Pig,cisapride,3,1.73,5672
Pig,cisapride,3,2.6,5673
Pig,cisapride,3,3.47,5674
Pig,cisapride,3,4.33,5675
Pig,cisapride,3,5.2,5676
Pig,cisapride,3,6.07,5677
Pig,cisapride,3,6.93,5678
Pig,cisapride,3,7.8,5679
Pig,cisapride,4,0.0,5680
Pig,cisapride,4,0.87,5681
Pig,cisapride,4,1.73,5682
Pig,cisapride,4,2.6,5683
Pig,cisapride,4,3.47,5684
Pig,cisapride,4,4.33,5685
Pig,cisapride,4,5.2,5686
Pig,cisapride,4,6.07,5687
Pig,cisapride,4,6.93,5688
Pig,cisapride,4,7.8,5689
Pig,cisapride,5,0.0,5690
Pig,cisapride,5,0.87,5691
Pig,cisapride,5,1.73,5692
Pig,cisapride,5,2.6,5693
Pig,cisapride,5,3.47,5694
Pig,cisapride,5,4.33,5695
Pig,cisapride,5,5.2,5696
Pig,cisapride,5,6.07,5697
Pig,cisapride,5,6.93,5698
Pig,cisapride,5,7.8,5699
Pig,cisapride,6,0.0,5700
Pig,cisapride,6,0.87,5701
Pig,cisapride,6,1.73,5702
Pig,cisapride,6,2.6,5703
Pig,cisapride,6,3.47,5704
Pig,cisapride,6,4.33,5705
Pig,cisapride,6,5.2,5706
Pig,cisapride,6,6.07,5707
Pig,cisapride,6,6.93,5708
Pig,cisapride,6,7.8,5709
Pig,cisapride,7,0.0,5710
Pig,cisapride,7,0.87,5711
Pig,cisapride,7,1.73,5712
Pig,cisapride,7,2.6,5713
Pig,cisapride,7,3.47,5714
Pig,cisapride,7,4.33,5715
Pig,cisapride,7,5.2,5716
Pig,cisapride,7,6.07,5717
Pig,cisapride,7,6.93,5718
Pig,cisapride,7,7.8,5719
Pig,cisapride,8,0.0,5720
Pig,cisapride,8,0.87,5721
Pig,cisapride,8,1.73,5722
Pig,cisapride,8,2.6,5723
Pig,cisapride,8,3.47,5724
Pig,cisapride,8,4.33,5725
Pig,cisapride,8,5.2,5726
Pig,cisapride,8,6.07,5727
Pig,cisapride,8,6.93,5728
Pig,cisapride,8,7.8,5729
Pig,cisapride,9,0.0,5730
Pig,cisapride,9,0.87,5731
Pig,cisapride,9,1.73,5732
Pig,cisapride,9,2.6,5733
Pig,cisapride,9,3.47,5734
Pig,cisapride,9,4.33,5735
Pig,cisapride,9,5.2,5736
Pig,cisapride,9,6.07,5737
Pig,cisapride,9,6.93,5738
Pig,cisapride,9,7.8,5739
Pig,cisapride,10,0.0,5740
Pig,cisapride,10,0.87,5741
Pig,cisapride,10,1.73,5742
Pig,cisapride,10,2.6,5743
Pig,cisapride,10,3.47,5744
Pig,cisapride,10,4.33,5745
Pig,cisapride,10,5.2,5746
Pig,cisapride,10,6.07,5747
Pig,cisapride,10,6.93,5748
Pig,cisapride,10,7.8,5749
Pig,cisapride,11,0.0,5750
Pig,cisapride,11,0.87,5751
Pig,cisapride,11,1.73,5752
Pig,cisapride,11,2.6,5753
Pig,cisapride,11,3.47,5754
Pig,cisapride,11,4.33,5755
Pig,cisapride,11,5.2,5756
Pig,cisapride,11,6.07,5757
Pig,cisapride,11,6.93,5758
Pig,cisapride,11,7.8,5759
Pig,cisapride,12,0.0,5760
Pig,cisapride,12,0.87,5761
Pig,cisapride,12,1.73,5762
Pig,cisapride,12,2.6,5763
Pig,cisapride,12,3.47,5764
Pig,cisapride,12,4.33,5765
Pig,cisapride,12,5.2,5766
Pig,cisapride,12,6.07,5767
Pig,cisapride,12,6.93,5768
Pig,cisapride,12,7.8,5769
Pig,cisapride,13,0.0,5770
Pig,cisapride,13,0.87,5771
Pig,cisapride,13,1.73,5772
Pig,cisapride,13,2.6,5773
Pig,cisapride,13,3.47,5774
Pig,cisapride,13,4.33,5775
Pig,cisapride,13,5.2,5776
Pig,cisapride,13,6.07,5777
Pig,cisapride,13,6.93,5778
Pig,cisapride,13,7.8,5779
Pig,cisapride,14,0.0,5780
Pig,cisapride,14,0.87,5781
Pig,cisapride,14,1.73,5782
Pig,cisapride,14,2.6,5783
Pig,cisapride,14,3.47,5784
Pig,cisapride,14,4.33,5785
Pig,cisapride,14,5.2,5786
Pig,cisapride,14,6.07,5787
Pig,cisapride,14,6.93,5788
Pig,cisapride,14,7.8,5789
Pig,cisapride,15,0.0,5790
Pig,cisapride,15,0.87,5791
Pig,cisapride,15,1.73,5792
Pig,cisapride,15,2.6,5793
Pig,cisapride,15,3.47,5794
Pig,cisapride,15,4.33,5795
Pig,cisapride,15,5.2,5796
Pig,cisapride,15,6.07,5797
Pig,cisapride,15,6.93,5798
Pig,cisapride,15,7.8,5799
Pig,cisapride,16,0.0,5800
Pig,cisapride,16,0.87,5801
Pig,cisapride,16,1.73,5802
Pig,cisapride,16,2.6,5803
Pig,cisapride,16,3.47,5804
Pig,cisapride,16,4.33,5805
Pig,cisapride,16,5.2,5806
Pig,cisapride,16,6.07,5807
Pig,cisapride,16,6.93,5808
Pig,cisapride,16,7.8,5809
Pig,cisapride,18,0.0,5810
Pig,cisapride,18,0.87,5811
Pig,cisapride,18,1.73,5812
Pig,cisapride,18,2.6,5813
Pig,cisapride,18,3.47,5814
Pig,cisapride,18,4.33,5815
Pig,cisapride,18,5.2,5816
Pig,cisapride,18,6.07,5817
Pig,cisapride,18,6.93,5818
Pig,cisapride,18,7.8,5819
Pig,cisapride,19,0.0,5820
Pig,cisapride,19,0.87,5821
Pig,cisapride,19,1.73,5822
Pig,cisapride,19,2.6,5823
Pig,cisapride,19,3.47,5824
Pig,cisapride,19,4.33,5825
Pig,cisapride,19,5.2,5826
Pig,cisapride,19,6.07,5827
Pig,cisapride,19,6.93,5828
Pig,cisapride,19,7.8,5829
Pig,cisapride,20,0.0,5830
Pig,cisapride,20,0.87,5831
Pig,cisapride,20,1.73,5832
Pig,cisapride,20,2.6,5833
Pig,cisapride,20,3.47,5834
Pig,cisapride,20,4.33,5835
Pig,cisapride,20,5.2,5836
Pig,cisapride,20,6.07,5837
Pig,cisapride,20,6.93,5838
Pig,cisapride,20,7.8,5839
Pig,cisapride,22,0.0,5840
Pig,cisapride,22,0.87,5841
Pig,cisapride,22,1.73,5842
Pig,cisapride,22,2.6,5843
Pig,cisapride,22,3.47,5844
Pig,cisapride,22,4.33,5845
Pig,cisapride,22,5.2,5846
Pig,cisapride,22,6.07,5847
Pig,cisapride,22,6.93,5848
Pig,cisapride,22,7.8,5849
Pig,cisapride,23,0.0,5850
Pig,cisapride,23,0.87,5851
Pig,cisapride,23,1.73,5852
Pig,cisapride,23,2.6,5853
Pig,cisapride,23,3.47,5854
Pig,cisapride,23,4.33,5855
Pig,cisapride,23,5.2,5856
Pig,cisapride,23,6.07,5857
Pig,cisapride,23,6.93,5858
Pig,cisapride,23,7.8,5859
Pig,cisapride,24,0.0,5860
Pig,cisapride,24,0.87,5861
Pig,cisapride,24,1.73,5862
Pig,cisapride,24,2.6,5863
Pig,cisapride,24,3.47,5864
Pig,cisapride,24,4.33,5865
Pig,cisapride,24,5.2,5866
Pig,cisapride,24,6.07,5867
Pig,cisapride,24,6.93,5868
Pig,cisapride,24,7.8,5869
Pig,cisapride,26,0.0,5870
Pig,cisapride,26,0.87,5871
Pig,cisapride,26,1.73,5872
Pig,cisapride,26,2.6,5873
Pig,cisapride,26,3.47,5874
Pig,cisapride,26,4.33,5875
Pig,cisapride,26,5.2,5876
Pig,cisapride,26,6.07,5877
Pig,cisapride,26,6.93,5878
Pig,cisapride,26,7.8,5879
Pig,cisapride,30,0.0,5880
Pig,cisapride,30,0.87,5881
Pig,cisapride,30,1.73,5882
Pig,cisapride,30,2.6,5883
Pig,cisapride,30,3.47,5884
Pig,cisapride,30,4.33,5885
Pig,cisapride,30,5.2,5886
Pig,cisapride,30,6.07,5887
Pig,cisapride,30,6.93,5888
Pig,cisapride,30,7.8,5889
Pig,diltiazem,0,0.0,7930
Pig,diltiazem,0,40.67,7931
Pig,diltiazem,0,81.33,7932
Pig,diltiazem,0,122.0,7933
Pig,diltiazem,0,162.67,7934
Pig,diltiazem,0,203.33,7935
Pig,diltiazem,0,244.0,7936
Pig,diltiazem,0,284.67,7937
Pig,diltiazem,0,325.33,7938
Pig,diltiazem,0,366.0,7939
Pig,diltiazem,1,0.0,7940
Pig,diltiazem,1,40.67,7941
Pig,diltiazem,1,81.33,7942
Pig,diltiazem,1,122.0,7943
Pig,diltiazem,1,162.67,7944
Pig,diltiazem,1,203.33,7945
Pig,diltiazem,1,244.0,7946
Pig,diltiazem,1,284.67,7947
Pig,diltiazem,1,325.33,7948
Pig,diltiazem,1,366.0,7949
Pig,diltiazem,2,0.0,7950
Pig,diltiazem,2,40.67,7951
Pig,diltiazem,2,81.33,7952
Pig,diltiazem,2,122.0,7953
Pig,diltiazem,2,162.67,7954
Pig,diltiazem,2,203.33,7955
Pig,diltiazem,2,244.0,7956
Pig,diltiazem,2,284.67,7957
Pig,diltiazem,2,325.33,7958
Pig,diltiazem,2,366.0,7959
Pig,diltiazem,3,0.0,7960
Pig,diltiazem,3,40.67,7961
Pig,diltiazem,3,81.33,7962
Pig,diltiazem,3,122.0,7963
Pig,diltiazem,3,162.67,7964
Pig,diltiazem,3,203.33,7965
Pig,diltiazem,3,244.0,7966
Pig,diltiazem,3,284.67,7967
Pig,diltiazem,3,325.33,7968
Pig,diltiazem,3,366.0,7969
Pig,diltiazem,4,0.0,7970
Pig,diltiazem,4,40.67,7971
Pig,diltiazem,4,81.33,7972
Pig,diltiazem,4,122.0,7973
Pig,diltiazem,4,162.67,7974
Pig,diltiazem,4,203.33,7975
Pig,diltiazem,4,244.0,7976
Pig,diltiazem,4,284.67,7977
Pig,diltiazem,4,325.33,7978
Pig,diltiazem,4,366.0,7979
Pig,diltiazem,5,0.0,7980
Pig,diltiazem,5,40.67,7981
Pig,diltiazem,5,81.33,7982
Pig,diltiazem,5,122.0,7983
Pig,diltiazem,5,162.67,7984
Pig,diltiazem,5,203.33,7985
Pig,diltiazem,5,244.0,7986
Pig,diltiazem,5,284.67,7987
Pig,diltiazem,5,325.33,7988
Pig,diltiazem,5,366.0,7989
Pig,diltiazem,6,0.0,7990
Pig,diltiazem,6,40.67,7991
Pig,diltiazem,6,81.33,7992
Pig,diltiazem,6,122.0,7993
Pig,diltiazem,6,162.67,7994
Pig,diltiazem,6,203.33,7995
Pig,diltiazem,6,244.0,7996
Pig,diltiazem,6,284.67,7997
Pig,diltiazem,6,325.33,7998
Pig,diltiazem,6,366.0,7999
Pig,diltiazem,7,0.0,8000
Pig,diltiazem,7,40.67,8001
Pig,diltiazem,7,81.33,8002
Pig,diltiazem,7,122.0,8003
Pig,diltiazem,7,162.67,8004
Pig,diltiazem,7,203.33,8005
Pig,diltiazem,7,244.0,8006
Pig,diltiazem,7,284.67,8007
Pig,diltiazem,7,325.33,8008
Pig,diltiazem,7,366.0,8009
Pig,diltiazem,8,0.0,8010
Pig,diltiazem,8,40.67,8011
Pig,diltiazem,8,81.33,8012
Pig,diltiazem,8,122.0,8013
Pig,diltiazem,8,162.67,8014
Pig,diltiazem,8,203.33,8015
Pig,diltiazem,8,244.0,8016
Pig,diltiazem,8,284.67,8017
Pig,diltiazem,8,325.33,8018
Pig,diltiazem,8,366.0,8019
Pig,diltiazem,9,0.0,8020
Pig,diltiazem,9,40.67,8021
Pig,diltiazem,9,81.33,8022
Pig,diltiazem,9,122.0,8023
Pig,diltiazem,9,162.67,8024
Pig,diltiazem,9,203.33,8025
Pig,diltiazem,9,244.0,8026
Pig,diltiazem,9,284.67,8027
Pig,diltiazem,9,325.33,8028
Pig,diltiazem,9,366.0,8029
Pig,diltiazem,10,0.0,8030
Pig,diltiazem,10,40.67,8031
Pig,diltiazem,10,81.33,8032
Pig,diltiazem,10,122.0,8033
Pig,diltiazem,10,162.67,8034
Pig,diltiazem,10,203.33,8035
Pig,diltiazem,10,244.0,8036
Pig,diltiazem,10,284.67,8037
Pig,diltiazem,10,325.33,8038
Pig,diltiazem,10,366.0,8039
Pig,diltiazem,11,0.0,8040
Pig,diltiazem,11,40.67,8041
Pig,diltiazem,11,81.33,8042
Pig,diltiazem,11,122.0,8043
Pig,diltiazem,11,162.67,8044
Pig,diltiazem,11,203.33,8045
Pig,diltiazem,11,244.0,8046
Pig,diltiazem,11,284.67,8047
Pig,diltiazem,11,325.33,8048
Pig,diltiazem,11,366.0,8049
Pig,diltiazem,12,0.0,8050
Pig,diltiazem,12,40.67,8051
Pig,diltiazem,12,81.33,8052
Pig,diltiazem,12,122.0,8053
Pig,diltiazem,12,162.67,8054
Pig,diltiazem,12,203.33,8055
Pig,diltiazem,12,244.0,8056
Pig,diltiazem,12,284.67,8057
Pig,diltiazem,12,325.33,8058
Pig,diltiazem,12,366.0,8059
Pig,diltiazem,13,0.0,8060
Pig,diltiazem,13,40.67,8061
Pig,diltiazem,13,81.33,8062
Pig,diltiazem,13,122.0,8063
Pig,diltiazem,13,162.67,8064
Pig,diltiazem,13,203.33,8065
Pig,diltiazem,13,244.0,8066
Pig,diltiazem,13,284.67,8067
Pig,diltiazem,13,325.33,8068
Pig,diltiazem,13,366.0,8069
Pig,diltiazem,14,0.0,8070
Pig,diltiazem,14,40.67,8071
Pig,diltiazem,14,81.33,8072
Pig,diltiazem,14,122.0,8073
Pig,diltiazem,14,162.67,8074
Pig,diltiazem,14,203.33,8075
Pig,diltiazem,14,244.0,8076
Pig,diltiazem,14,284.67,8077
Pig,diltiazem,14,325.33,8078
Pig,diltiazem,14,366.0,8079
Pig,diltiazem,15,0.0,8080
Pig,diltiazem,15,40.67,8081
Pig,diltiazem,15,81.33,8082
Pig,diltiazem,15,122.0,8083
Pig,diltiazem,15,162.67,8084
Pig,diltiazem,15,203.33,8085
Pig,diltiazem,15,244.0,8086
Pig,diltiazem,15,284.67,8087
Pig,diltiazem,15,325.33,8088
Pig,diltiazem,15,366.0,8089
Pig,diltiazem,16,0.0,8090
Pig,diltiazem,16,40.67,8091
Pig,diltiazem,16,81.33,8092
Pig,diltiazem,16,122.0,8093
Pig,diltiazem,16,162.67,8094
Pig,diltiazem,16,203.33,8095
Pig,diltiazem,16,244.0,8096
Pig,diltiazem,16,284.67,8097
Pig,diltiazem,16,325.33,8098
Pig,diltiazem,16,366.0,8099
Pig,diltiazem,18,0.0,8100
Pig,diltiazem,18,40.67,8101
Pig,diltiazem,18,81.33,8102
Pig,diltiazem,18,122.0,8103
Pig,diltiazem,18,162.67,8104
Pig,diltiazem,18,203.33,8105
Pig,diltiazem,18,244.0,8106
Pig,diltiazem,18,284.67,8107
Pig,diltiazem,18,325.33,8108
Pig,diltiazem,18,366.0,8109
Pig,diltiazem,19,0.0,8110
Pig,diltiazem,19,40.67,8111
Pig,diltiazem,19,81.33,8112
Pig,diltiazem,19,122.0,8113
Pig,diltiazem,19,162.67,8114
Pig,diltiazem,19,203.33,8115
Pig,diltiazem,19,244.0,8116
Pig,diltiazem,19,284.67,8117
Pig,diltiazem,19,325.33,8118
Pig,diltiazem,19,366.0,8119
Pig,diltiazem,20,0.0,8120
Pig,diltiazem,20,40.67,8121
Pig,diltiazem,20,81.33,8122
Pig,diltiazem,20,122.0,8123
Pig,diltiazem,20,162.67,8124
Pig,diltiazem,20,203.33,8125
Pig,diltiazem,20,244.0,8126
Pig,diltiazem,20,284.67,8127
Pig,diltiazem,20,325.33,8128
Pig,diltiazem,20,366.0,8129
Pig,diltiazem,22,0.0,8130
Pig,diltiazem,22,40.67,8131
Pig,diltiazem,22,81.33,8132
Pig,diltiazem,22,122.0,8133
Pig,diltiazem,22,162.67,8134
Pig,diltiazem,22,203.33,8135
Pig,diltiazem,22,244.0,8136
Pig,diltiazem,22,284.67,8137
Pig,diltiazem,22,325.33,8138
Pig,diltiazem,22,366.0,8139
Pig,diltiazem,23,0.0,8140
Pig,diltiazem,23,40.67,8141
Pig,diltiazem,23,81.33,8142
Pig,diltiazem,23,122.0,8143
Pig,diltiazem,23,162.67,8144
Pig,diltiazem,23,203.33,8145
Pig,diltiazem,23,244.0,8146
Pig,diltiazem,23,284.67,8147
Pig,diltiazem,23,325.33,8148
Pig,diltiazem,23,366.0,8149
Pig,diltiazem,24,0.0,8150
Pig,diltiazem,24,40.67,8151
Pig,diltiazem,24,81.33,8152
Pig,diltiazem,24,122.0,8153
Pig,diltiazem,24,162.67,8154
Pig,diltiazem,24,203.33,8155
Pig,diltiazem,24,244.0,8156
Pig,diltiazem,24,284.67,8157
Pig,diltiazem,24,325.33,8158
Pig,diltiazem,24,366.0,8159
Pig,diltiazem,26,0.0,8160
Pig,diltiazem,26,40.67,8161
Pig,diltiazem,26,81.33,8162
Pig,diltiazem,26,122.0,8163
Pig,diltiazem,26,162.67,8164
Pig,diltiazem,26,203.33,8165
Pig,diltiazem,26,244.0,8166
Pig,diltiazem,26,284.67,8167
Pig,diltiazem,26,325.33,8168
Pig,diltiazem,26,366.0,8169
Pig,diltiazem,28,0.0,8170
Pig,diltiazem,28,40.67,8171
Pig,diltiazem,28,81.33,8172
Pig,diltiazem,28,122.0,8173
Pig,diltiazem,28,162.67,8174
Pig,diltiazem,28,203.33,8175
Pig,diltiazem,28,244.0,8176
Pig,diltiazem,28,284.67,8177
Pig,diltiazem,28,325.33,8178
Pig,diltiazem,28,366.0,8179
Pig,diltiazem,30,0.0,8180
Pig,diltiazem,30,40.67,8181
Pig,diltiazem,30,81.33,8182
Pig,diltiazem,30,122.0,8183
Pig,diltiazem,30,162.67,8184
Pig,diltiazem,30,203.33,8185
Pig,diltiazem,30,244.0,8186
Pig,diltiazem,30,284.67,8187
Pig,diltiazem,30,325.33,8188
Pig,diltiazem,30,366.0,8189
Pig,dofetilide,0,0.0,10230
Pig,dofetilide,0,0.67,10231
Pig,dofetilide,0,1.33,10232
Pig,dofetilide,0,2.0,10233
Pig,dofetilide,0,2.67,10234
Pig,dofetilide,0,3.33,10235
Pig,dofetilide,0,4.0,10236
Pig,dofetilide,0,4.67,10237
Pig,dofetilide,0,5.33,10238
Pig,dofetilide,0,6.0,10239
Pig,dofetilide,1,0.0,10240
Pig,dofetilide,1,0.67,10241
Pig,dofetilide,1,1.33,10242
Pig,dofetilide,1,2.0,10243
Pig,dofetilide,1,2.67,10244
Pig,dofetilide,1,3.33,10245
Pig,dofetilide,1,4.0,10246
Pig,dofetilide,1,4.67,10247
Pig,dofetilide,1,5.33,10248
Pig,dofetilide,1,6.0,10249
Pig,dofetilide,2,0.0,10250
Pig,dofetilide,2,0.67,10251
Pig,dofetilide,2,1.33,10252
Pig,dofetilide,2,2.0,10253
Pig,dofetilide,2,2.67,10254
Pig,dofetilide,2,3.33,10255
Pig,dofetilide,2,4.0,10256
Pig,dofetilide,2,4.67,10257
Pig,dofetilide,2,5.33,10258
Pig,dofetilide,2,6.0,10259
Pig,dofetilide,3,0.0,10260
Pig,dofetilide,3,0.67,10261
Pig,dofetilide,3,1.33,10262
Pig,dofetilide,3,2.0,10263
Pig,dofetilide,3,2.67,10264
Pig,dofetilide,3,3.33,10265
Pig,dofetilide,3,4.0,10266
Pig,dofetilide,3,4.67,10267
Pig,dofetilide,3,5.33,10268
Pig,dofetilide,3,6.0,10269
Pig,dofetilide,4,0.0,10270
Pig,dofetilide,4,0.67,10271
Pig,dofetilide,4,1.33,10272
Pig,dofetilide,4,2.0,10273
Pig,dofetilide,4,2.67,10274
Pig,dofetilide,4,3.33,10275
Pig,dofetilide,4,4.0,10276
Pig,dofetilide,4,4.67,10277
Pig,dofetilide,4,5.33,10278
Pig,dofetilide,4,6.0,10279
Pig,dofetilide,5,0.0,10280
Pig,dofetilide,5,0.67,10281
Pig,dofetilide,5,1.33,10282
Pig,dofetilide,5,2.0,10283
Pig,dofetilide,5,2.67,10284
Pig,dofetilide,5,3.33,10285
Pig,dofetilide,5,4.0,10286
Pig,dofetilide,5,4.67,10287
Pig,dofetilide,5,5.33,10288
Pig,dofetilide,5,6.0,10289
Pig,dofetilide,6,0.0,10290
Pig,dofetilide,6,0.67,10291
Pig,dofetilide,6,1.33,10292
Pig,dofetilide,6,2.0,10293
Pig,dofetilide,6,2.67,10294
Pig,dofetilide,6,3.33,10295
Pig,dofetilide,6,4.0,10296
Pig,dofetilide,6,4.67,10297
Pig,dofetilide,6,5.33,10298
Pig,dofetilide,6,6.0,10299
Pig,dofetilide,7,0.0,10300
Pig,dofetilide,7,0.67,10301
Pig,dofetilide,7,1.33,10302
Pig,dofetilide,7,2.0,10303
Pig,dofetilide,7,2.67,10304
Pig,dofetilide,7,3.33,10305
Pig,dofetilide,7,4.0,10306
Pig,dofetilide,7,4.67,10307
Pig,dofetilide,7,5.33,10308
Pig,dofetilide,7,6.0,10309
Pig,dofetilide,8,0.0,10310
Pig,dofetilide,8,0.67,10311
Pig,dofetilide,8,1.33,10312
Pig,dofetilide,8,2.0,10313
Pig,dofetilide,8,2.67,10314
Pig,dofetilide,8,3.33,10315
Pig,dofetilide,8,4.0,10316
Pig,dofetilide,8,4.67,10317
Pig,dofetilide,8,5.33,10318
Pig,dofetilide,8,6.0,10319
Pig,dofetilide,9,0.0,10320
Pig,dofetilide,9,0.67,10321
Pig,dofetilide,9,1.33,10322
Pig,dofetilide,9,2.0,10323
Pig,dofetilide,9,2.67,10324
Pig,dofetilide,9,3.33,10325
Pig,dofetilide,9,4.0,10326
Pig,dofetilide,9,4.67,10327
Pig,dofetilide,9,5.33,10328
Pig,dofetilide,9,6.0,10329
Pig,dofetilide,10,0.0,10330
Pig,dofetilide,10,0.67,10331
Pig,dofetilide,10,1.33,10332
Pig,dofetilide,10,2.0,10333
Pig,dofetilide,10,2.67,10334
Pig,dofetilide,10,3.33,10335
Pig,dofetilide,10,4.0,10336
Pig,dofetilide,10,4.67,10337
Pig,dofetilide,10,5.33,10338
Pig,dofetilide,10,6.0,10339
Pig,dofetilide,11,0.0,10340
Pig,dofetilide,11,0.67,10341
Pig,dofetilide,11,1.33,10342
Pig,dofetilide,11,2.0,10343
Pig,dofetilide,11,2.67,10344
Pig,dofetilide,11,3.33,10345
Pig,dofetilide,11,4.0,10346
Pig,dofetilide,11,4.67,10347
Pig,dofetilide,11,5.33,10348
Pig,dofetilide,11,6.0,10349
Pig,dofetilide,12,0.0,10350
Pig,dofetilide,12,0.67,10351
Pig,dofetilide,12,1.33,10352
Pig,dofetilide,12,2.0,10353
Pig,dofetilide,12,2.67,10354
Pig,dofetilide,12,3.33,10355
Pig,dofetilide,12,4.0,10356
Pig,dofetilide,12,4.67,10357
Pig,dofetilide,12,5.33,10358
Pig,dofetilide,12,6.0,10359
Pig,dofetilide,13,0.0,10360
Pig,dofetilide,13,0.67,10361
Pig,dofetilide,13,1.33,10362
Pig,dofetilide,13,2.0,10363
Pig,dofetilide,13,2.67,10364
Pig,dofetilide,13,3.33,10365
Pig,dofetilide,13,4.0,10366
Pig,dofetilide,13,4.67,10367
Pig,dofetilide,13,5.33,10368
Pig,dofetilide,13,6.0,10369
Pig,dofetilide,14,0.0,10370
Pig,dofetilide,14,0.67,10371
Pig,dofetilide,14,1.33,10372
Pig,dofetilide,14,2.0,10373
Pig,dofetilide,14,2.67,10374
Pig,dofetilide,14,3.33,10375
Pig,dofetilide,14,4.0,10376
Pig,dofetilide,14,4.67,10377
Pig,dofetilide,14,5.33,10378
Pig,dofetilide,14,6.0,10379
Pig,dofetilide,15,0.0,10380
Pig,dofetilide,15,0.67,10381
Pig,dofetilide,15,1.33,10382
Pig,dofetilide,15,2.0,10383
Pig,dofetilide,15,2.67,10384
Pig,dofetilide,15,3.33,10385
Pig,dofetilide,15,4.0,10386
Pig,dofetilide,15,4.67,10387
Pig,dofetilide,15,5.33,10388
Pig,dofetilide,15,6.0,10389
Pig,dofetilide,16,0.0,10390
Pig,dofetilide,16,0.67,10391
Pig,dofetilide,16,1.33,10392
Pig,dofetilide,16,2.0,10393
Pig,dofetilide,16,2.67,10394
Pig,dofetilide,16,3.33,10395
Pig,dofetilide,16,4.0,10396
Pig,dofetilide,16,4.67,10397
Pig,dofetilide,16,5.33,10398
Pig,dofetilide,16,6.0,10399
Pig,dofetilide,18,0.0,10400
Pig,dofetilide,18,0.67,10401
Pig,dofetilide,18,1.33,10402
Pig,dofetilide,18,2.0,10403
Pig,dofetilide,18,2.67,10404
Pig,dofetilide,18,3.33,10405
Pig,dofetilide,18,4.0,10406
Pig,dofetilide,18,4.67,10407
Pig,dofetilide,18,5.33,10408
Pig,dofetilide,18,6.0,10409
Pig,dofetilide,19,0.0,10410
Pig,dofetilide,19,0.67,10411
Pig,dofetilide,19,1.33,10412
Pig,dofetilide,19,2.0,10413
Pig,dofetilide,19,2.67,10414
Pig,dofetilide,19,3.33,10415
Pig,dofetilide,19,4.0,10416
Pig,dofetilide,19,4.67,10417
Pig,dofetilide,19,5.33,10418
Pig,dofetilide,19,6.0,10419
Pig,dofetilide,20,0.0,10420
Pig,dofetilide,20,0.67,10421
Pig,dofetilide,20,1.33,10422
Pig,dofetilide,20,2.0,10423
Pig,dofetilide,20,2.67,10424
Pig,dofetilide,20,3.33,10425
Pig,dofetilide,20,4.0,10426
Pig,dofetilide,20,4.67,10427
Pig,dofetilide,20,5.33,10428
Pig,dofetilide,20,6.0,10429
Pig,dofetilide,22,0.0,10430
Pig,dofetilide,22,0.67,10431
Pig,dofetilide,22,1.33,10432
Pig,dofetilide,22,2.0,10433
Pig,dofetilide,22,2.67,10434
Pig,dofetilide,22,3.33,10435
Pig,dofetilide,22,4.0,10436
Pig,dofetilide,22,4.67,10437
Pig,dofetilide,22,5.33,10438
Pig,dofetilide,22,6.0,10439
Pig,dofetilide,23,0.0,10440
Pig,dofetilide,23,0.67,10441
Pig,dofetilide,23,1.33,10442
Pig,dofetilide,23,2.0,10443
Pig,dofetilide,23,2.67,10444
Pig,dofetilide,23,3.33,10445
Pig,dofetilide,23,4.0,10446
Pig,dofetilide,23,4.67,10447
Pig,dofetilide,23,5.33,10448
Pig,dofetilide,23,6.0,10449
Pig,dofetilide,24,0.0,10450
Pig,dofetilide,24,0.67,10451
Pig,dofetilide,24,1.33,10452
Pig,dofetilide,24,2.0,10453
Pig,dofetilide,24,2.67,10454
Pig,dofetilide,24,3.33,10455
Pig,dofetilide,24,4.0,10456
Pig,dofetilide,24,4.67,10457
Pig,dofetilide,24,5.33,10458
Pig,dofetilide,24,6.0,10459
Pig,dofetilide,26,0.0,10460
Pig,dofetilide,26,0.67,10461
Pig,dofetilide,26,1.33,10462
Pig,dofetilide,26,2.0,10463
Pig,dofetilide,26,2.67,10464
Pig,dofetilide,26,3.33,10465
Pig,dofetilide,26,4.0,10466
Pig,dofetilide,26,4.67,10467
Pig,dofetilide,26,5.33,10468
Pig,dofetilide,26,6.0,10469
Pig,dofetilide,30,0.0,10470
Pig,dofetilide,30,0.67,10471
Pig,dofetilide,30,1.33,10472
Pig,dofetilide,30,2.0,10473
Pig,dofetilide,30,2.67,10474
Pig,dofetilide,30,3.33,10475
Pig,dofetilide,30,4.0,10476
Pig,dofetilide,30,4.67,10477
Pig,dofetilide,30,5.33,10478
Pig,dofetilide,30,6.0,10479
Pig,mexiletine,0,0.0,12490
Pig,mexiletine,0,1376.33,12491
Pig,mexiletine,0,2752.67,12492
Pig,mexiletine,0,4129.0,12493
Pig,mexiletine,0,5505.33,12494
Pig,mexiletine,0,6881.67,12495
Pig,mexiletine,0,8258.0,12496
Pig,mexiletine,0,9634.33,12497
Pig,mexiletine,0,11010.67,12498
Pig,mexiletine,0,12387.0,12499
Pig,mexiletine,1,0.0,12500
Pig,mexiletine,1,1376.33,12501
Pig,mexiletine,1,2752.67,12502
Pig,mexiletine,1,4129.0,12503
Pig,mexiletine,1,5505.33,12504
Pig,mexiletine,1,6881.67,12505
Pig,mexiletine,1,8258.0,12506
Pig,mexiletine,1,9634.33,12507
Pig,mexiletine,1,11010.67,12508
Pig,mexiletine,1,12387.0,12509
Pig,mexiletine,2,0.0,12510
Pig,mexiletine,2,1376.33,12511
Pig,mexiletine,2,2752.67,12512
Pig,mexiletine,2,4129.0,12513
Pig,mexiletine,2,5505.33,12514
Pig,mexiletine,2,6881.67,12515
Pig,mexiletine,2,8258.0,12516
Pig,mexiletine,2,9634.33,12517
Pig,mexiletine,2,11010.67,12518
Pig,mexiletine,2,12387.0,12519
Pig,mexiletine,3,0.0,12520
Pig,mexiletine,3,1376.33,12521
Pig,mexiletine,3,2752.67,12522
Pig,mexiletine,3,4129.0,12523
Pig,mexiletine,3,5505.33,12524
Pig,mexiletine,3,6881.67,12525
Pig,mexiletine,3,8258.0,12526
Pig,mexiletine,3,9634.33,12527
Pig,mexiletine,3,11010.67,12528
Pig,mexiletine,3,12387.0,12529
Pig,mexiletine,4,0.0,12530
Pig,mexiletine,4,1376.33,12531
Pig,mexiletine,4,2752.67,12532
Pig,mexiletine,4,4129.0,12533
Pig,mexiletine,4,5505.33,12534
Pig,mexiletine,4,6881.67,12535
Pig,mexiletine,4,8258.0,12536
Pig,mexiletine,4,9634.33,12537
Pig,mexiletine,4,11010.67,12538
Pig,mexiletine,4,12387.0,12539
Pig,mexiletine,5,0.0,12540
Pig,mexiletine,5,1376.33,12541
Pig,mexiletine,5,2752.67,12542
Pig,mexiletine,5,4129.0,12543
Pig,mexiletine,5,5505.33,12544
Pig,mexiletine,5,6881.67,12545
Pig,mexiletine,5,8258.0,12546
Pig,mexiletine,5,9634.33,12547
Pig,mexiletine,5,11010.67,12548
Pig,mexiletine,5,12387.0,12549
Pig,mexiletine,6,0.0,12550
Pig,mexiletine,6,1376.33,12551
Pig,mexiletine,6,2752.67,12552
Pig,mexiletine,6,4129.0,12553
Pig,mexiletine,6,5505.33,12554
Pig,mexiletine,6,6881.67,12555
Pig,mexiletine,6,8258.0,12556
Pig,mexiletine,6,9634.33,12557
Pig,mexiletine,6,11010.67,12558
Pig,mexiletine,6,12387.0,12559
Pig,mexiletine,7,0.0,12560
Pig,mexiletine,7,1376.33,12561
Pig,mexiletine,7,2752.67,12562
Pig,mexiletine,7,4129.0,12563
Pig,mexiletine,7,5505.33,12564
Pig,mexiletine,7,6881.67,12565
Pig,mexiletine,7,8258.0,12566
Pig,mexiletine,7,9634.33,12567
Pig,mexiletine,7,11010.67,12568
Pig,mexiletine,7,12387.0,12569
Pig,mexiletine,8,0.0,12570
Pig,mexiletine,8,1376.33,12571
Pig,mexiletine,8,2752.67,12572
Pig,mexiletine,8,4129.0,12573
Pig,mexiletine,8,5505.33,12574
Pig,mexiletine,8,6881.67,12575
Pig,mexiletine,8,8258.0,12576
Pig,mexiletine,8,9634.33,12577
Pig,mexiletine,8,11010.67,12578
Pig,mexiletine,8,12387.0,12579
Pig,mexiletine,9,0.0,12580
Pig,mexiletine,9,1376.33,12581
Pig,mexiletine,9,2752.67,12582
Pig,mexiletine,9,4129.0,12583
Pig,mexiletine,9,5505.33,12584
Pig,mexiletine,9,6881.67,12585
Pig,mexiletine,9,8258.0,12586
Pig,mexiletine,9,9634.33,12587
Pig,mexiletine,9,11010.67,12588
Pig,mexiletine,9,12387.0,12589
Pig,mexiletine,10,0.0,12590
Pig,mexiletine,10,1376.33,12591
Pig,mexiletine,10,2752.67,12592
Pig,mexiletine,10,4129.0,12593
Pig,mexiletine,10,5505.33,12594
Pig,mexiletine,10,6881.67,12595
Pig,mexiletine,10,8258.0,12596
Pig,mexiletine,10,9634.33,12597
Pig,mexiletine,10,11010.67,12598
Pig,mexiletine,10,12387.0,12599
Pig,mexiletine,11,0.0,12600
Pig,mexiletine,11,1376.33,12601
Pig,mexiletine,11,2752.67,12602
Pig,mexiletine,11,4129.0,12603
Pig,mexiletine,11,5505.33,12604
Pig,mexiletine,11,6881.67,12605
Pig,mexiletine,11,8258.0,12606
Pig,mexiletine,11,9634.33,12607
Pig,mexiletine,11,11010.67,12608
Pig,mexiletine,11,12387.0,12609
Pig,mexiletine,12,0.0,12610
Pig,mexiletine,12,1376.33,12611
Pig,mexiletine,12,2752.67,12612
Pig,mexiletine,12,4129.0,12613
Pig,mexiletine,12,5505.33,12614
Pig,mexiletine,12,6881.67,12615
Pig,mexiletine,12,8258.0,12616
Pig,mexiletine,12,9634.33,12617
Pig,mexiletine,12,11010.67,12618
Pig,mexiletine,12,12387.0,12619
Pig,mexiletine,13,0.0,12620
Pig,mexiletine,13,1376.33,12621
Pig,mexiletine,13,2752.67,12622
Pig,mexiletine,13,4129.0,12623
Pig,mexiletine,13,5505.33,12624
Pig,mexiletine,13,6881.67,12625
Pig,mexiletine,13,8258.0,12626
Pig,mexiletine,13,9634.33,12627
Pig,mexiletine,13,11010.67,12628
Pig,mexiletine,13,12387.0,12629
Pig,mexiletine,14,0.0,12630
Pig,mexiletine,14,1376.33,12631
Pig,mexiletine,14,2752.67,12632
Pig,mexiletine,14,4129.0,12633
Pig,mexiletine,14,5505.33,12634
Pig,mexiletine,14,6881.67,12635
Pig,mexiletine,14,8258.0,12636
Pig,mexiletine,14,9634.33,12637
Pig,mexiletine,14,11010.67,12638
Pig,mexiletine,14,12387.0,12639
Pig,mexiletine,15,0.0,12640
Pig,mexiletine,15,1376.33,12641
Pig,mexiletine,15,2752.67,12642
Pig,mexiletine,15,4129.0,12643
Pig,mexiletine,15,5505.33,12644
Pig,mexiletine,15,6881.67,12645
Pig,mexiletine,15,8258.0,12646
Pig,mexiletine,15,9634.33,12647
Pig,mexiletine,15,11010.67,12648
Pig,mexiletine,15,12387.0,12649
Pig,mexiletine,16,0.0,12650
Pig,mexiletine,16,1376.33,12651
Pig,mexiletine,16,2752.67,12652
Pig,mexiletine,16,4129.0,12653
Pig,mexiletine,16,5505.33,12654
Pig,mexiletine,16,6881.67,12655
Pig,mexiletine,16,8258.0,12656
Pig,mexiletine,16,9634.33,12657
Pig,mexiletine,16,11010.67,12658
Pig,mexiletine,16,12387.0,12659
Pig,mexiletine,18,0.0,12660
Pig,mexiletine,18,1376.33,12661
Pig,mexiletine,18,2752.67,12662
Pig,mexiletine,18,4129.0,12663
Pig,mexiletine,18,5505.33,12664
Pig,mexiletine,18,6881.67,12665
Pig,mexiletine,18,8258.0,12666
Pig,mexiletine,18,9634.33,12667
Pig,mexiletine,18,11010.67,12668
Pig,mexiletine,18,12387.0,12669
Pig,mexiletine,19,0.0,12670
Pig,mexiletine,19,1376.33,12671
Pig,mexiletine,19,2752.67,12672
Pig,mexiletine,19,4129.0,12673
Pig,mexiletine,19,5505.33,12674
Pig,mexiletine,19,6881.67,12675
Pig,mexiletine,19,8258.0,12676
Pig,mexiletine,19,9634.33,12677
Pig,mexiletine,19,11010.67,12678
Pig,mexiletine,19,12387.0,12679
Pig,mexiletine,20,0.0,12680
Pig,mexiletine,20,1376.33,12681
Pig,mexiletine,20,2752.67,12682
Pig,mexiletine,20,4129.0,12683
Pig,mexiletine,20,5505.33,12684
Pig,mexiletine,20,6881.67,12685
Pig,mexiletine,20,8258.0,12686
Pig,mexiletine,20,9634.33,12687
Pig,mexiletine,20,11010.67,12688
Pig,mexiletine,20,12387.0,12689
Pig,mexiletine,22,0.0,12690
Pig,mexiletine,22,1376.33,12691
Pig,mexiletine,22,2752.67,12692
Pig,mexiletine,22,4129.0,12693
Pig,mexiletine,22,5505.33,12694
Pig,mexiletine,22,6881.67,12695
Pig,mexiletine,22,8258.0,12696
Pig,mexiletine,22,9634.33,12697
Pig,mexiletine,22,11010.67,12698
Pig,mexiletine,22,12387.0,12699
Pig,mexiletine,23,0.0,12700
Pig,mexiletine,23,1376.33,12701
Pig,mexiletine,23,2752.67,12702
Pig,mexiletine,23,4129.0,12703
Pig,mexiletine,23,5505.33,12704
Pig,mexiletine,23,6881.67,12705
Pig,mexiletine,23,8258.0,12706
Pig,mexiletine,23,9634.33,12707
Pig,mexiletine,23,11010.67,12708
Pig,mexiletine,23,12387.0,12709
Pig,mexiletine,24,0.0,12710
Pig,mexiletine,24,1376.33,12711
Pig,mexiletine,24,2752.67,12712
Pig,mexiletine,24,4129.0,12713
Pig,mexiletine,24,5505.33,12714
Pig,mexiletine,24,6881.67,12715
Pig,mexiletine,24,8258.0,12716
Pig,mexiletine,24,9634.33,12717
Pig,mexiletine,24,11010.67,12718
Pig,mexiletine,24,12387.0,12719
Pig,mexiletine,26,0.0,12720
Pig,mexiletine,26,1376.33,12721
Pig,mexiletine,26,2752.67,12722
Pig,mexiletine,26,4129.0,12723
Pig,mexiletine,26,5505.33,12724
Pig,mexiletine,26,6881.67,12725
Pig,mexiletine,26,8258.0,12726
Pig,mexiletine,26,9634.33,12727
Pig,mexiletine,26,11010.67,12728
Pig,mexiletine,26,12387.0,12729
Pig,mexiletine,28,0.0,12730
Pig,mexiletine,28,1376.33,12731
Pig,mexiletine,28,2752.67,12732
Pig,mexiletine,28,4129.0,12733
Pig,mexiletine,28,5505.33,12734
Pig,mexiletine,28,6881.67,12735
Pig,mexiletine,28,8258.0,12736
Pig,mexiletine,28,9634.33,12737
Pig,mexiletine,28,11010.67,12738
Pig,mexiletine,28,12387.0,12739
Pig,mexiletine,30,0.0,12740
Pig,mexiletine,30,1376.33,12741
Pig,mexiletine,30,2752.67,12742
Pig,mexiletine,30,4129.0,12743
Pig,mexiletine,30,5505.33,12744
Pig,mexiletine,30,6881.67,12745
Pig,mexiletine,30,8258.0,12746
Pig,mexiletine,30,9634.33,12747
Pig,mexiletine,30,11010.67,12748
Pig,mexiletine,30,12387.0,12749
Pig,ondansetron,0,0.0,14789
Pig,ondansetron,0,46.33,14790
Pig,ondansetron,0,92.67,14791
Pig,ondansetron,0,139.0,14792
Pig,ondansetron,0,185.33,14793
Pig,ondansetron,0,231.67,14794
Pig,ondansetron,0,278.0,14795
Pig,ondansetron,0,324.33,14796
Pig,ondansetron,0,370.67,14797
Pig,ondansetron,0,417.0,14798
Pig,ondansetron,1,0.0,14799
Pig,ondansetron,1,46.33,14800
Pig,ondansetron,1,92.67,14801
Pig,ondansetron,1,139.0,14802
Pig,ondansetron,1,185.33,14803
Pig,ondansetron,1,231.67,14804
Pig,ondansetron,1,278.0,14805
Pig,ondansetron,1,324.33,14806
Pig,ondansetron,1,370.67,14807
Pig,ondansetron,1,417.0,14808
Pig,ondansetron,2,0.0,14809
Pig,ondansetron,2,46.33,14810
Pig,ondansetron,2,92.67,14811
Pig,ondansetron,2,139.0,14812
Pig,ondansetron,2,185.33,14813
Pig,ondansetron,2,231.67,14814
Pig,ondansetron,2,278.0,14815
Pig,ondansetron,2,324.33,14816
Pig,ondansetron,2,370.67,14817
Pig,ondansetron,2,417.0,14818
Pig,ondansetron,3,0.0,14819
Pig,ondansetron,3,46.33,14820
Pig,ondansetron,3,92.67,14821
Pig,ondansetron,3,139.0,14822
Pig,ondansetron,3,185.33,14823
Pig,ondansetron,3,231.67,14824
Pig,ondansetron,3,278.0,14825
Pig,ondansetron,3,324.33,14826
Pig,ondansetron,3,370.67,14827
Pig,ondansetron,3,417.0,14828
Pig,ondansetron,4,0.0,14829
Pig,ondansetron,4,46.33,14830
Pig,ondansetron,4,92.67,14831
Pig,ondansetron,4,139.0,14832
Pig,ondansetron,4,185.33,14833
Pig,ondansetron,4,231.67,14834
Pig,ondansetron,4,278.0,14835
Pig,ondansetron,4,324.33,14836
Pig,ondansetron,4,370.67,14837
Pig,ondansetron,4,417.0,14838
Pig,ondansetron,5,0.0,14839
Pig,ondansetron,5,46.33,14840
Pig,ondansetron,5,92.67,14841
Pig,ondansetron,5,139.0,14842
Pig,ondansetron,5,185.33,14843
Pig,ondansetron,5,231.67,14844
Pig,ondansetron,5,278.0,14845
Pig,ondansetron,5,324.33,14846
Pig,ondansetron,5,370.67,14847
Pig,ondansetron,5,417.0,14848
Pig,ondansetron,6,0.0,14849
Pig,ondansetron,6,46.33,14850
Pig,ondansetron,6,92.67,14851
Pig,ondansetron,6,139.0,14852
Pig,ondansetron,6,185.33,14853
Pig,ondansetron,6,231.67,14854
Pig,ondansetron,6,278.0,14855
Pig,ondansetron,6,324.33,14856
Pig,ondansetron,6,370.67,14857
Pig,ondansetron,6,417.0,14858
Pig,ondansetron,7,0.0,14859
Pig,ondansetron,7,46.33,14860
Pig,ondansetron,7,92.67,14861
Pig,ondansetron,7,139.0,14862
Pig,ondansetron,7,185.33,14863
Pig,ondansetron,7,231.67,14864
Pig,ondansetron,7,278.0,14865
Pig,ondansetron,7,324.33,14866
Pig,ondansetron,7,370.67,14867
Pig,ondansetron,7,417.0,14868
Pig,ondansetron,8,0.0,14869
Pig,ondansetron,8,46.33,14870
Pig,ondansetron,8,92.67,14871
Pig,ondansetron,8,139.0,14872
Pig,ondansetron,8,185.33,14873
Pig,ondansetron,8,231.67,14874
Pig,ondansetron,8,278.0,14875
Pig,ondansetron,8,324.33,14876
Pig,ondansetron,8,370.67,14877
Pig,ondansetron,8,417.0,14878
Pig,ondansetron,9,0.0,14879
Pig,ondansetron,9,46.33,14880
Pig,ondansetron,9,92.67,14881
Pig,ondansetron,9,139.0,14882
Pig,ondansetron,9,185.33,14883
Pig,ondansetron,9,231.67,14884
Pig,ondansetron,9,278.0,14885
Pig,ondansetron,9,324.33,14886
Pig,ondansetron,9,370.67,14887
Pig,ondansetron,9,417.0,14888
Pig,ondansetron,10,0.0,14889
Pig,ondansetron,10,46.33,14890
Pig,ondansetron,10,92.67,14891
Pig,ondansetron,10,139.0,14892
Pig,ondansetron,10,185.33,14893
Pig,ondansetron,10,231.67,14894
Pig,ondansetron,10,278.0,14895
Pig,ondansetron,10,324.33,14896
Pig,ondansetron,10,370.67,14897
Pig,ondansetron,10,417.0,14898
Pig,ondansetron,11,0.0,14899
Pig,ondansetron,11,46.33,14900
Pig,ondansetron,11,92.67,14901
Pig,ondansetron,11,139.0,14902
Pig,ondansetron,11,185.33,14903
Pig,ondansetron,11,231.67,14904
Pig,ondansetron,11,278.0,14905
Pig,ondansetron,11,324.33,14906
Pig,ondansetron,11,370.67,14907
Pig,ondansetron,11,417.0,14908
Pig,ondansetron,12,0.0,14909
Pig,ondansetron,12,46.33,14910
Pig,ondansetron,12,92.67,14911
Pig,ondansetron,12,139.0,14912
Pig,ondansetron,12,185.33,14913
Pig,ondansetron,12,231.67,14914
Pig,ondansetron,12,278.0,14915
Pig,ondansetron,12,324.33,14916
Pig,ondansetron,12,370.67,14917
Pig,ondansetron,12,417.0,14918
Pig,ondansetron,13,0.0,14919
Pig,ondansetron,13,46.33,14920
Pig,ondansetron,13,92.67,14921
Pig,ondansetron,13,139.0,14922
Pig,ondansetron,13,185.33,14923
Pig,ondansetron,13,231.67,14924
Pig,ondansetron,13,278.0,14925
Pig,ondansetron,13,324.33,14926
Pig,ondansetron,13,370.67,14927
Pig,ondansetron,13,417.0,14928
Pig,ondansetron,14,0.0,14929
Pig,ondansetron,14,46.33,14930
Pig,ondansetron,14,92.67,14931
Pig,ondansetron,14,139.0,14932
Pig,ondansetron,14,185.33,14933
Pig,ondansetron,14,231.67,14934
Pig,ondansetron,14,278.0,14935
Pig,ondansetron,14,324.33,14936
Pig,ondansetron,14,370.67,14937
Pig,ondansetron,14,417.0,14938
Pig,ondansetron,15,0.0,14939
Pig,ondansetron,15,46.33,14940
Pig,ondansetron,15,92.67,14941
Pig,ondansetron,15,139.0,14942
Pig,ondansetron,15,185.33,14943
Pig,ondansetron,15,231.67,14944
Pig,ondansetron,15,278.0,14945
Pig,ondansetron,15,324.33,14946
Pig,ondansetron,15,370.67,14947
Pig,ondansetron,15,417.0,14948
Pig,ondansetron,16,0.0,14949
Pig,ondansetron,16,46.33,14950
Pig,ondansetron,16,92.67,14951
Pig,ondansetron,16,139.0,14952
Pig,ondansetron,16,185.33,14953
Pig,ondansetron,16,231.67,14954
Pig,ondansetron,16,278.0,14955
Pig,ondansetron,16,324.33,14956
Pig,ondansetron,16,370.67,14957
Pig,ondansetron,16,417.0,14958
Pig,ondansetron,18,0.0,14959
Pig,ondansetron,18,46.33,14960
Pig,ondansetron,18,92.67,14961
Pig,ondansetron,18,139.0,14962
Pig,ondansetron,18,185.33,14963
Pig,ondansetron,18,231.67,14964
Pig,ondansetron,18,278.0,14965
Pig,ondansetron,18,324.33,14966
Pig,ondansetron,18,370.67,14967
Pig,ondansetron,18,417.0,14968
Pig,ondansetron,19,0.0,14969
Pig,ondansetron,19,46.33,14970
Pig,ondansetron,19,92.67,14971
Pig,ondansetron,19,139.0,14972
Pig,ondansetron,19,185.33,14973
Pig,ondansetron,19,231.67,14974
Pig,ondansetron,19,278.0,14975
Pig,ondansetron,19,324.33,14976
Pig,ondansetron,19,370.67,14977
Pig,ondansetron,19,417.0,14978
Pig,ondansetron,20,0.0,14979
Pig,ondansetron,20,46.33,14980
Pig,ondansetron,20,92.67,14981
Pig,ondansetron,20,139.0,14982
Pig,ondansetron,20,185.33,14983
Pig,ondansetron,20,231.67,14984
Pig,ondansetron,20,278.0,14985
Pig,ondansetron,20,324.33,14986
Pig,ondansetron,20,370.67,14987
Pig,ondansetron,20,417.0,14988
Pig,ondansetron,22,0.0,14989
Pig,ondansetron,22,46.33,14990
Pig,ondansetron,22,92.67,14991
Pig,ondansetron,22,139.0,14992
Pig,ondansetron,22,185.33,14993
Pig,ondansetron,22,231.67,14994
Pig,ondansetron,22,278.0,14995
Pig,ondansetron,22,324.33,14996
Pig,ondansetron,22,370.67,14997
Pig,ondansetron,22,417.0,14998
Pig,ondansetron,23,0.0,14999
Pig,ondansetron,23,46.33,15000
Pig,ondansetron,23,92.67,15001
Pig,ondansetron,23,139.0,15002
Pig,ondansetron,23,185.33,15003
Pig,ondansetron,23,231.67,15004
Pig,ondansetron,23,278.0,15005
Pig,ondansetron,23,324.33,15006
Pig,ondansetron,23,370.67,15007
Pig,ondansetron,23,417.0,15008
Pig,ondansetron,24,0.0,15009
Pig,ondansetron,24,46.33,15010
Pig,ondansetron,24,92.67,15011
Pig,ondansetron,24,139.0,15012
Pig,ondansetron,24,185.33,15013
Pig,ondansetron,24,231.67,15014
Pig,ondansetron,24,278.0,15015
Pig,ondansetron,24,324.33,15016
Pig,ondansetron,24,370.67,15017
Pig,ondansetron,24,417.0,15018
Pig,ondansetron,26,0.0,15019
Pig,ondansetron,26,46.33,15020
Pig,ondansetron,26,92.67,15021
Pig,ondansetron,26,139.0,15022
Pig,ondansetron,26,185.33,15023
Pig,ondansetron,26,231.67,15024
Pig,ondansetron,26,278.0,15025
Pig,ondansetron,26,324.33,15026
Pig,ondansetron,26,370.67,15027
Pig,ondansetron,26,417.0,15028
Pig,ondansetron,28,0.0,15029
Pig,ondansetron,28,46.33,15030
Pig,ondansetron,28,92.67,15031
Pig,ondansetron,28,139.0,15032
Pig,ondansetron,28,185.33,15033
Pig,ondansetron,28,231.67,15034
Pig,ondansetron,28,278.0,15035
Pig,ondansetron,28,324.33,15036
Pig,ondansetron,28,370.67,15037
Pig,ondansetron,28,417.0,15038
Pig,ondansetron,30,0.0,15039
Pig,ondansetron,30,46.33,15040
Pig,ondansetron,30,92.67,15041
Pig,ondansetron,30,139.0,15042
Pig,ondansetron,30,185.33,15043
Pig,ondansetron,30,231.67,15044
Pig,ondansetron,30,278.0,15045
Pig,ondansetron,30,324.33,15046
Pig,ondansetron,30,370.67,15047
Pig,ondansetron,30,417.0,15048
Pig,quinidine,0,0.0,16769
Pig,quinidine,0,1079.0,16770
Pig,quinidine,0,2158.0,16771
Pig,quinidine,0,3237.0,16772
Pig,quinidine,0,4316.0,16773
Pig,quinidine,0,5395.0,16774
Pig,quinidine,0,6474.0,16775
Pig,quinidine,0,7553.0,16776
Pig,quinidine,0,8632.0,16777
Pig,quinidine,0,9711.0,16778
Pig,quinidine,1,0.0,16779
Pig,quinidine,1,1079.0,16780
Pig,quinidine,1,2158.0,16781
Pig,quinidine,1,3237.0,16782
Pig,quinidine,1,4316.0,16783
Pig,quinidine,1,5395.0,16784
Pig,quinidine,1,6474.0,16785
Pig,quinidine,1,7553.0,16786
Pig,quinidine,1,8632.0,16787
Pig,quinidine,1,9711.0,16788
Pig,quinidine,2,0.0,16789
Pig,quinidine,2,1079.0,16790
Pig,quinidine,2,2158.0,16791
Pig,quinidine,2,3237.0,16792
Pig,quinidine,2,4316.0,16793
Pig,quinidine,2,5395.0,16794
Pig,quinidine,2,6474.0,16795
Pig,quinidine,2,7553.0,16796
Pig,quinidine,2,8632.0,16797
Pig,quinidine,2,9711.0,16798
Pig,quinidine,3,0.0,16799
Pig,quinidine,3,1079.0,16800
Pig,quinidine,3,2158.0,16801
Pig,quinidine,3,3237.0,16802
Pig,quinidine,3,4316.0,16803
Pig,quinidine,3,5395.0,16804
Pig,quinidine,3,6474.0,16805
Pig,quinidine,3,7553.0,16806
Pig,quinidine,3,8632.0,16807
Pig,quinidine,3,9711.0,16808
Pig,quinidine,4,0.0,16809
Pig,quinidine,4,1079.0,16810
Pig,quinidine,4,2158.0,16811
Pig,quinidine,4,3237.0,16812
Pig,quinidine,4,4316.0,16813
Pig,quinidine,4,5395.0,16814
Pig,quinidine,4,6474.0,16815
Pig,quinidine,4,7553.0,16816
Pig,quinidine,4,8632.0,16817
Pig,quinidine,4,9711.0,16818
Pig,quinidine,5,0.0,16819
Pig,quinidine,5,1079.0,16820
Pig,quinidine,5,2158.0,16821
Pig,quinidine,5,3237.0,16822
Pig,quinidine,5,4316.0,16823
Pig,quinidine,5,5395.0,16824
Pig,quinidine,5,6474.0,16825
Pig,quinidine,5,7553.0,16826
Pig,quinidine,5,8632.0,16827
Pig,quinidine,5,9711.0,16828
Pig,quinidine,6,0.0,16829
Pig,quinidine,6,1079.0,16830
Pig,quinidine,6,2158.0,16831
Pig,quinidine,6,3237.0,16832
Pig,quinidine,6,4316.0,16833
Pig,quinidine,6,5395.0,16834
Pig,quinidine,6,6474.0,16835
Pig,quinidine,6,7553.0,16836
Pig,quinidine,6,8632.0,16837
Pig,quinidine,6,9711.0,16838
Pig,quinidine,7,0.0,16839
Pig,quinidine,7,1079.0,16840
Pig,quinidine,7,2158.0,16841
Pig,quinidine,7,3237.0,16842
Pig,quinidine,7,4316.0,16843
Pig,quinidine,7,5395.0,16844
Pig,quinidine,7,6474.0,16845
Pig,quinidine,7,7553.0,16846
Pig,quinidine,7,8632.0,16847
Pig,quinidine,7,9711.0,16848
Pig,quinidine,8,0.0,16849
Pig,quinidine,8,1079.0,16850
Pig,quinidine,8,2158.0,16851
Pig,quinidine,8,3237.0,16852
Pig,quinidine,8,4316.0,16853
Pig,quinidine,8,5395.0,16854
Pig,quinidine,8,6474.0,16855
Pig,quinidine,8,7553.0,16856
Pig,quinidine,8,8632.0,16857
Pig,quinidine,8,9711.0,16858
Pig,quinidine,9,0.0,16859
Pig,quinidine,9,1079.0,16860
Pig,quinidine,9,2158.0,16861
Pig,quinidine,9,3237.0,16862
Pig,quinidine,9,4316.0,16863
Pig,quinidine,9,5395.0,16864
Pig,quinidine,9,6474.0,16865
Pig,quinidine,9,7553.0,16866
Pig,quinidine,9,8632.0,16867
Pig,quinidine,9,9711.0,16868
Pig,quinidine,10,0.0,16869
Pig,quinidine,10,1079.0,16870
Pig,quinidine,10,2158.0,16871
Pig,quinidine,10,3237.0,16872
Pig,quinidine,10,4316.0,16873
Pig,quinidine,10,5395.0,16874
Pig,quinidine,10,6474.0,16875
Pig,quinidine,10,7553.0,16876
Pig,quinidine,10,8632.0,16877
Pig,quinidine,10,9711.0,16878
Pig,quinidine,11,0.0,16879
Pig,quinidine,11,1079.0,16880
Pig,quinidine,11,2158.0,16881
Pig,quinidine,11,3237.0,16882
Pig,quinidine,11,4316.0,16883
Pig,quinidine,11,5395.0,16884
Pig,quinidine,11,6474.0,16885
Pig,quinidine,11,7553.0,16886
Pig,quinidine,11,8632.0,16887
Pig,quinidine,11,9711.0,16888
Pig,quinidine,12,0.0,16889
Pig,quinidine,12,1079.0,16890
Pig,quinidine,12,2158.0,16891
Pig,quinidine,12,3237.0,16892
Pig,quinidine,12,4316.0,16893
Pig,quinidine,12,5395.0,16894
Pig,quinidine,12,6474.0,16895
Pig,quinidine,12,7553.0,16896
Pig,quinidine,12,8632.0,16897
Pig,quinidine,12,9711.0,16898
Pig,quinidine,13,0.0,16899
Pig,quinidine,13,1079.0,16900
Pig,quinidine,13,2158.0,16901
Pig,quinidine,13,3237.0,16902
Pig,quinidine,13,4316.0,16903
Pig,quinidine,13,5395.0,16904
Pig,quinidine,13,6474.0,16905
Pig,quinidine,13,7553.0,16906
Pig,quinidine,13,8632.0,16907
Pig,quinidine,13,9711.0,16908
Pig,quinidine,14,0.0,16909
Pig,quinidine,14,1079.0,16910
Pig,quinidine,14,2158.0,16911
Pig,quinidine,14,3237.0,16912
Pig,quinidine,14,4316.0,16913
Pig,quinidine,14,5395.0,16914
Pig,quinidine,14,6474.0,16915
Pig,quinidine,14,7553.0,16916
Pig,quinidine,14,8632.0,16917
Pig,quinidine,14,9711.0,16918
Pig,quinidine,15,0.0,16919
Pig,quinidine,15,1079.0,16920
Pig,quinidine,15,2158.0,16921
Pig,quinidine,15,3237.0,16922
Pig,quinidine,15,4316.0,16923
Pig,quinidine,15,5395.0,16924
Pig,quinidine,15,6474.0,16925
Pig,quinidine,15,7553.0,16926
Pig,quinidine,15,8632.0,16927
Pig,quinidine,15,9711.0,16928
Pig,quinidine,16,0.0,16929
Pig,quinidine,16,1079.0,16930
Pig,quinidine,16,2158.0,16931
Pig,quinidine,16,3237.0,16932
Pig,quinidine,16,4316.0,16933
Pig,quinidine,16,5395.0,16934
Pig,quinidine,16,6474.0,16935
Pig,quinidine,16,7553.0,16936
Pig,quinidine,16,8632.0,16937
Pig,quinidine,16,9711.0,16938
Pig,quinidine,18,0.0,16939
Pig,quinidine,18,1079.0,16940
Pig,quinidine,18,2158.0,16941
Pig,quinidine,18,3237.0,16942
Pig,quinidine,18,4316.0,16943
Pig,quinidine,18,5395.0,16944
Pig,quinidine,18,6474.0,16945
Pig,quinidine,18,7553.0,16946
Pig,quinidine,18,8632.0,16947
Pig,quinidine,18,9711.0,16948
Pig,quinidine,19,0.0,16949
Pig,quinidine,19,1079.0,16950
Pig,quinidine,19,2158.0,16951
Pig,quinidine,19,3237.0,16952
Pig,quinidine,19,4316.0,16953
Pig,quinidine,19,5395.0,16954
Pig,quinidine,19,6474.0,16955
Pig,quinidine,19,7553.0,16956
Pig,quinidine,19,8632.0,16957
Pig,quinidine,19,9711.0,16958
Pig,quinidine,20,0.0,16959
Pig,quinidine,20,1079.0,16960
Pig,quinidine,20,2158.0,16961
Pig,quinidine,20,3237.0,16962
Pig,quinidine,20,4316.0,16963
Pig,quinidine,20,5395.0,16964
Pig,quinidine,20,6474.0,16965
Pig,quinidine,20,7553.0,16966
Pig,quinidine,20,8632.0,16967
Pig,quinidine,20,9711.0,16968
Pig,quinidine,22,0.0,16969
Pig,quinidine,22,1079.0,16970
Pig,quinidine,22,2158.0,16971
Pig,quinidine,22,3237.0,16972
Pig,quinidine,22,4316.0,16973
Pig,quinidine,22,5395.0,16974
Pig,quinidine,22,6474.0,16975
Pig,quinidine,22,7553.0,16976
Pig,quinidine,22,8632.0,16977
Pig,quinidine,22,9711.0,16978
Pig,quinidine,23,0.0,16979
Pig,quinidine,23,1079.0,16980
Pig,quinidine,23,2158.0,16981
Pig,quinidine,23,3237.0,16982
Pig,quinidine,23,4316.0,16983
Pig,quinidine,23,5395.0,16984
Pig,quinidine,23,6474.0,16985
Pig,quinidine,23,7553.0,16986
Pig,quinidine,23,8632.0,16987
Pig,quinidine,23,9711.0,16988
Pig,quinidine,24,0.0,16989
Pig,quinidine,24,1079.0,16990
Pig,quinidine,24,2158.0,16991
Pig,quinidine,24,3237.0,16992
Pig,quinidine,24,4316.0,16993
Pig,quinidine,24,5395.0,16994
Pig,quinidine,24,6474.0,16995
Pig,quinidine,24,7553.0,16996
Pig,quinidine,24,8632.0,16997
Pig,quinidine,24,9711.0,16998
Pig,quinidine,26,0.0,16999
Pig,quinidine,26,1079.0,17000
Pig,quinidine,26,2158.0,17001
Pig,quinidine,26,3237.0,17002
Pig,quinidine,26,4316.0,17003
Pig,quinidine,26,5395.0,17004
Pig,quinidine,26,6474.0,17005
Pig,quinidine,26,7553.0,17006
Pig,quinidine,26,8632.0,17007
Pig,quinidine,26,9711.0,17008
Pig,quinidine,30,0.0,17009
Pig,quinidine,30,1079.0,17010
Pig,quinidine,30,2158.0,17011
Pig,quinidine,30,3237.0,17012
Pig,quinidine,30,4316.0,17013
Pig,quinidine,30,5395.0,17014
Pig,quinidine,30,6474.0,17015
Pig,quinidine,30,7553.0,17016
Pig,quinidine,30,8632.0,17017
Pig,quinidine,30,9711.0,17018
Pig,ranolazine,0,0.0,19039
Pig,ranolazine,0,649.4,19040
Pig,ranolazine,0,1298.8,19041
Pig,ranolazine,0,1948.2,19042
Pig,ranolazine,0,2597.6,19043
Pig,ranolazine,0,3247.0,19044
Pig,ranolazine,0,3896.4,19045
Pig,ranolazine,0,4545.8,19046
Pig,ranolazine,0,5195.2,19047
Pig,ranolazine,0,5844.6,19048
Pig,ranolazine,1,0.0,19049
Pig,ranolazine,1,649.4,19050
Pig,ranolazine,1,1298.8,19051
Pig,ranolazine,1,1948.2,19052
Pig,ranolazine,1,2597.6,19053
Pig,ranolazine,1,3247.0,19054
Pig,ranolazine,1,3896.4,19055
Pig,ranolazine,1,4545.8,19056
Pig,ranolazine,1,5195.2,19057
Pig,ranolazine,1,5844.6,19058
Pig,ranolazine,2,0.0,19059
Pig,ranolazine,2,649.4,19060
Pig,ranolazine,2,1298.8,19061
Pig,ranolazine,2,1948.2,19062
Pig,ranolazine,2,2597.6,19063
Pig,ranolazine,2,3247.0,19064
Pig,ranolazine,2,3896.4,19065
Pig,ranolazine,2,4545.8,19066
Pig,ranolazine,2,5195.2,19067
Pig,ranolazine,2,5844.6,19068
Pig,ranolazine,3,0.0,19069
Pig,ranolazine,3,649.4,19070
Pig,ranolazine,3,1298.8,19071
Pig,ranolazine,3,1948.2,19072
Pig,ranolazine,3,2597.6,19073
Pig,ranolazine,3,3247.0,19074
Pig,ranolazine,3,3896.4,19075
Pig,ranolazine,3,4545.8,19076
Pig,ranolazine,3,5195.2,19077
Pig,ranolazine,3,5844.6,19078
Pig,ranolazine,4,0.0,19079
Pig,ranolazine,4,649.4,19080
Pig,ranolazine,4,1298.8,19081
Pig,ranolazine,4,1948.2,19082
Pig,ranolazine,4,2597.6,19083
Pig,ranolazine,4,3247.0,19084
Pig,ranolazine,4,3896.4,19085
Pig,ranolazine,4,4545.8,19086
Pig,ranolazine,4,5195.2,19087
Pig,ranolazine,4,5844.6,19088
Pig,ranolazine,5,0.0,19089
Pig,ranolazine,5,649.4,19090
Pig,ranolazine,5,1298.8,19091
Pig,ranolazine,5,1948.2,19092
Pig,ranolazine,5,2597.6,19093
Pig,ranolazine,5,3247.0,19094
Pig,ranolazine,5,3896.4,19095
Pig,ranolazine,5,4545.8,19096
Pig,ranolazine,5,5195.2,19097
Pig,ranolazine,5,5844.6,19098
Pig,ranolazine,6,0.0,19099
Pig,ranolazine,6,649.4,19100
Pig,ranolazine,6,1298.8,19101
Pig,ranolazine,6,1948.2,19102
Pig,ranolazine,6,2597.6,19103
Pig,ranolazine,6,3247.0,19104
Pig,ranolazine,6,3896.4,19105
Pig,ranolazine,6,4545.8,19106
Pig,ranolazine,6,5195.2,19107
Pig,ranolazine,6,5844.6,19108
Pig,ranolazine,7,0.0,19109
Pig,ranolazine,7,649.4,19110
Pig,ranolazine,7,1298.8,19111
Pig,ranolazine,7,1948.2,19112
Pig,ranolazine,7,2597.6,19113
Pig,ranolazine,7,3247.0,19114
Pig,ranolazine,7,3896.4,19115
Pig,ranolazine,7,4545.8,19116
Pig,ranolazine,7,5195.2,19117
Pig,ranolazine,7,5844.6,19118
Pig,ranolazine,8,0.0,19119
Pig,ranolazine,8,649.4,19120
Pig,ranolazine,8,1298.8,19121
Pig,ranolazine,8,1948.2,19122
Pig,ranolazine,8,2597.6,19123
Pig,ranolazine,8,3247.0,19124
Pig,ranolazine,8,3896.4,19125
Pig,ranolazine,8,4545.8,19126
Pig,ranolazine,8,5195.2,19127
Pig,ranolazine,8,5844.6,19128
Pig,ranolazine,9,0.0,19129
Pig,ranolazine,9,649.4,19130
Pig,ranolazine,9,1298.8,19131
Pig,ranolazine,9,1948.2,19132
Pig,ranolazine,9,2597.6,19133
Pig,ranolazine,9,3247.0,19134
Pig,ranolazine,9,3896.4,19135
Pig,ranolazine,9,4545.8,19136
Pig,ranolazine,9,5195.2,19137
Pig,ranolazine,9,5844.6,19138
Pig,ranolazine,10,0.0,19139
Pig,ranolazine,10,649.4,19140
Pig,ranolazine,10,1298.8,19141
Pig,ranolazine,10,1948.2,19142
Pig,ranolazine,10,2597.6,19143
Pig,ranolazine,10,3247.0,19144
Pig,ranolazine,10,3896.4,19145
Pig,ranolazine,10,4545.8,19146
Pig,ranolazine,10,5195.2,19147
Pig,ranolazine,10,5844.6,19148
Pig,ranolazine,11,0.0,19149
Pig,ranolazine,11,649.4,19150
Pig,ranolazine,11,1298.8,19151
Pig,ranolazine,11,1948.2,19152
Pig,ranolazine,11,2597.6,19153
Pig,ranolazine,11,3247.0,19154
Pig,ranolazine,11,3896.4,19155
Pig,ranolazine,11,4545.8,19156
Pig,ranolazine,11,5195.2,19157
Pig,ranolazine,11,5844.6,19158
Pig,ranolazine,12,0.0,19159
Pig,ranolazine,12,649.4,19160
Pig,ranolazine,12,1298.8,19161
Pig,ranolazine,12,1948.2,19162
Pig,ranolazine,12,2597.6,19163
Pig,ranolazine,12,3247.0,19164
Pig,ranolazine,12,3896.4,19165
Pig,ranolazine,12,4545.8,19166
Pig,ranolazine,12,5195.2,19167
Pig,ranolazine,12,5844.6,19168
Pig,ranolazine,13,0.0,19169
Pig,ranolazine,13,649.4,19170
Pig,ranolazine,13,1298.8,19171
Pig,ranolazine,13,1948.2,19172
Pig,ranolazine,13,2597.6,19173
Pig,ranolazine,13,3247.0,19174
Pig,ranolazine,13,3896.4,19175
Pig,ranolazine,13,4545.8,19176
Pig,ranolazine,13,5195.2,19177
Pig,ranolazine,13,5844.6,19178
Pig,ranolazine,14,0.0,19179
Pig,ranolazine,14,649.4,19180
Pig,ranolazine,14,1298.8,19181
Pig,ranolazine,14,1948.2,19182
Pig,ranolazine,14,2597.6,19183
Pig,ranolazine,14,3247.0,19184
Pig,ranolazine,14,3896.4,19185
Pig,ranolazine,14,4545.8,19186
Pig,ranolazine,14,5195.2,19187
Pig,ranolazine,14,5844.6,19188
Pig,ranolazine,15,0.0,19189
Pig,ranolazine,15,649.4,19190
Pig,ranolazine,15,1298.8,19191
Pig,ranolazine,15,1948.2,19192
Pig,ranolazine,15,2597.6,19193
Pig,ranolazine,15,3247.0,19194
Pig,ranolazine,15,3896.4,19195
Pig,ranolazine,15,4545.8,19196
Pig,ranolazine,15,5195.2,19197
Pig,ranolazine,15,5844.6,19198
Pig,ranolazine,16,0.0,19199
Pig,ranolazine,16,649.4,19200
Pig,ranolazine,16,1298.8,19201
Pig,ranolazine,16,1948.2,19202
Pig,ranolazine,16,2597.6,19203
Pig,ranolazine,16,3247.0,19204
Pig,ranolazine,16,3896.4,19205
Pig,ranolazine,16,4545.8,19206
Pig,ranolazine,16,5195.2,19207
Pig,ranolazine,16,5844.6,19208
Pig,ranolazine,18,0.0,19209
Pig,ranolazine,18,649.4,19210
Pig,ranolazine,18,1298.8,19211
Pig,ranolazine,18,1948.2,19212
Pig,ranolazine,18,2597.6,19213
Pig,ranolazine,18,3247.0,19214
Pig,ranolazine,18,3896.4,19215
Pig,ranolazine,18,4545.8,19216
Pig,ranolazine,18,5195.2,19217
Pig,ranolazine,18,5844.6,19218
Pig,ranolazine,19,0.0,19219
Pig,ranolazine,19,649.4,19220
Pig,ranolazine,19,1298.8,19221
Pig,ranolazine,19,1948.2,19222
Pig,ranolazine,19,2597.6,19223
Pig,ranolazine,19,3247.0,19224
Pig,ranolazine,19,3896.4,19225
Pig,ranolazine,19,4545.8,19226
Pig,ranolazine,19,5195.2,19227
Pig,ranolazine,19,5844.6,19228
Pig,ranolazine,20,0.0,19229
Pig,ranolazine,20,649.4,19230
Pig,ranolazine,20,1298.8,19231
Pig,ranolazine,20,1948.2,19232
Pig,ranolazine,20,2597.6,19233
Pig,ranolazine,20,3247.0,19234
Pig,ranolazine,20,3896.4,19235
Pig,ranolazine,20,4545.8,19236
Pig,ranolazine,20,5195.2,19237
Pig,ranolazine,20,5844.6,19238
Pig,ranolazine,22,0.0,19239
Pig,ranolazine,22,649.4,19240
Pig,ranolazine,22,1298.8,19241
Pig,ranolazine,22,1948.2,19242
Pig,ranolazine,22,2597.6,19243
Pig,ranolazine,22,3247.0,19244
Pig,ranolazine,22,3896.4,19245
Pig,ranolazine,22,4545.8,19246
Pig,ranolazine,22,5195.2,19247
Pig,ranolazine,22,5844.6,19248
Pig,ranolazine,23,0.0,19249
Pig,ranolazine,23,649.4,19250
Pig,ranolazine,23,1298.8,19251
Pig,ranolazine,23,1948.2,19252
Pig,ranolazine,23,2597.6,19253
Pig,ranolazine,23,3247.0,19254
Pig,ranolazine,23,3896.4,19255
Pig,ranolazine,23,4545.8,19256
Pig,ranolazine,23,5195.2,19257
Pig,ranolazine,23,5844.6,19258
Pig,ranolazine,24,0.0,19259
Pig,ranolazine,24,649.4,19260
Pig,ranolazine,24,1298.8,19261
Pig,ranolazine,24,1948.2,19262
Pig,ranolazine,24,2597.6,19263
Pig,ranolazine,24,3247.0,19264
Pig,ranolazine,24,3896.4,19265
Pig,ranolazine,24,4545.8,19266
Pig,ranolazine,24,5195.2,19267
Pig,ranolazine,24,5844.6,19268
Pig,ranolazine,26,0.0,19269
Pig,ranolazine,26,649.4,19270
Pig,ranolazine,26,1298.8,19271
Pig,ranolazine,26,1948.2,19272
Pig,ranolazine,26,2597.6,19273
Pig,ranolazine,26,3247.0,19274
Pig,ranolazine,26,3896.4,19275
Pig,ranolazine,26,4545.8,19276
Pig,ranolazine,26,5195.2,19277
Pig,ranolazine,26,5844.6,19278
Pig,ranolazine,28,0.0,19279
Pig,ranolazine,28,649.4,19280
Pig,ranolazine,28,1298.8,19281
Pig,ranolazine,28,1948.2,19282
Pig,ranolazine,28,2597.6,19283
Pig,ranolazine,28,3247.0,19284
Pig,ranolazine,28,3896.4,19285
Pig,ranolazine,28,4545.8,19286
Pig,ranolazine,28,5195.2,19287
Pig,ranolazine,28,5844.6,19288
Pig,ranolazine,30,0.0,19289
Pig,ranolazine,30,649.4,19290
Pig,ranolazine,30,1298.8,19291
Pig,ranolazine,30,1948.2,19292
Pig,ranolazine,30,2597.6,19293
Pig,ranolazine,30,3247.0,19294
Pig,ranolazine,30,3896.4,19295
Pig,ranolazine,30,4545.8,19296
Pig,ranolazine,30,5195.2,19297
Pig,ranolazine,30,5844.6,19298
Pig,sotalol,0,0.0,21339
Pig,sotalol,0,4896.67,21340
Pig,sotalol,0,9793.33,21341
Pig,sotalol,0,14690.0,21342
Pig,sotalol,0,19586.67,21343
Pig,sotalol,0,24483.33,21344
Pig,sotalol,0,29380.0,21345
Pig,sotalol,0,34276.67,21346
Pig,sotalol,0,39173.33,21347
Pig,sotalol,0,44070.0,21348
Pig,sotalol,1,0.0,21349
Pig,sotalol,1,4896.67,21350
Pig,sotalol,1,9793.33,21351
Pig,sotalol,1,14690.0,21352
Pig,sotalol,1,19586.67,21353
Pig,sotalol,1,24483.33,21354
Pig,sotalol,1,29380.0,21355
Pig,sotalol,1,34276.67,21356
Pig,sotalol,1,39173.33,21357
Pig,sotalol,1,44070.0,21358
Pig,sotalol,2,0.0,21359
Pig,sotalol,2,4896.67,21360
Pig,sotalol,2,9793.33,21361
Pig,sotalol,2,14690.0,21362
Pig,sotalol,2,19586.67,21363
Pig,sotalol,2,24483.33,21364
Pig,sotalol,2,29380.0,21365
Pig,sotalol,2,34276.67,21366
Pig,sotalol,2,39173.33,21367
Pig,sotalol,2,44070.0,21368
Pig,sotalol,3,0.0,21369
Pig,sotalol,3,4896.67,21370
Pig,sotalol,3,9793.33,21371
Pig,sotalol,3,14690.0,21372
Pig,sotalol,3,19586.67,21373
Pig,sotalol,3,24483.33,21374
Pig,sotalol,3,29380.0,21375
Pig,sotalol,3,34276.67,21376
Pig,sotalol,3,39173.33,21377
Pig,sotalol,3,44070.0,21378
Pig,sotalol,4,0.0,21379
Pig,sotalol,4,4896.67,21380
Pig,sotalol,4,9793.33,21381
Pig,sotalol,4,14690.0,21382
Pig,sotalol,4,19586.67,21383
Pig,sotalol,4,24483.33,21384
Pig,sotalol,4,29380.0,21385
Pig,sotalol,4,34276.67,21386
Pig,sotalol,4,39173.33,21387
Pig,sotalol,4,44070.0,21388
Pig,sotalol,5,0.0,21389
Pig,sotalol,5,4896.67,21390
Pig,sotalol,5,9793.33,21391
Pig,sotalol,5,14690.0,21392
Pig,sotalol,5,19586.67,21393
Pig,sotalol,5,24483.33,21394
Pig,sotalol,5,29380.0,21395
Pig,sotalol,5,34276.67,21396
Pig,sotalol,5,39173.33,21397
Pig,sotalol,5,44070.0,21398
Pig,sotalol,6,0.0,21399
Pig,sotalol,6,4896.67,21400
Pig,sotalol,6,9793.33,21401
Pig,sotalol,6,14690.0,21402
Pig,sotalol,6,19586.67,21403
Pig,sotalol,6,24483.33,21404
Pig,sotalol,6,29380.0,21405
Pig,sotalol,6,34276.67,21406
Pig,sotalol,6,39173.33,21407
Pig,sotalol,6,44070.0,21408
Pig,sotalol,7,0.0,21409
Pig,sotalol,7,4896.67,21410
Pig,sotalol,7,9793.33,21411
Pig,sotalol,7,14690.0,21412
Pig,sotalol,7,19586.67,21413
Pig,sotalol,7,24483.33,21414
Pig,sotalol,7,29380.0,21415
Pig,sotalol,7,34276.67,21416
Pig,sotalol,7,39173.33,21417
Pig,sotalol,7,44070.0,21418
Pig,sotalol,8,0.0,21419
Pig,sotalol,8,4896.67,21420
Pig,sotalol,8,9793.33,21421
Pig,sotalol,8,14690.0,21422
Pig,sotalol,8,19586.67,21423
Pig,sotalol,8,24483.33,21424
Pig,sotalol,8,29380.0,21425
Pig,sotalol,8,34276.67,21426
Pig,sotalol,8,39173.33,21427
Pig,sotalol,8,44070.0,21428
Pig,sotalol,9,0.0,21429
Pig,sotalol,9,4896.67,21430
Pig,sotalol,9,9793.33,21431
Pig,sotalol,9,14690.0,21432
Pig,sotalol,9,19586.67,21433
Pig,sotalol,9,24483.33,21434
Pig,sotalol,9,29380.0,21435
Pig,sotalol,9,34276.67,21436
Pig,sotalol,9,39173.33,21437
Pig,sotalol,9,44070.0,21438
Pig,sotalol,10,0.0,21439
Pig,sotalol,10,4896.67,21440
Pig,sotalol,10,9793.33,21441
Pig,sotalol,10,14690.0,21442
Pig,sotalol,10,19586.67,21443
Pig,sotalol,10,24483.33,21444
Pig,sotalol,10,29380.0,21445
Pig,sotalol,10,34276.67,21446
Pig,sotalol,10,39173.33,21447
Pig,sotalol,10,44070.0,21448
Pig,sotalol,11,0.0,21449
Pig,sotalol,11,4896.67,21450
Pig,sotalol,11,9793.33,21451
Pig,sotalol,11,14690.0,21452
Pig,sotalol,11,19586.67,21453
Pig,sotalol,11,24483.33,21454
Pig,sotalol,11,29380.0,21455
Pig,sotalol,11,34276.67,21456
Pig,sotalol,11,39173.33,21457
Pig,sotalol,11,44070.0,21458
Pig,sotalol,12,0.0,21459
Pig,sotalol,12,4896.67,21460
Pig,sotalol,12,9793.33,21461
Pig,sotalol,12,14690.0,21462
Pig,sotalol,12,19586.67,21463
Pig,sotalol,12,24483.33,21464
Pig,sotalol,12,29380.0,21465
Pig,sotalol,12,34276.67,21466
Pig,sotalol,12,39173.33,21467
Pig,sotalol,12,44070.0,21468
Pig,sotalol,13,0.0,21469
Pig,sotalol,13,4896.67,21470
Pig,sotalol,13,9793.33,21471
Pig,sotalol,13,14690.0,21472
Pig,sotalol,13,19586.67,21473
Pig,sotalol,13,24483.33,21474
Pig,sotalol,13,29380.0,21475
Pig,sotalol,13,34276.67,21476
Pig,sotalol,13,39173.33,21477
Pig,sotalol,13,44070.0,21478
Pig,sotalol,14,0.0,21479
Pig,sotalol,14,4896.67,21480
Pig,sotalol,14,9793.33,21481
Pig,sotalol,14,14690.0,21482
Pig,sotalol,14,19586.67,21483
Pig,sotalol,14,24483.33,21484
Pig,sotalol,14,29380.0,21485
Pig,sotalol,14,34276.67,21486
Pig,sotalol,14,39173.33,21487
Pig,sotalol,14,44070.0,21488
Pig,sotalol,15,0.0,21489
Pig,sotalol,15,4896.67,21490
Pig,sotalol,15,9793.33,21491
Pig,sotalol,15,14690.0,21492
Pig,sotalol,15,19586.67,21493
Pig,sotalol,15,24483.33,21494
Pig,sotalol,15,29380.0,21495
Pig,sotalol,15,34276.67,21496
Pig,sotalol,15,39173.33,21497
Pig,sotalol,15,44070.0,21498
Pig,sotalol,16,0.0,21499
Pig,sotalol,16,4896.67,21500
Pig,sotalol,16,9793.33,21501
Pig,sotalol,16,14690.0,21502
Pig,sotalol,16,19586.67,21503
Pig,sotalol,16,24483.33,21504
Pig,sotalol,16,29380.0,21505
Pig,sotalol,16,34276.67,21506
Pig,sotalol,16,39173.33,21507
Pig,sotalol,16,44070.0,21508
Pig,sotalol,18,0.0,21509
Pig,sotalol,18,4896.67,21510
Pig,sotalol,18,9793.33,21511
Pig,sotalol,18,14690.0,21512
Pig,sotalol,18,19586.67,21513
Pig,sotalol,18,24483.33,21514
Pig,sotalol,18,29380.0,21515
Pig,sotalol,18,34276.67,21516
Pig,sotalol,18,39173.33,21517
Pig,sotalol,18,44070.0,21518
Pig,sotalol,19,0.0,21519
Pig,sotalol,19,4896.67,21520
Pig,sotalol,19,9793.33,21521
Pig,sotalol,19,14690.0,21522
Pig,sotalol,19,19586.67,21523
Pig,sotalol,19,24483.33,21524
Pig,sotalol,19,29380.0,21525
Pig,sotalol,19,34276.67,21526
Pig,sotalol,19,39173.33,21527
Pig,sotalol,19,44070.0,21528
Pig,sotalol,20,0.0,21529
Pig,sotalol,20,4896.67,21530
Pig,sotalol,20,9793.33,21531
Pig,sotalol,20,14690.0,21532
Pig,sotalol,20,19586.67,21533
Pig,sotalol,20,24483.33,21534
Pig,sotalol,20,29380.0,21535
Pig,sotalol,20,34276.67,21536
Pig,sotalol,20,39173.33,21537
Pig,sotalol,20,44070.0,21538
Pig,sotalol,22,0.0,21539
Pig,sotalol,22,4896.67,21540
Pig,sotalol,22,9793.33,21541
Pig,sotalol,22,14690.0,21542
Pig,sotalol,22,19586.67,21543
Pig,sotalol,22,24483.33,21544
Pig,sotalol,22,29380.0,21545
Pig,sotalol,22,34276.67,21546
Pig,sotalol,22,39173.33,21547
Pig,sotalol,22,44070.0,21548
Pig,sotalol,23,0.0,21549
Pig,sotalol,23,4896.67,21550
Pig,sotalol,23,9793.33,21551
Pig,sotalol,23,14690.0,21552
Pig,sotalol,23,19586.67,21553
Pig,sotalol,23,24483.33,21554
Pig,sotalol,23,29380.0,21555
Pig,sotalol,23,34276.67,21556
Pig,sotalol,23,39173.33,21557
Pig,sotalol,23,44070.0,21558
Pig,sotalol,24,0.0,21559
Pig,sotalol,24,4896.67,21560
Pig,sotalol,24,9793.33,21561
Pig,sotalol,24,14690.0,21562
Pig,sotalol,24,19586.67,21563
Pig,sotalol,24,24483.33,21564
Pig,sotalol,24,29380.0,21565
Pig,sotalol,24,34276.67,21566
Pig,sotalol,24,39173.33,21567
Pig,sotalol,24,44070.0,21568
Pig,sotalol,26,0.0,21569
Pig,sotalol,26,4896.67,21570
Pig,sotalol,26,9793.33,21571
Pig,sotalol,26,14690.0,21572
Pig,sotalol,26,19586.67,21573
Pig,sotalol,26,24483.33,21574
Pig,sotalol,26,29380.0,21575
Pig,sotalol,26,34276.67,21576
Pig,sotalol,26,39173.33,21577
Pig,sotalol,26,44070.0,21578
Pig,sotalol,30,0.0,21579
Pig,sotalol,30,4896.67,21580
Pig,sotalol,30,9793.33,21581
Pig,sotalol,30,14690.0,21582
Pig,sotalol,30,19586.67,21583
Pig,sotalol,30,24483.33,21584
Pig,sotalol,30,29380.0,21585
Pig,sotalol,30,34276.67,21586
Pig,sotalol,30,39173.33,21587
Pig,sotalol,30,44070.0,21588
Pig,terfenadine,0,0.0,23609
Pig,terfenadine,0,1.33,23610
Pig,terfenadine,0,2.67,23611
Pig,terfenadine,0,4.0,23612
Pig,terfenadine,0,5.33,23613
Pig,terfenadine,0,6.67,23614
Pig,terfenadine,0,8.0,23615
Pig,terfenadine,0,9.33,23616
Pig,terfenadine,0,10.67,23617
Pig,terfenadine,0,12.0,23618
Pig,terfenadine,1,0.0,23619
Pig,terfenadine,1,1.33,23620
Pig,terfenadine,1,2.67,23621
Pig,terfenadine,1,4.0,23622
Pig,terfenadine,1,5.33,23623
Pig,terfenadine,1,6.67,23624
Pig,terfenadine,1,8.0,23625
Pig,terfenadine,1,9.33,23626
Pig,terfenadine,1,10.67,23627
Pig,terfenadine,1,12.0,23628
Pig,terfenadine,2,0.0,23629
Pig,terfenadine,2,1.33,23630
Pig,terfenadine,2,2.67,23631
Pig,terfenadine,2,4.0,23632
Pig,terfenadine,2,5.33,23633
Pig,terfenadine,2,6.67,23634
Pig,terfenadine,2,8.0,23635
Pig,terfenadine,2,9.33,23636
Pig,terfenadine,2,10.67,23637
Pig,terfenadine,2,12.0,23638
Pig,terfenadine,3,0.0,23639
Pig,terfenadine,3,1.33,23640
Pig,terfenadine,3,2.67,23641
Pig,terfenadine,3,4.0,23642
Pig,terfenadine,3,5.33,23643
Pig,terfenadine,3,6.67,23644
Pig,terfenadine,3,8.0,23645
Pig,terfenadine,3,9.33,23646
Pig,terfenadine,3,10.67,23647
Pig,terfenadine,3,12.0,23648
Pig,terfenadine,4,0.0,23649
Pig,terfenadine,4,1.33,23650
Pig,terfenadine,4,2.67,23651
Pig,terfenadine,4,4.0,23652
Pig,terfenadine,4,5.33,23653
Pig,terfenadine,4,6.67,23654
Pig,terfenadine,4,8.0,23655
Pig,terfenadine,4,9.33,23656
Pig,terfenadine,4,10.67,23657
Pig,terfenadine,4,12.0,23658
Pig,terfenadine,5,0.0,23659
Pig,terfenadine,5,1.33,23660
Pig,terfenadine,5,2.67,23661
Pig,terfenadine,5,4.0,23662
Pig,terfenadine,5,5.33,23663
Pig,terfenadine,5,6.67,23664
Pig,terfenadine,5,8.0,23665
Pig,terfenadine,5,9.33,23666
Pig,terfenadine,5,10.67,23667
Pig,terfenadine,5,12.0,23668
Pig,terfenadine,6,0.0,23669
Pig,terfenadine,6,1.33,23670
Pig,terfenadine,6,2.67,23671
Pig,terfenadine,6,4.0,23672
Pig,terfenadine,6,5.33,23673
Pig,terfenadine,6,6.67,23674
Pig,terfenadine,6,8.0,23675
Pig,terfenadine,6,9.33,23676
Pig,terfenadine,6,10.67,23677
Pig,terfenadine,6,12.0,23678
Pig,terfenadine,7,0.0,23679
Pig,terfenadine,7,1.33,23680
Pig,terfenadine,7,2.67,23681
Pig,terfenadine,7,4.0,23682
Pig,terfenadine,7,5.33,23683
Pig,terfenadine,7,6.67,23684
Pig,terfenadine,7,8.0,23685
Pig,terfenadine,7,9.33,23686
Pig,terfenadine,7,10.67,23687
Pig,terfenadine,7,12.0,23688
Pig,terfenadine,8,0.0,23689
Pig,terfenadine,8,1.33,23690
Pig,terfenadine,8,2.67,23691
Pig,terfenadine,8,4.0,23692
Pig,terfenadine,8,5.33,23693
Pig,terfenadine,8,6.67,23694
Pig,terfenadine,8,8.0,23695
Pig,terfenadine,8,9.33,23696
Pig,terfenadine,8,10.67,23697
Pig,terfenadine,8,12.0,23698
Pig,terfenadine,9,0.0,23699
Pig,terfenadine,9,1.33,23700
Pig,terfenadine,9,2.67,23701
Pig,terfenadine,9,4.0,23702
Pig,terfenadine,9,5.33,23703
Pig,terfenadine,9,6.67,23704
Pig,terfenadine,9,8.0,23705
Pig,terfenadine,9,9.33,23706
Pig,terfenadine,9,10.67,23707
Pig,terfenadine,9,12.0,23708
Pig,terfenadine,10,0.0,23709
Pig,terfenadine,10,1.33,23710
Pig,terfenadine,10,2.67,23711
Pig,terfenadine,10,4.0,23712
Pig,terfenadine,10,5.33,23713
Pig,terfenadine,10,6.67,23714
Pig,terfenadine,10,8.0,23715
Pig,terfenadine,10,9.33,23716
Pig,terfenadine,10,10.67,23717
Pig,terfenadine,10,12.0,23718
Pig,terfenadine,11,0.0,23719
Pig,terfenadine,11,1.33,23720
Pig,terfenadine,11,2.67,23721
Pig,terfenadine,11,4.0,23722
Pig,terfenadine,11,5.33,23723
Pig,terfenadine,11,6.67,23724
Pig,terfenadine,11,8.0,23725
Pig,terfenadine,11,9.33,23726
Pig,terfenadine,11,10.67,23727
Pig,terfenadine,11,12.0,23728
Pig,terfenadine,12,0.0,23729
Pig,terfenadine,12,1.33,23730
Pig,terfenadine,12,2.67,23731
Pig,terfenadine,12,4.0,23732
Pig,terfenadine,12,5.33,23733
Pig,terfenadine,12,6.67,23734
Pig,terfenadine,12,8.0,23735
Pig,terfenadine,12,9.33,23736
Pig,terfenadine,12,10.67,23737
Pig,terfenadine,12,12.0,23738
Pig,terfenadine,13,0.0,23739
Pig,terfenadine,13,1.33,23740
Pig,terfenadine,13,2.67,23741
Pig,terfenadine,13,4.0,23742
Pig,terfenadine,13,5.33,23743
Pig,terfenadine,13,6.67,23744
Pig,terfenadine,13,8.0,23745
Pig,terfenadine,13,9.33,23746
Pig,terfenadine,13,10.67,23747
Pig,terfenadine,13,12.0,23748
Pig,terfenadine,14,0.0,23749
Pig,terfenadine,14,1.33,23750
Pig,terfenadine,14,2.67,23751
Pig,terfenadine,14,4.0,23752
Pig,terfenadine,14,5.33,23753
Pig,terfenadine,14,6.67,23754
Pig,terfenadine,14,8.0,23755
Pig,terfenadine,14,9.33,23756
Pig,terfenadine,14,10.67,23757
Pig,terfenadine,14,12.0,23758
Pig,terfenadine,15,0.0,23759
Pig,terfenadine,15,1.33,23760
Pig,terfenadine,15,2.67,23761
Pig,terfenadine,15,4.0,23762
Pig,terfenadine,15,5.33,23763
Pig,terfenadine,15,6.67,23764
Pig,terfenadine,15,8.0,23765
Pig,terfenadine,15,9.33,23766
Pig,terfenadine,15,10.67,23767
Pig,terfenadine,15,12.0,23768
Pig,terfenadine,16,0.0,23769
Pig,terfenadine,16,1.33,23770
Pig,terfenadine,16,2.67,23771
Pig,terfenadine,16,4.0,23772
Pig,terfenadine,16,5.33,23773
Pig,terfenadine,16,6.67,23774
Pig,terfenadine,16,8.0,23775
Pig,terfenadine,16,9.33,23776
Pig,terfenadine,16,10.67,23777
Pig,terfenadine,16,12.0,23778
Pig,terfenadine,18,0.0,23779
Pig,terfenadine,18,1.33,23780
Pig,terfenadine,18,2.67,23781
Pig,terfenadine,18,4.0,23782
Pig,terfenadine,18,5.33,23783
Pig,terfenadine,18,6.67,23784
Pig,terfenadine,18,8.0,23785
Pig,terfenadine,18,9.33,23786
Pig,terfenadine,18,10.67,23787
Pig,terfenadine,18,12.0,23788
Pig,terfenadine,19,0.0,23789
Pig,terfenadine,19,1.33,23790
Pig,terfenadine,19,2.67,23791
Pig,terfenadine,19,4.0,23792
Pig,terfenadine,19,5.33,23793
Pig,terfenadine,19,6.67,23794
Pig,terfenadine,19,8.0,23795
Pig,terfenadine,19,9.33,23796
Pig,terfenadine,19,10.67,23797
Pig,terfenadine,19,12.0,23798
Pig,terfenadine,20,0.0,23799
Pig,terfenadine,20,1.33,23800
Pig,terfenadine,20,2.67,23801
Pig,terfenadine,20,4.0,23802
Pig,terfenadine,20,5.33,23803
Pig,terfenadine,20,6.67,23804
Pig,terfenadine,20,8.0,23805
Pig,terfenadine,20,9.33,23806
Pig,terfenadine,20,10.67,23807
Pig,terfenadine,20,12.0,23808
Pig,terfenadine,22,0.0,23809
Pig,terfenadine,22,1.33,23810
Pig,terfenadine,22,2.67,23811
Pig,terfenadine,22,4.0,23812
Pig,terfenadine,22,5.33,23813
Pig,terfenadine,22,6.67,23814
Pig,terfenadine,22,8.0,23815
Pig,terfenadine,22,9.33,23816
Pig,terfenadine,22,10.67,23817
Pig,terfenadine,22,12.0,23818
Pig,terfenadine,23,0.0,23819
Pig,terfenadine,23,1.33,23820
Pig,terfenadine,23,2.67,23821
Pig,terfenadine,23,4.0,23822
Pig,terfenadine,23,5.33,23823
Pig,terfenadine,23,6.67,23824
Pig,terfenadine,23,8.0,23825
Pig,terfenadine,23,9.33,23826
Pig,terfenadine,23,10.67,23827
Pig,terfenadine,23,12.0,23828
Pig,terfenadine,24,0.0,23829
Pig,terfenadine,24,1.33,23830
Pig,terfenadine,24,2.67,23831
Pig,terfenadine,24,4.0,23832
Pig,terfenadine,24,5.33,23833
Pig,terfenadine,24,6.67,23834
Pig,terfenadine,24,8.0,23835
Pig,terfenadine,24,9.33,23836
Pig,terfenadine,24,10.67,23837
Pig,terfenadine,24,12.0,23838
Pig,terfenadine,26,0.0,23839
Pig,terfenadine,26,1.33,23840
Pig,terfenadine,26,2.67,23841
Pig,terfenadine,26,4.0,23842
Pig,terfenadine,26,5.33,23843
Pig,terfenadine,26,6.67,23844
Pig,terfenadine,26,8.0,23845
Pig,terfenadine,26,9.33,23846
Pig,terfenadine,26,10.67,23847
Pig,terfenadine,26,12.0,23848
Pig,terfenadine,30,0.0,23849
Pig,terfenadine,30,1.33,23850
Pig,terfenadine,30,2.67,23851
Pig,terfenadine,30,4.0,23852
Pig,terfenadine,30,5.33,23853
Pig,terfenadine,30,6.67,23854
Pig,terfenadine,30,8.0,23855
Pig,terfenadine,30,9.33,23856
Pig,terfenadine,30,10.67,23857
Pig,terfenadine,30,12.0,23858
Pig,verapamil,0,0.0,25889
Pig,verapamil,0,27.0,25890
Pig,verapamil,0,54.0,25891
Pig,verapamil,0,81.0,25892
Pig,verapamil,0,108.0,25893
Pig,verapamil,0,135.0,25894
Pig,verapamil,0,162.0,25895
Pig,verapamil,0,189.0,25896
Pig,verapamil,0,216.0,25897
Pig,verapamil,0,243.0,25898
Pig,verapamil,1,0.0,25899
Pig,verapamil,1,27.0,25900
Pig,verapamil,1,54.0,25901
Pig,verapamil,1,81.0,25902
Pig,verapamil,1,108.0,25903
Pig,verapamil,1,135.0,25904
Pig,verapamil,1,162.0,25905
Pig,verapamil,1,189.0,25906
Pig,verapamil,1,216.0,25907
Pig,verapamil,1,243.0,25908
Pig,verapamil,2,0.0,25909
Pig,verapamil,2,27.0,25910
Pig,verapamil,2,54.0,25911
Pig,verapamil,2,81.0,25912
Pig,verapamil,2,108.0,25913
Pig,verapamil,2,135.0,25914
Pig,verapamil,2,162.0,25915
Pig,verapamil,2,189.0,25916
Pig,verapamil,2,216.0,25917
Pig,verapamil,2,243.0,25918
Pig,verapamil,3,0.0,25919
Pig,verapamil,3,27.0,25920
Pig,verapamil,3,54.0,25921
Pig,verapamil,3,81.0,25922
Pig,verapamil,3,108.0,25923
Pig,verapamil,3,135.0,25924
Pig,verapamil,3,162.0,25925
Pig,verapamil,3,189.0,25926
Pig,verapamil,3,216.0,25927
Pig,verapamil,3,243.0,25928
Pig,verapamil,4,0.0,25929
Pig,verapamil,4,27.0,25930
Pig,verapamil,4,54.0,25931
Pig,verapamil,4,81.0,25932
Pig,verapamil,4,108.0,25933
Pig,verapamil,4,135.0,25934
Pig,verapamil,4,162.0,25935
Pig,verapamil,4,189.0,25936
Pig,verapamil,4,216.0,25937
Pig,verapamil,4,243.0,25938
Pig,verapamil,5,0.0,25939
Pig,verapamil,5,27.0,25940
Pig,verapamil,5,54.0,25941
Pig,verapamil,5,81.0,25942
Pig,verapamil,5,108.0,25943
Pig,verapamil,5,135.0,25944
Pig,verapamil,5,162.0,25945
Pig,verapamil,5,189.0,25946
Pig,verapamil,5,216.0,25947
Pig,verapamil,5,243.0,25948
Pig,verapamil,6,0.0,25949
Pig,verapamil,6,27.0,25950
Pig,verapamil,6,54.0,25951
Pig,verapamil,6,81.0,25952
Pig,verapamil,6,108.0,25953
Pig,verapamil,6,135.0,25954
Pig,verapamil,6,162.0,25955
Pig,verapamil,6,189.0,25956
Pig,verapamil,6,216.0,25957
Pig,verapamil,6,243.0,25958
Pig,verapamil,7,0.0,25959
Pig,verapamil,7,27.0,25960
Pig,verapamil,7,54.0,25961
Pig,verapamil,7,81.0,25962
Pig,verapamil,7,108.0,25963
Pig,verapamil,7,135.0,25964
Pig,verapamil,7,162.0,25965
Pig,verapamil,7,189.0,25966
Pig,verapamil,7,216.0,25967
Pig,verapamil,7,243.0,25968
Pig,verapamil,8,0.0,25969
Pig,verapamil,8,27.0,25970
Pig,verapamil,8,54.0,25971
Pig,verapamil,8,81.0,25972
Pig,verapamil,8,108.0,25973
Pig,verapamil,8,135.0,25974
Pig,verapamil,8,162.0,25975
Pig,verapamil,8,189.0,25976
Pig,verapamil,8,216.0,25977
Pig,verapamil,8,243.0,25978
Pig,verapamil,9,0.0,25979
Pig,verapamil,9,27.0,25980
Pig,verapamil,9,54.0,25981
Pig,verapamil,9,81.0,25982
Pig,verapamil,9,108.0,25983
Pig,verapamil,9,135.0,25984
Pig,verapamil,9,162.0,25985
Pig,verapamil,9,189.0,25986
Pig,verapamil,9,216.0,25987
Pig,verapamil,9,243.0,25988
Pig,verapamil,10,0.0,25989
Pig,verapamil,10,27.0,25990
Pig,verapamil,10,54.0,25991
Pig,verapamil,10,81.0,25992
Pig,verapamil,10,108.0,25993
Pig,verapamil,10,135.0,25994
Pig,verapamil,10,162.0,25995
Pig,verapamil,10,189.0,25996
Pig,verapamil,10,216.0,25997
Pig,verapamil,10,243.0,25998
Pig,verapamil,11,0.0,25999
Pig,verapamil,11,27.0,26000
Pig,verapamil,11,54.0,26001
Pig,verapamil,11,81.0,26002
Pig,verapamil,11,108.0,26003
Pig,verapamil,11,135.0,26004
Pig,verapamil,11,162.0,26005
Pig,verapamil,11,189.0,26006
Pig,verapamil,11,216.0,26007
Pig,verapamil,11,243.0,26008
Pig,verapamil,12,0.0,26009
Pig,verapamil,12,27.0,26010
Pig,verapamil,12,54.0,26011
Pig,verapamil,12,81.0,26012
Pig,verapamil,12,108.0,26013
Pig,verapamil,12,135.0,26014
Pig,verapamil,12,162.0,26015
Pig,verapamil,12,189.0,26016
Pig,verapamil,12,216.0,26017
Pig,verapamil,12,243.0,26018
Pig,verapamil,13,0.0,26019
Pig,verapamil,13,27.0,26020
Pig,verapamil,13,54.0,26021
Pig,verapamil,13,81.0,26022
Pig,verapamil,13,108.0,26023
Pig,verapamil,13,135.0,26024
Pig,verapamil,13,162.0,26025
Pig,verapamil,13,189.0,26026
Pig,verapamil,13,216.0,26027
Pig,verapamil,13,243.0,26028
Pig,verapamil,14,0.0,26029
Pig,verapamil,14,27.0,26030
Pig,verapamil,14,54.0,26031
Pig,verapamil,14,81.0,26032
Pig,verapamil,14,108.0,26033
Pig,verapamil,14,135.0,26034
Pig,verapamil,14,162.0,26035
Pig,verapamil,14,189.0,26036
Pig,verapamil,14,216.0,26037
Pig,verapamil,14,243.0,26038
Pig,verapamil,15,0.0,26039
Pig,verapamil,15,27.0,26040
Pig,verapamil,15,54.0,26041
Pig,verapamil,15,81.0,26042
Pig,verapamil,15,108.0,26043
Pig,verapamil,15,135.0,26044
Pig,verapamil,15,162.0,26045
Pig,verapamil,15,189.0,26046
Pig,verapamil,15,216.0,26047
Pig,verapamil,15,243.0,26048
Pig,verapamil,16,0.0,26049
Pig,verapamil,16,27.0,26050
Pig,verapamil,16,54.0,26051
Pig,verapamil,16,81.0,26052
Pig,verapamil,16,108.0,26053
Pig,verapamil,16,135.0,26054
Pig,verapamil,16,162.0,26055
Pig,verapamil,16,189.0,26056
Pig,verapamil,16,216.0,26057
Pig,verapamil,16,243.0,26058
Pig,verapamil,18,0.0,26059
Pig,verapamil,18,27.0,26060
Pig,verapamil,18,54.0,26061
Pig,verapamil,18,81.0,26062
Pig,verapamil,18,108.0,26063
Pig,verapamil,18,135.0,26064
Pig,verapamil,18,162.0,26065
Pig,verapamil,18,189.0,26066
Pig,verapamil,18,216.0,26067
Pig,verapamil,18,243.0,26068
Pig,verapamil,19,0.0,26069
Pig,verapamil,19,27.0,26070
Pig,verapamil,19,54.0,26071
Pig,verapamil,19,81.0,26072
Pig,verapamil,19,108.0,26073
Pig,verapamil,19,135.0,26074
Pig,verapamil,19,162.0,26075
Pig,verapamil,19,189.0,26076
Pig,verapamil,19,216.0,26077
Pig,verapamil,19,243.0,26078
Pig,verapamil,20,0.0,26079
Pig,verapamil,20,27.0,26080
Pig,verapamil,20,54.0,26081
Pig,verapamil,20,81.0,26082
Pig,verapamil,20,108.0,26083
Pig,verapamil,20,135.0,26084
Pig,verapamil,20,162.0,26085
Pig,verapamil,20,189.0,26086
Pig,verapamil,20,216.0,26087
Pig,verapamil,20,243.0,26088
Pig,verapamil,22,0.0,26089
Pig,verapamil,22,27.0,26090
Pig,verapamil,22,54.0,26091
Pig,verapamil,22,81.0,26092
Pig,verapamil,22,108.0,26093
Pig,verapamil,22,135.0,26094
Pig,verapamil,22,162.0,26095
Pig,verapamil,22,189.0,26096
Pig,verapamil,22,216.0,26097
Pig,verapamil,22,243.0,26098
Pig,verapamil,23,0.0,26099
Pig,verapamil,23,27.0,26100
Pig,verapamil,23,54.0,26101
Pig,verapamil,23,81.0,26102
Pig,verapamil,23,108.0,26103
Pig,verapamil,23,135.0,26104
Pig,verapamil,23,162.0,26105
Pig,verapamil,23,189.0,26106
Pig,verapamil,23,216.0,26107
Pig,verapamil,23,243.0,26108
Pig,verapamil,24,0.0,26109
Pig,verapamil,24,27.0,26110
Pig,verapamil,24,54.0,26111
Pig,verapamil,24,81.0,26112
Pig,verapamil,24,108.0,26113
Pig,verapamil,24,135.0,26114
Pig,verapamil,24,162.0,26115
Pig,verapamil,24,189.0,26116
Pig,verapamil,24,216.0,26117
Pig,verapamil,24,243.0,26118
Pig,verapamil,26,0.0,26119
Pig,verapamil,26,27.0,26120
Pig,verapamil,26,54.0,26121
Pig,verapamil,26,81.0,26122
Pig,verapamil,26,108.0,26123
Pig,verapamil,26,135.0,26124
Pig,verapamil,26,162.0,26125
Pig,verapamil,26,189.0,26126
Pig,verapamil,26,216.0,26127
Pig,verapamil,26,243.0,26128
Pig,verapamil,28,0.0,26129
Pig,verapamil,28,27.0,26130
Pig,verapamil,28,54.0,26131
Pig,verapamil,28,81.0,26132
Pig,verapamil,28,108.0,26133
Pig,verapamil,28,135.0,26134
Pig,verapamil,28,162.0,26135
Pig,verapamil,28,189.0,26136
Pig,verapamil,28,216.0,26137
Pig,verapamil,28,243.0,26138
Pig,verapamil,30,0.0,26139
Pig,verapamil,30,27.0,26140
Pig,verapamil,30,54.0,26141
Pig,verapamil,30,81.0,26142
Pig,verapamil,30,108.0,26143
Pig,verapamil,30,135.0,26144
Pig,verapamil,30,162.0,26145
Pig,verapamil,30,189.0,26146
Pig,verapamil,30,216.0,26147
Pig,verapamil,30,243.0,26148
Rabbit,bepridil,0,0.0,1110
Rabbit,bepridil,0,11.0,1111
Rabbit,bepridil,0,22.0,1112
Rabbit,bepridil,0,33.0,1113
Rabbit,bepridil,0,44.0,1114
Rabbit,bepridil,0,55.0,1115
Rabbit,bepridil,0,66.0,1116
Rabbit,bepridil,0,77.0,1117
Rabbit,bepridil,0,88.0,1118
Rabbit,bepridil,0,99.0,1119
Rabbit,bepridil,1,0.0,1120
Rabbit,bepridil,1,11.0,1121
Rabbit,bepridil,1,22.0,1122
Rabbit,bepridil,1,33.0,1123
Rabbit,bepridil,1,44.0,1124
Rabbit,bepridil,1,55.0,1125
Rabbit,bepridil,1,66.0,1126
Rabbit,bepridil,1,77.0,1127
Rabbit,bepridil,1,88.0,1128
Rabbit,bepridil,1,99.0,1129
Rabbit,bepridil,2,0.0,1130
Rabbit,bepridil,2,11.0,1131
Rabbit,bepridil,2,22.0,1132
Rabbit,bepridil,2,33.0,1133
Rabbit,bepridil,2,44.0,1134
Rabbit,bepridil,2,55.0,1135
Rabbit,bepridil,2,66.0,1136
Rabbit,bepridil,2,77.0,1137
Rabbit,bepridil,2,88.0,1138
Rabbit,bepridil,2,99.0,1139
Rabbit,bepridil,3,0.0,1140
Rabbit,bepridil,3,11.0,1141
Rabbit,bepridil,3,22.0,1142
Rabbit,bepridil,3,33.0,1143
Rabbit,bepridil,3,44.0,1144
Rabbit,bepridil,3,55.0,1145
Rabbit,bepridil,3,66.0,1146
Rabbit,bepridil,3,77.0,1147
Rabbit,bepridil,3,88.0,1148
Rabbit,bepridil,3,99.0,1149
Rabbit,bepridil,4,0.0,1150
Rabbit,bepridil,4,11.0,1151
Rabbit,bepridil,4,22.0,1152
Rabbit,bepridil,4,33.0,1153
Rabbit,bepridil,4,44.0,1154
Rabbit,bepridil,4,55.0,1155
Rabbit,bepridil,4,66.0,1156
Rabbit,bepridil,4,77.0,1157
Rabbit,bepridil,4,88.0,1158
Rabbit,bepridil,4,99.0,1159
Rabbit,bepridil,5,0.0,1160
Rabbit,bepridil,5,11.0,1161
Rabbit,bepridil,5,22.0,1162
Rabbit,bepridil,5,33.0,1163
Rabbit,bepridil,5,44.0,1164
Rabbit,bepridil,5,55.0,1165
Rabbit,bepridil,5,66.0,1166
Rabbit,bepridil,5,77.0,1167
Rabbit,bepridil,5,88.0,1168
Rabbit,bepridil,5,99.0,1169
Rabbit,bepridil,6,0.0,1170
Rabbit,bepridil,6,11.0,1171
Rabbit,bepridil,6,22.0,1172
Rabbit,bepridil,6,33.0,1173
Rabbit,bepridil,6,44.0,1174
Rabbit,bepridil,6,55.0,1175
Rabbit,bepridil,6,66.0,1176
Rabbit,bepridil,6,77.0,1177
Rabbit,bepridil,6,88.0,1178
Rabbit,bepridil,6,99.0,1179
Rabbit,bepridil,7,0.0,1180
Rabbit,bepridil,7,11.0,1181
Rabbit,bepridil,7,22.0,1182
Rabbit,bepridil,7,33.0,1183
Rabbit,bepridil,7,44.0,1184
Rabbit,bepridil,7,55.0,1185
Rabbit,bepridil,7,66.0,1186
Rabbit,bepridil,7,77.0,1187
Rabbit,bepridil,7,88.0,1188
Rabbit,bepridil,7,99.0,1189
Rabbit,bepridil,8,0.0,1190
Rabbit,bepridil,8,11.0,1191
Rabbit,bepridil,8,22.0,1192
Rabbit,bepridil,8,33.0,1193
Rabbit,bepridil,8,44.0,1194
Rabbit,bepridil,8,55.0,1195
Rabbit,bepridil,8,66.0,1196
Rabbit,bepridil,8,77.0,1197
Rabbit,bepridil,8,88.0,1198
Rabbit,bepridil,8,99.0,1199
Rabbit,bepridil,9,0.0,1200
Rabbit,bepridil,9,11.0,1201
Rabbit,bepridil,9,22.0,1202
Rabbit,bepridil,9,33.0,1203
Rabbit,bepridil,9,44.0,1204
Rabbit,bepridil,9,55.0,1205
Rabbit,bepridil,9,66.0,1206
Rabbit,bepridil,9,77.0,1207
Rabbit,bepridil,9,88.0,1208
Rabbit,bepridil,9,99.0,1209
Rabbit,bepridil,10,0.0,1210
Rabbit,bepridil,10,11.0,1211
Rabbit,bepridil,10,22.0,1212
Rabbit,bepridil,10,33.0,1213
Rabbit,bepridil,10,44.0,1214
Rabbit,bepridil,10,55.0,1215
Rabbit,bepridil,10,66.0,1216
Rabbit,bepridil,10,77.0,1217
Rabbit,bepridil,10,88.0,1218
Rabbit,bepridil,10,99.0,1219
Rabbit,bepridil,11,0.0,1220
Rabbit,bepridil,11,11.0,1221
Rabbit,bepridil,11,22.0,1222
Rabbit,bepridil,11,33.0,1223
Rabbit,bepridil,11,44.0,1224
Rabbit,bepridil,11,55.0,1225
Rabbit,bepridil,11,66.0,1226
Rabbit,bepridil,11,77.0,1227
Rabbit,bepridil,11,88.0,1228
Rabbit,bepridil,11,99.0,1229
Rabbit,bepridil,12,0.0,1230
Rabbit,bepridil,12,11.0,1231
Rabbit,bepridil,12,22.0,1232
Rabbit,bepridil,12,33.0,1233
Rabbit,bepridil,12,44.0,1234
Rabbit,bepridil,12,55.0,1235
Rabbit,bepridil,12,66.0,1236
Rabbit,bepridil,12,77.0,1237
Rabbit,bepridil,12,88.0,1238
Rabbit,bepridil,12,99.0,1239
Rabbit,bepridil,13,0.0,1240
Rabbit,bepridil,13,11.0,1241
Rabbit,bepridil,13,22.0,1242
Rabbit,bepridil,13,33.0,1243
Rabbit,bepridil,13,44.0,1244
Rabbit,bepridil,13,55.0,1245
Rabbit,bepridil,13,66.0,1246
Rabbit,bepridil,13,77.0,1247
Rabbit,bepridil,13,88.0,1248
Rabbit,bepridil,13,99.0,1249
Rabbit,bepridil,14,0.0,1250
Rabbit,bepridil,14,11.0,1251
Rabbit,bepridil,14,22.0,1252
Rabbit,bepridil,14,33.0,1253
Rabbit,bepridil,14,44.0,1254
Rabbit,bepridil,14,55.0,1255
Rabbit,bepridil,14,66.0,1256
Rabbit,bepridil,14,77.0,1257
Rabbit,bepridil,14,88.0,1258
Rabbit,bepridil,14,99.0,1259
Rabbit,bepridil,15,0.0,1260
Rabbit,bepridil,15,11.0,1261
Rabbit,bepridil,15,22.0,1262
Rabbit,bepridil,15,33.0,1263
Rabbit,bepridil,15,44.0,1264
Rabbit,bepridil,15,55.0,1265
Rabbit,bepridil,15,66.0,1266
Rabbit,bepridil,15,77.0,1267
Rabbit,bepridil,15,88.0,1268
Rabbit,bepridil,15,99.0,1269
Rabbit,bepridil,16,0.0,1270
Rabbit,bepridil,16,11.0,1271
Rabbit,bepridil,16,22.0,1272
Rabbit,bepridil,16,33.0,1273
Rabbit,bepridil,16,44.0,1274
Rabbit,bepridil,16,55.0,1275
Rabbit,bepridil,16,66.0,1276
Rabbit,bepridil,16,77.0,1277
Rabbit,bepridil,16,88.0,1278
Rabbit,bepridil,16,99.0,1279
Rabbit,bepridil,18,0.0,1280
Rabbit,bepridil,18,11.0,1281
Rabbit,bepridil,18,22.0,1282
Rabbit,bepridil,18,33.0,1283
Rabbit,bepridil,18,44.0,1284
Rabbit,bepridil,18,55.0,1285
Rabbit,bepridil,18,66.0,1286
Rabbit,bepridil,18,77.0,1287
Rabbit,bepridil,18,88.0,1288
Rabbit,bepridil,18,99.0,1289
Rabbit,bepridil,19,0.0,1290
Rabbit,bepridil,19,11.0,1291
Rabbit,bepridil,19,22.0,1292
Rabbit,bepridil,19,33.0,1293
Rabbit,bepridil,19,44.0,1294
Rabbit,bepridil,19,55.0,1295
Rabbit,bepridil,19,66.0,1296
Rabbit,bepridil,19,77.0,1297
Rabbit,bepridil,19,88.0,1298
Rabbit,bepridil,19,99.0,1299
Rabbit,bepridil,20,0.0,1300
Rabbit,bepridil,20,11.0,1301
Rabbit,bepridil,20,22.0,1302
Rabbit,bepridil,20,33.0,1303
Rabbit,bepridil,20,44.0,1304
Rabbit,bepridil,20,55.0,1305
Rabbit,bepridil,20,66.0,1306
Rabbit,bepridil,20,77.0,1307
Rabbit,bepridil,20,88.0,1308
Rabbit,bepridil,20,99.0,1309
Rabbit,bepridil,22,0.0,1310
Rabbit,bepridil,22,11.0,1311
Rabbit,bepridil,22,22.0,1312
Rabbit,bepridil,22,33.0,1313
Rabbit,bepridil,22,44.0,1314
Rabbit,bepridil,22,55.0,1315
Rabbit,bepridil,22,66.0,1316
Rabbit,bepridil,22,77.0,1317
Rabbit,bepridil,22,88.0,1318
Rabbit,bepridil,22,99.0,1319
Rabbit,bepridil,23,0.0,1320
Rabbit,bepridil,23,11.0,1321
Rabbit,bepridil,23,22.0,1322
Rabbit,bepridil,23,33.0,1323
Rabbit,bepridil,23,44.0,1324
Rabbit,bepridil,23,55.0,1325
Rabbit,bepridil,23,66.0,1326
Rabbit,bepridil,23,77.0,1327
Rabbit,bepridil,23,88.0,1328
Rabbit,bepridil,23,99.0,1329
Rabbit,bepridil,24,0.0,1330
Rabbit,bepridil,24,11.0,1331
Rabbit,bepridil,24,22.0,1332
Rabbit,bepridil,24,33.0,1333
Rabbit,bepridil,24,44.0,1334
Rabbit,bepridil,24,55.0,1335
Rabbit,bepridil,24,66.0,1336
Rabbit,bepridil,24,77.0,1337
Rabbit,bepridil,24,88.0,1338
Rabbit,bepridil,24,99.0,1339
Rabbit,bepridil,26,0.0,1340
Rabbit,bepridil,26,11.0,1341
Rabbit,bepridil,26,22.0,1342
Rabbit,bepridil,26,33.0,1343
Rabbit,bepridil,26,44.0,1344
Rabbit,bepridil,26,55.0,1345
Rabbit,bepridil,26,66.0,1346
Rabbit,bepridil,26,77.0,1347
Rabbit,bepridil,26,88.0,1348
Rabbit,bepridil,26,99.0,1349
Rabbit,bepridil,30,0.0,1350
Rabbit,bepridil,30,11.0,1351
Rabbit,bepridil,30,22.0,1352
Rabbit,bepridil,30,33.0,1353
Rabbit,bepridil,30,44.0,1354
Rabbit,bepridil,30,55.0,1355
Rabbit,bepridil,30,66.0,1356
Rabbit,bepridil,30,77.0,1357
Rabbit,bepridil,30,88.0,1358
Rabbit,bepridil,30,99.0,1359
Rabbit,bepridil,31,0.0,1360
Rabbit,bepridil,31,11.0,1361
Rabbit,bepridil,31,22.0,1362
Rabbit,bepridil,31,33.0,1363
Rabbit,bepridil,31,44.0,1364
Rabbit,bepridil,31,55.0,1365
Rabbit,bepridil,31,66.0,1366
Rabbit,bepridil,31,77.0,1367
Rabbit,bepridil,31,88.0,1368
Rabbit,bepridil,31,99.0,1369
Rabbit,chlorpromazine,0,0.0,3520
Rabbit,chlorpromazine,0,12.67,3521
Rabbit,chlorpromazine,0,25.33,3522
Rabbit,chlorpromazine,0,38.0,3523
Rabbit,chlorpromazine,0,50.67,3524
Rabbit,chlorpromazine,0,63.33,3525
Rabbit,chlorpromazine,0,76.0,3526
Rabbit,chlorpromazine,0,88.67,3527
Rabbit,chlorpromazine,0,101.33,3528
Rabbit,chlorpromazine,0,114.0,3529
Rabbit,chlorpromazine,1,0.0,3530
Rabbit,chlorpromazine,1,12.67,3531
Rabbit,chlorpromazine,1,25.33,3532
Rabbit,chlorpromazine,1,38.0,3533
Rabbit,chlorpromazine,1,50.67,3534
Rabbit,chlorpromazine,1,63.33,3535
Rabbit,chlorpromazine,1,76.0,3536
Rabbit,chlorpromazine,1,88.67,3537
Rabbit,chlorpromazine,1,101.33,3538
Rabbit,chlorpromazine,1,114.0,3539
Rabbit,chlorpromazine,2,0.0,3540
Rabbit,chlorpromazine,2,12.67,3541
Rabbit,chlorpromazine,2,25.33,3542
Rabbit,chlorpromazine,2,38.0,3543
Rabbit,chlorpromazine,2,50.67,3544
Rabbit,chlorpromazine,2,63.33,3545
Rabbit,chlorpromazine,2,76.0,3546
Rabbit,chlorpromazine,2,88.67,3547
Rabbit,chlorpromazine,2,101.33,3548
Rabbit,chlorpromazine,2,114.0,3549
Rabbit,chlorpromazine,3,0.0,3550
Rabbit,chlorpromazine,3,12.67,3551
Rabbit,chlorpromazine,3,25.33,3552
Rabbit,chlorpromazine,3,38.0,3553
Rabbit,chlorpromazine,3,50.67,3554
Rabbit,chlorpromazine,3,63.33,3555
Rabbit,chlorpromazine,3,76.0,3556
Rabbit,chlorpromazine,3,88.67,3557
Rabbit,chlorpromazine,3,101.33,3558
Rabbit,chlorpromazine,3,114.0,3559
Rabbit,chlorpromazine,4,0.0,3560
Rabbit,chlorpromazine,4,12.67,3561
Rabbit,chlorpromazine,4,25.33,3562
Rabbit,chlorpromazine,4,38.0,3563
Rabbit,chlorpromazine,4,50.67,3564
Rabbit,chlorpromazine,4,63.33,3565
Rabbit,chlorpromazine,4,76.0,3566
Rabbit,chlorpromazine,4,88.67,3567
Rabbit,chlorpromazine,4,101.33,3568
Rabbit,chlorpromazine,4,114.0,3569
Rabbit,chlorpromazine,5,0.0,3570
Rabbit,chlorpromazine,5,12.67,3571
Rabbit,chlorpromazine,5,25.33,3572
Rabbit,chlorpromazine,5,38.0,3573
Rabbit,chlorpromazine,5,50.67,3574
Rabbit,chlorpromazine,5,63.33,3575
Rabbit,chlorpromazine,5,76.0,3576
Rabbit,chlorpromazine,5,88.67,3577
Rabbit,chlorpromazine,5,101.33,3578
Rabbit,chlorpromazine,5,114.0,3579
Rabbit,chlorpromazine,6,0.0,3580
Rabbit,chlorpromazine,6,12.67,3581
Rabbit,chlorpromazine,6,25.33,3582
Rabbit,chlorpromazine,6,38.0,3583
Rabbit,chlorpromazine,6,50.67,3584
Rabbit,chlorpromazine,6,63.33,3585
Rabbit,chlorpromazine,6,76.0,3586
Rabbit,chlorpromazine,6,88.67,3587
Rabbit,chlorpromazine,6,101.33,3588
Rabbit,chlorpromazine,6,114.0,3589
Rabbit,chlorpromazine,7,0.0,3590
Rabbit,chlorpromazine,7,12.67,3591
Rabbit,chlorpromazine,7,25.33,3592
Rabbit,chlorpromazine,7,38.0,3593
Rabbit,chlorpromazine,7,50.67,3594
Rabbit,chlorpromazine,7,63.33,3595
Rabbit,chlorpromazine,7,76.0,3596
Rabbit,chlorpromazine,7,88.67,3597
Rabbit,chlorpromazine,7,101.33,3598
Rabbit,chlorpromazine,7,114.0,3599
Rabbit,chlorpromazine,8,0.0,3600
Rabbit,chlorpromazine,8,12.67,3601
Rabbit,chlorpromazine,8,25.33,3602
Rabbit,chlorpromazine,8,38.0,3603
Rabbit,chlorpromazine,8,50.67,3604
Rabbit,chlorpromazine,8,63.33,3605
Rabbit,chlorpromazine,8,76.0,3606
Rabbit,chlorpromazine,8,88.67,3607
Rabbit,chlorpromazine,8,101.33,3608
Rabbit,chlorpromazine,8,114.0,3609
Rabbit,chlorpromazine,9,0.0,3610
Rabbit,chlorpromazine,9,12.67,3611
Rabbit,chlorpromazine,9,25.33,3612
Rabbit,chlorpromazine,9,38.0,3613
Rabbit,chlorpromazine,9,50.67,3614
Rabbit,chlorpromazine,9,63.33,3615
Rabbit,chlorpromazine,9,76.0,3616
Rabbit,chlorpromazine,9,88.67,3617
Rabbit,chlorpromazine,9,101.33,3618
Rabbit,chlorpromazine,9,114.0,3619
Rabbit,chlorpromazine,10,0.0,3620
Rabbit,chlorpromazine,10,12.67,3621
Rabbit,chlorpromazine,10,25.33,3622
Rabbit,chlorpromazine,10,38.0,3623
Rabbit,chlorpromazine,10,50.67,3624
Rabbit,chlorpromazine,10,63.33,3625
Rabbit,chlorpromazine,10,76.0,3626
Rabbit,chlorpromazine,10,88.67,3627
Rabbit,chlorpromazine,10,101.33,3628
Rabbit,chlorpromazine,10,114.0,3629
Rabbit,chlorpromazine,11,0.0,3630
Rabbit,chlorpromazine,11,12.67,3631
Rabbit,chlorpromazine,11,25.33,3632
Rabbit,chlorpromazine,11,38.0,3633
Rabbit,chlorpromazine,11,50.67,3634
Rabbit,chlorpromazine,11,63.33,3635
Rabbit,chlorpromazine,11,76.0,3636
Rabbit,chlorpromazine,11,88.67,3637
Rabbit,chlorpromazine,11,101.33,3638
Rabbit,chlorpromazine,11,114.0,3639
Rabbit,chlorpromazine,12,0.0,3640
Rabbit,chlorpromazine,12,12.67,3641
Rabbit,chlorpromazine,12,25.33,3642
Rabbit,chlorpromazine,12,38.0,3643
Rabbit,chlorpromazine,12,50.67,3644
Rabbit,chlorpromazine,12,63.33,3645
Rabbit,chlorpromazine,12,76.0,3646
Rabbit,chlorpromazine,12,88.67,3647
Rabbit,chlorpromazine,12,101.33,3648
Rabbit,chlorpromazine,12,114.0,3649
Rabbit,chlorpromazine,13,0.0,3650
Rabbit,chlorpromazine,13,12.67,3651
Rabbit,chlorpromazine,13,25.33,3652
Rabbit,chlorpromazine,13,38.0,3653
Rabbit,chlorpromazine,13,50.67,3654
Rabbit,chlorpromazine,13,63.33,3655
Rabbit,chlorpromazine,13,76.0,3656
Rabbit,chlorpromazine,13,88.67,3657
Rabbit,chlorpromazine,13,101.33,3658
Rabbit,chlorpromazine,13,114.0,3659
Rabbit,chlorpromazine,14,0.0,3660
Rabbit,chlorpromazine,14,12.67,3661
Rabbit,chlorpromazine,14,25.33,3662
Rabbit,chlorpromazine,14,38.0,3663
Rabbit,chlorpromazine,14,50.67,3664
Rabbit,chlorpromazine,14,63.33,3665
Rabbit,chlorpromazine,14,76.0,3666
Rabbit,chlorpromazine,14,88.67,3667
Rabbit,chlorpromazine,14,101.33,3668
Rabbit,chlorpromazine,14,114.0,3669
Rabbit,chlorpromazine,15,0.0,3670
Rabbit,chlorpromazine,15,12.67,3671
Rabbit,chlorpromazine,15,25.33,3672
Rabbit,chlorpromazine,15,38.0,3673
Rabbit,chlorpromazine,15,50.67,3674
Rabbit,chlorpromazine,15,63.33,3675
Rabbit,chlorpromazine,15,76.0,3676
Rabbit,chlorpromazine,15,88.67,3677
Rabbit,chlorpromazine,15,101.33,3678
Rabbit,chlorpromazine,15,114.0,3679
Rabbit,chlorpromazine,16,0.0,3680
Rabbit,chlorpromazine,16,12.67,3681
Rabbit,chlorpromazine,16,25.33,3682
Rabbit,chlorpromazine,16,38.0,3683
Rabbit,chlorpromazine,16,50.67,3684
Rabbit,chlorpromazine,16,63.33,3685
Rabbit,chlorpromazine,16,76.0,3686
Rabbit,chlorpromazine,16,88.67,3687
Rabbit,chlorpromazine,16,101.33,3688
Rabbit,chlorpromazine,16,114.0,3689
Rabbit,chlorpromazine,18,0.0,3690
Rabbit,chlorpromazine,18,12.67,3691
Rabbit,chlorpromazine,18,25.33,3692
Rabbit,chlorpromazine,18,38.0,3693
Rabbit,chlorpromazine,18,50.67,3694
Rabbit,chlorpromazine,18,63.33,3695
Rabbit,chlorpromazine,18,76.0,3696
Rabbit,chlorpromazine,18,88.67,3697
Rabbit,chlorpromazine,18,101.33,3698
Rabbit,chlorpromazine,18,114.0,3699
Rabbit,chlorpromazine,19,0.0,3700
Rabbit,chlorpromazine,19,12.67,3701
Rabbit,chlorpromazine,19,25.33,3702
Rabbit,chlorpromazine,19,38.0,3703
Rabbit,chlorpromazine,19,50.67,3704
Rabbit,chlorpromazine,19,63.33,3705
Rabbit,chlorpromazine,19,76.0,3706
Rabbit,chlorpromazine,19,88.67,3707
Rabbit,chlorpromazine,19,101.33,3708
Rabbit,chlorpromazine,19,114.0,3709
Rabbit,chlorpromazine,20,0.0,3710
Rabbit,chlorpromazine,20,12.67,3711
Rabbit,chlorpromazine,20,25.33,3712
Rabbit,chlorpromazine,20,38.0,3713
Rabbit,chlorpromazine,20,50.67,3714
Rabbit,chlorpromazine,20,63.33,3715
Rabbit,chlorpromazine,20,76.0,3716
Rabbit,chlorpromazine,20,88.67,3717
Rabbit,chlorpromazine,20,101.33,3718
Rabbit,chlorpromazine,20,114.0,3719
Rabbit,chlorpromazine,22,0.0,3720
Rabbit,chlorpromazine,22,12.67,3721
Rabbit,chlorpromazine,22,25.33,3722
Rabbit,chlorpromazine,22,38.0,3723
Rabbit,chlorpromazine,22,50.67,3724
Rabbit,chlorpromazine,22,63.33,3725
Rabbit,chlorpromazine,22,76.0,3726
Rabbit,chlorpromazine,22,88.67,3727
Rabbit,chlorpromazine,22,101.33,3728
Rabbit,chlorpromazine,22,114.0,3729
Rabbit,chlorpromazine,23,0.0,3730
Rabbit,chlorpromazine,23,12.67,3731
Rabbit,chlorpromazine,23,25.33,3732
Rabbit,chlorpromazine,23,38.0,3733
Rabbit,chlorpromazine,23,50.67,3734
Rabbit,chlorpromazine,23,63.33,3735
Rabbit,chlorpromazine,23,76.0,3736
Rabbit,chlorpromazine,23,88.67,3737
Rabbit,chlorpromazine,23,101.33,3738
Rabbit,chlorpromazine,23,114.0,3739
Rabbit,chlorpromazine,24,0.0,3740
Rabbit,chlorpromazine,24,12.67,3741
Rabbit,chlorpromazine,24,25.33,3742
Rabbit,chlorpromazine,24,38.0,3743
Rabbit,chlorpromazine,24,50.67,3744
Rabbit,chlorpromazine,24,63.33,3745
Rabbit,chlorpromazine,24,76.0,3746
Rabbit,chlorpromazine,24,88.67,3747
Rabbit,chlorpromazine,24,101.33,3748
Rabbit,chlorpromazine,24,114.0,3749
Rabbit,chlorpromazine,26,0.0,3750
Rabbit,chlorpromazine,26,12.67,3751
Rabbit,chlorpromazine,26,25.33,3752
Rabbit,chlorpromazine,26,38.0,3753
Rabbit,chlorpromazine,26,50.67,3754
Rabbit,chlorpromazine,26,63.33,3755
Rabbit,chlorpromazine,26,76.0,3756
Rabbit,chlorpromazine,26,88.67,3757
Rabbit,chlorpromazine,26,101.33,3758
Rabbit,chlorpromazine,26,114.0,3759
Rabbit,chlorpromazine,30,0.0,3760
Rabbit,chlorpromazine,30,12.67,3761
Rabbit,chlorpromazine,30,25.33,3762
Rabbit,chlorpromazine,30,38.0,3763
Rabbit,chlorpromazine,30,50.67,3764
Rabbit,chlorpromazine,30,63.33,3765
Rabbit,chlorpromazine,30,76.0,3766
Rabbit,chlorpromazine,30,88.67,3767
Rabbit,chlorpromazine,30,101.33,3768
Rabbit,chlorpromazine,30,114.0,3769
Rabbit,chlorpromazine,31,0.0,3770
Rabbit,chlorpromazine,31,12.67,3771
Rabbit,chlorpromazine,31,25.33,3772
Rabbit,chlorpromazine,31,38.0,3773
Rabbit,chlorpromazine,31,50.67,3774
Rabbit,chlorpromazine,31,63.33,3775
Rabbit,chlorpromazine,31,76.0,3776
Rabbit,chlorpromazine,31,88.67,3777
Rabbit,chlorpromazine,31,101.33,3778
Rabbit,chlorpromazine,31,114.0,3779
Rabbit,cisapride,0,0.0,5890
Rabbit,cisapride,0,0.87,5891
Rabbit,cisapride,0,1.73,5892
Rabbit,cisapride,0,2.6,5893
Rabbit,cisapride,0,3.47,5894
Rabbit,cisapride,0,4.33,5895
Rabbit,cisapride,0,5.2,5896
Rabbit,cisapride,0,6.07,5897
Rabbit,cisapride,0,6.93,5898
Rabbit,cisapride,0,7.8,5899
Rabbit,cisapride,1,0.0,5900
Rabbit,cisapride,1,0.87,5901
Rabbit,cisapride,1,1.73,5902
Rabbit,cisapride,1,2.6,5903
Rabbit,cisapride,1,3.47,5904
Rabbit,cisapride,1,4.33,5905
Rabbit,cisapride,1,5.2,5906
Rabbit,cisapride,1,6.07,5907
Rabbit,cisapride,1,6.93,5908
Rabbit,cisapride,1,7.8,5909
Rabbit,cisapride,2,0.0,5910
Rabbit,cisapride,2,0.87,5911
Rabbit,cisapride,2,1.73,5912
Rabbit,cisapride,2,2.6,5913
Rabbit,cisapride,2,3.47,5914
Rabbit,cisapride,2,4.33,5915
Rabbit,cisapride,2,5.2,5916
Rabbit,cisapride,2,6.07,5917
Rabbit,cisapride,2,6.93,5918
Rabbit,cisapride,2,7.8,5919
Rabbit,cisapride,3,0.0,5920
Rabbit,cisapride,3,0.87,5921
Rabbit,cisapride,3,1.73,5922
Rabbit,cisapride,3,2.6,5923
Rabbit,cisapride,3,3.47,5924
Rabbit,cisapride,3,4.33,5925
Rabbit,cisapride,3,5.2,5926
Rabbit,cisapride,3,6.07,5927
Rabbit,cisapride,3,6.93,5928
Rabbit,cisapride,3,7.8,5929
Rabbit,cisapride,4,0.0,5930
Rabbit,cisapride,4,0.87,5931
Rabbit,cisapride,4,1.73,5932
Rabbit,cisapride,4,2.6,5933
Rabbit,cisapride,4,3.47,5934
Rabbit,cisapride,4,4.33,5935
Rabbit,cisapride,4,5.2,5936
Rabbit,cisapride,4,6.07,5937
Rabbit,cisapride,4,6.93,5938
Rabbit,cisapride,4,7.8,5939
Rabbit,cisapride,5,0.0,5940
Rabbit,cisapride,5,0.87,5941
Rabbit,cisapride,5,1.73,5942
Rabbit,cisapride,5,2.6,5943
Rabbit,cisapride,5,3.47,5944
Rabbit,cisapride,5,4.33,5945
Rabbit,cisapride,5,5.2,5946
Rabbit,cisapride,5,6.07,5947
Rabbit,cisapride,5,6.93,5948
Rabbit,cisapride,5,7.8,5949
Rabbit,cisapride,6,0.0,5950
Rabbit,cisapride,6,0.87,5951
Rabbit,cisapride,6,1.73,5952
Rabbit,cisapride,6,2.6,5953
Rabbit,cisapride,6,3.47,5954
Rabbit,cisapride,6,4.33,5955
Rabbit,cisapride,6,5.2,5956
Rabbit,cisapride,6,6.07,5957
Rabbit,cisapride,6,6.93,5958
Rabbit,cisapride,6,7.8,5959
Rabbit,cisapride,7,0.0,5960
Rabbit,cisapride,7,0.87,5961
Rabbit,cisapride,7,1.73,5962
Rabbit,cisapride,7,2.6,5963
Rabbit,cisapride,7,3.47,5964
Rabbit,cisapride,7,4.33,5965
Rabbit,cisapride,7,5.2,5966
Rabbit,cisapride,7,6.07,5967
Rabbit,cisapride,7,6.93,5968
Rabbit,cisapride,7,7.8,5969
Rabbit,cisapride,8,0.0,5970
Rabbit,cisapride,8,0.87,5971
Rabbit,cisapride,8,1.73,5972
Rabbit,cisapride,8,2.6,5973
Rabbit,cisapride,8,3.47,5974
Rabbit,cisapride,8,4.33,5975
Rabbit,cisapride,8,5.2,5976
Rabbit,cisapride,8,6.07,5977
Rabbit,cisapride,8,6.93,5978
Rabbit,cisapride,8,7.8,5979
Rabbit,cisapride,9,0.0,5980
Rabbit,cisapride,9,0.87,5981
Rabbit,cisapride,9,1.73,5982
Rabbit,cisapride,9,2.6,5983
Rabbit,cisapride,9,3.47,5984
Rabbit,cisapride,9,4.33,5985
Rabbit,cisapride,9,5.2,5986
Rabbit,cisapride,9,6.07,5987
Rabbit,cisapride,9,6.93,5988
Rabbit,cisapride,9,7.8,5989
Rabbit,cisapride,10,0.0,5990
Rabbit,cisapride,10,0.87,5991
Rabbit,cisapride,10,1.73,5992
Rabbit,cisapride,10,2.6,5993
Rabbit,cisapride,10,3.47,5994
Rabbit,cisapride,10,4.33,5995
Rabbit,cisapride,10,5.2,5996
Rabbit,cisapride,10,6.07,5997
Rabbit,cisapride,10,6.93,5998
Rabbit,cisapride,10,7.8,5999
Rabbit,cisapride,11,0.0,6000
Rabbit,cisapride,11,0.87,6001
Rabbit,cisapride,11,1.73,6002
Rabbit,cisapride,11,2.6,6003
Rabbit,cisapride,11,3.47,6004
Rabbit,cisapride,11,4.33,6005
Rabbit,cisapride,11,5.2,6006
Rabbit,cisapride,11,6.07,6007
Rabbit,cisapride,11,6.93,6008
Rabbit,cisapride,11,7.8,6009
Rabbit,cisapride,12,0.0,6010
Rabbit,cisapride,12,0.87,6011
Rabbit,cisapride,12,1.73,6012
Rabbit,cisapride,12,2.6,6013
Rabbit,cisapride,12,3.47,6014
Rabbit,cisapride,12,4.33,6015
Rabbit,cisapride,12,5.2,6016
Rabbit,cisapride,12,6.07,6017
Rabbit,cisapride,12,6.93,6018
Rabbit,cisapride,12,7.8,6019
Rabbit,cisapride,13,0.0,6020
Rabbit,cisapride,13,0.87,6021
Rabbit,cisapride,13,1.73,6022
Rabbit,cisapride,13,2.6,6023
Rabbit,cisapride,13,3.47,6024
Rabbit,cisapride,13,4.33,6025
Rabbit,cisapride,13,5.2,6026
Rabbit,cisapride,13,6.07,6027
Rabbit,cisapride,13,6.93,6028
Rabbit,cisapride,13,7.8,6029
Rabbit,cisapride,14,0.0,6030
Rabbit,cisapride,14,0.87,6031
Rabbit,cisapride,14,1.73,6032
Rabbit,cisapride,14,2.6,6033
Rabbit,cisapride,14,3.47,6034
Rabbit,cisapride,14,4.33,6035
Rabbit,cisapride,14,5.2,6036
Rabbit,cisapride,14,6.07,6037
Rabbit,cisapride,14,6.93,6038
Rabbit,cisapride,14,7.8,6039
Rabbit,cisapride,15,0.0,6040
Rabbit,cisapride,15,0.87,6041
Rabbit,cisapride,15,1.73,6042
Rabbit,cisapride,15,2.6,6043
Rabbit,cisapride,15,3.47,6044
Rabbit,cisapride,15,4.33,6045
Rabbit,cisapride,15,5.2,6046
Rabbit,cisapride,15,6.07,6047
Rabbit,cisapride,15,6.93,6048
Rabbit,cisapride,15,7.8,6049
Rabbit,cisapride,16,0.0,6050
Rabbit,cisapride,16,0.87,6051
Rabbit,cisapride,16,1.73,6052
Rabbit,cisapride,16,2.6,6053
Rabbit,cisapride,16,3.47,6054
Rabbit,cisapride,16,4.33,6055
Rabbit,cisapride,16,5.2,6056
Rabbit,cisapride,16,6.07,6057
Rabbit,cisapride,16,6.93,6058
Rabbit,cisapride,16,7.8,6059
Rabbit,cisapride,18,0.0,6060
Rabbit,cisapride,18,0.87,6061
Rabbit,cisapride,18,1.73,6062
Rabbit,cisapride,18,2.6,6063
Rabbit,cisapride,18,3.47,6064
Rabbit,cisapride,18,4.33,6065
Rabbit,cisapride,18,5.2,6066
Rabbit,cisapride,18,6.07,6067
Rabbit,cisapride,18,6.93,6068
Rabbit,cisapride,18,7.8,6069
Rabbit,cisapride,19,0.0,6070
Rabbit,cisapride,19,0.87,6071
Rabbit,cisapride,19,1.73,6072
Rabbit,cisapride,19,2.6,6073
Rabbit,cisapride,19,3.47,6074
Rabbit,cisapride,19,4.33,6075
Rabbit,cisapride,19,5.2,6076
Rabbit,cisapride,19,6.07,6077
Rabbit,cisapride,19,6.93,6078
Rabbit,cisapride,19,7.8,6079
Rabbit,cisapride,20,0.0,6080
Rabbit,cisapride,20,0.87,6081
Rabbit,cisapride,20,1.73,6082
Rabbit,cisapride,20,2.6,6083
Rabbit,cisapride,20,3.47,6084
Rabbit,cisapride,20,4.33,6085
Rabbit,cisapride,20,5.2,6086
Rabbit,cisapride,20,6.07,6087
Rabbit,cisapride,20,6.93,6088
Rabbit,cisapride,20,7.8,6089
Rabbit,cisapride,22,0.0,6090
Rabbit,cisapride,22,0.87,6091
Rabbit,cisapride,22,1.73,6092
Rabbit,cisapride,22,2.6,6093
Rabbit,cisapride,22,3.47,6094
Rabbit,cisapride,22,4.33,6095
Rabbit,cisapride,22,5.2,6096
Rabbit,cisapride,22,6.07,6097
Rabbit,cisapride,22,6.93,6098
Rabbit,cisapride,22,7.8,6099
Rabbit,cisapride,23,0.0,6100
Rabbit,cisapride,23,0.87,6101
Rabbit,cisapride,23,1.73,6102
Rabbit,cisapride,23,2.6,6103
Rabbit,cisapride,23,3.47,6104
Rabbit,cisapride,23,4.33,6105
Rabbit,cisapride,23,5.2,6106
Rabbit,cisapride,23,6.07,6107
Rabbit,cisapride,23,6.93,6108
Rabbit,cisapride,23,7.8,6109
Rabbit,cisapride,24,0.0,6110
Rabbit,cisapride,24,0.87,6111
Rabbit,cisapride,24,1.73,6112
Rabbit,cisapride,24,2.6,6113
Rabbit,cisapride,24,3.47,6114
Rabbit,cisapride,24,4.33,6115
Rabbit,cisapride,24,5.2,6116
Rabbit,cisapride,24,6.07,6117
Rabbit,cisapride,24,6.93,6118
Rabbit,cisapride,24,7.8,6119
Rabbit,cisapride,26,0.0,6120
Rabbit,cisapride,26,0.87,6121
Rabbit,cisapride,26,1.73,6122
Rabbit,cisapride,26,2.6,6123
Rabbit,cisapride,26,3.47,6124
Rabbit,cisapride,26,4.33,6125
Rabbit,cisapride,26,5.2,6126
Rabbit,cisapride,26,6.07,6127
Rabbit,cisapride,26,6.93,6128
Rabbit,cisapride,26,7.8,6129
Rabbit,cisapride,30,0.0,6130
Rabbit,cisapride,30,0.87,6131
Rabbit,cisapride,30,1.73,6132
Rabbit,cisapride,30,2.6,6133
Rabbit,cisapride,30,3.47,6134
Rabbit,cisapride,30,4.33,6135
Rabbit,cisapride,30,5.2,6136
Rabbit,cisapride,30,6.07,6137
Rabbit,cisapride,30,6.93,6138
Rabbit,cisapride,30,7.8,6139
Rabbit,cisapride,31,0.0,6140
Rabbit,cisapride,31,0.87,6141
Rabbit,cisapride,31,1.73,6142
Rabbit,cisapride,31,2.6,6143
Rabbit,cisapride,31,3.47,6144
Rabbit,cisapride,31,4.33,6145
Rabbit,cisapride,31,5.2,6146
Rabbit,cisapride,31,6.07,6147
Rabbit,cisapride,31,6.93,6148
Rabbit,cisapride,31,7.8,6149
Rabbit,diltiazem,0,0.0,8190
Rabbit,diltiazem,0,40.67,8191
Rabbit,diltiazem,0,81.33,8192
Rabbit,diltiazem,0,122.0,8193
Rabbit,diltiazem,0,162.67,8194
Rabbit,diltiazem,0,203.33,8195
Rabbit,diltiazem,0,244.0,8196
Rabbit,diltiazem,0,284.67,8197
Rabbit,diltiazem,0,325.33,8198
Rabbit,diltiazem,0,366.0,8199
Rabbit,diltiazem,1,0.0,8200
Rabbit,diltiazem,1,40.67,8201
Rabbit,diltiazem,1,81.33,8202
Rabbit,diltiazem,1,122.0,8203
Rabbit,diltiazem,1,162.67,8204
Rabbit,diltiazem,1,203.33,8205
Rabbit,diltiazem,1,244.0,8206
Rabbit,diltiazem,1,284.67,8207
Rabbit,diltiazem,1,325.33,8208
Rabbit,diltiazem,1,366.0,8209
Rabbit,diltiazem,2,0.0,8210
Rabbit,diltiazem,2,40.67,8211
Rabbit,diltiazem,2,81.33,8212
Rabbit,diltiazem,2,122.0,8213
Rabbit,diltiazem,2,162.67,8214
Rabbit,diltiazem,2,203.33,8215
Rabbit,diltiazem,2,244.0,8216
Rabbit,diltiazem,2,284.67,8217
Rabbit,diltiazem,2,325.33,8218
Rabbit,diltiazem,2,366.0,8219
Rabbit,diltiazem,3,0.0,8220
Rabbit,diltiazem,3,40.67,8221
Rabbit,diltiazem,3,81.33,8222
Rabbit,diltiazem,3,122.0,8223
Rabbit,diltiazem,3,162.67,8224
Rabbit,diltiazem,3,203.33,8225
Rabbit,diltiazem,3,244.0,8226
Rabbit,diltiazem,3,284.67,8227
Rabbit,diltiazem,3,325.33,8228
Rabbit,diltiazem,3,366.0,8229
Rabbit,diltiazem,4,0.0,8230
Rabbit,diltiazem,4,40.67,8231
Rabbit,diltiazem,4,81.33,8232
Rabbit,diltiazem,4,122.0,8233
Rabbit,diltiazem,4,162.67,8234
Rabbit,diltiazem,4,203.33,8235
Rabbit,diltiazem,4,244.0,8236
Rabbit,diltiazem,4,284.67,8237
Rabbit,diltiazem,4,325.33,8238
Rabbit,diltiazem,4,366.0,8239
Rabbit,diltiazem,5,0.0,8240
Rabbit,diltiazem,5,40.67,8241
Rabbit,diltiazem,5,81.33,8242
Rabbit,diltiazem,5,122.0,8243
Rabbit,diltiazem,5,162.67,8244
Rabbit,diltiazem,5,203.33,8245
Rabbit,diltiazem,5,244.0,8246
Rabbit,diltiazem,5,284.67,8247
Rabbit,diltiazem,5,325.33,8248
Rabbit,diltiazem,5,366.0,8249
Rabbit,diltiazem,6,0.0,8250
Rabbit,diltiazem,6,40.67,8251
Rabbit,diltiazem,6,81.33,8252
Rabbit,diltiazem,6,122.0,8253
Rabbit,diltiazem,6,162.67,8254
Rabbit,diltiazem,6,203.33,8255
Rabbit,diltiazem,6,244.0,8256
Rabbit,diltiazem,6,284.67,8257
Rabbit,diltiazem,6,325.33,8258
Rabbit,diltiazem,6,366.0,8259
Rabbit,diltiazem,7,0.0,8260
Rabbit,diltiazem,7,40.67,8261
Rabbit,diltiazem,7,81.33,8262
Rabbit,diltiazem,7,122.0,8263
Rabbit,diltiazem,7,162.67,8264
Rabbit,diltiazem,7,203.33,8265
Rabbit,diltiazem,7,244.0,8266
Rabbit,diltiazem,7,284.67,8267
Rabbit,diltiazem,7,325.33,8268
Rabbit,diltiazem,7,366.0,8269
Rabbit,diltiazem,8,0.0,8270
Rabbit,diltiazem,8,40.67,8271
Rabbit,diltiazem,8,81.33,8272
Rabbit,diltiazem,8,122.0,8273
Rabbit,diltiazem,8,162.67,8274
Rabbit,diltiazem,8,203.33,8275
Rabbit,diltiazem,8,244.0,8276
Rabbit,diltiazem,8,284.67,8277
Rabbit,diltiazem,8,325.33,8278
Rabbit,diltiazem,8,366.0,8279
Rabbit,diltiazem,9,0.0,8280
Rabbit,diltiazem,9,40.67,8281
Rabbit,diltiazem,9,81.33,8282
Rabbit,diltiazem,9,122.0,8283
Rabbit,diltiazem,9,162.67,8284
Rabbit,diltiazem,9,203.33,8285
Rabbit,diltiazem,9,244.0,8286
Rabbit,diltiazem,9,284.67,8287
Rabbit,diltiazem,9,325.33,8288
Rabbit,diltiazem,9,366.0,8289
Rabbit,diltiazem,10,0.0,8290
Rabbit,diltiazem,10,40.67,8291
Rabbit,diltiazem,10,81.33,8292
Rabbit,diltiazem,10,122.0,8293
Rabbit,diltiazem,10,162.67,8294
Rabbit,diltiazem,10,203.33,8295
Rabbit,diltiazem,10,244.0,8296
Rabbit,diltiazem,10,284.67,8297
Rabbit,diltiazem,10,325.33,8298
Rabbit,diltiazem,10,366.0,8299
Rabbit,diltiazem,11,0.0,8300
Rabbit,diltiazem,11,40.67,8301
Rabbit,diltiazem,11,81.33,8302
Rabbit,diltiazem,11,122.0,8303
Rabbit,diltiazem,11,162.67,8304
Rabbit,diltiazem,11,203.33,8305
Rabbit,diltiazem,11,244.0,8306
Rabbit,diltiazem,11,284.67,8307
Rabbit,diltiazem,11,325.33,8308
Rabbit,diltiazem,11,366.0,8309
Rabbit,diltiazem,12,0.0,8310
Rabbit,diltiazem,12,40.67,8311
Rabbit,diltiazem,12,81.33,8312
Rabbit,diltiazem,12,122.0,8313
Rabbit,diltiazem,12,162.67,8314
Rabbit,diltiazem,12,203.33,8315
Rabbit,diltiazem,12,244.0,8316
Rabbit,diltiazem,12,284.67,8317
Rabbit,diltiazem,12,325.33,8318
Rabbit,diltiazem,12,366.0,8319
Rabbit,diltiazem,13,0.0,8320
Rabbit,diltiazem,13,40.67,8321
Rabbit,diltiazem,13,81.33,8322
Rabbit,diltiazem,13,122.0,8323
Rabbit,diltiazem,13,162.67,8324
Rabbit,diltiazem,13,203.33,8325
Rabbit,diltiazem,13,244.0,8326
Rabbit,diltiazem,13,284.67,8327
Rabbit,diltiazem,13,325.33,8328
Rabbit,diltiazem,13,366.0,8329
Rabbit,diltiazem,14,0.0,8330
Rabbit,diltiazem,14,40.67,8331
Rabbit,diltiazem,14,81.33,8332
Rabbit,diltiazem,14,122.0,8333
Rabbit,diltiazem,14,162.67,8334
Rabbit,diltiazem,14,203.33,8335
Rabbit,diltiazem,14,244.0,8336
Rabbit,diltiazem,14,284.67,8337
Rabbit,diltiazem,14,325.33,8338
Rabbit,diltiazem,14,366.0,8339
Rabbit,diltiazem,15,0.0,8340
Rabbit,diltiazem,15,40.67,8341
Rabbit,diltiazem,15,81.33,8342
Rabbit,diltiazem,15,122.0,8343
Rabbit,diltiazem,15,162.67,8344
Rabbit,diltiazem,15,203.33,8345
Rabbit,diltiazem,15,244.0,8346
Rabbit,diltiazem,15,284.67,8347
Rabbit,diltiazem,15,325.33,8348
Rabbit,diltiazem,15,366.0,8349
Rabbit,diltiazem,17,0.0,8350
Rabbit,diltiazem,17,40.67,8351
Rabbit,diltiazem,17,81.33,8352
Rabbit,diltiazem,17,122.0,8353
Rabbit,diltiazem,17,162.67,8354
Rabbit,diltiazem,17,203.33,8355
Rabbit,diltiazem,17,244.0,8356
Rabbit,diltiazem,17,284.67,8357
Rabbit,diltiazem,17,325.33,8358
Rabbit,diltiazem,17,366.0,8359
Rabbit,diltiazem,18,0.0,8360
Rabbit,diltiazem,18,40.67,8361
Rabbit,diltiazem,18,81.33,8362
Rabbit,diltiazem,18,122.0,8363
Rabbit,diltiazem,18,162.67,8364
Rabbit,diltiazem,18,203.33,8365
Rabbit,diltiazem,18,244.0,8366
Rabbit,diltiazem,18,284.67,8367
Rabbit,diltiazem,18,325.33,8368
Rabbit,diltiazem,18,366.0,8369
Rabbit,diltiazem,19,0.0,8370
Rabbit,diltiazem,19,40.67,8371
Rabbit,diltiazem,19,81.33,8372
Rabbit,diltiazem,19,122.0,8373
Rabbit,diltiazem,19,162.67,8374
Rabbit,diltiazem,19,203.33,8375
Rabbit,diltiazem,19,244.0,8376
Rabbit,diltiazem,19,284.67,8377
Rabbit,diltiazem,19,325.33,8378
Rabbit,diltiazem,19,366.0,8379
Rabbit,diltiazem,21,0.0,8380
Rabbit,diltiazem,21,40.67,8381
Rabbit,diltiazem,21,81.33,8382
Rabbit,diltiazem,21,122.0,8383
Rabbit,diltiazem,21,162.67,8384
Rabbit,diltiazem,21,203.33,8385
Rabbit,diltiazem,21,244.0,8386
Rabbit,diltiazem,21,284.67,8387
Rabbit,diltiazem,21,325.33,8388
Rabbit,diltiazem,21,366.0,8389
Rabbit,diltiazem,22,0.0,8390
Rabbit,diltiazem,22,40.67,8391
Rabbit,diltiazem,22,81.33,8392
Rabbit,diltiazem,22,122.0,8393
Rabbit,diltiazem,22,162.67,8394
Rabbit,diltiazem,22,203.33,8395
Rabbit,diltiazem,22,244.0,8396
Rabbit,diltiazem,22,284.67,8397
Rabbit,diltiazem,22,325.33,8398
Rabbit,diltiazem,22,366.0,8399
Rabbit,diltiazem,23,0.0,8400
Rabbit,diltiazem,23,40.67,8401
Rabbit,diltiazem,23,81.33,8402
Rabbit,diltiazem,23,122.0,8403
Rabbit,diltiazem,23,162.67,8404
Rabbit,diltiazem,23,203.33,8405
Rabbit,diltiazem,23,244.0,8406
Rabbit,diltiazem,23,284.67,8407
Rabbit,diltiazem,23,325.33,8408
Rabbit,diltiazem,23,366.0,8409
Rabbit,diltiazem,24,0.0,8410
Rabbit,diltiazem,24,40.67,8411
Rabbit,diltiazem,24,81.33,8412
Rabbit,diltiazem,24,122.0,8413
Rabbit,diltiazem,24,162.67,8414
Rabbit,diltiazem,24,203.33,8415
Rabbit,diltiazem,24,244.0,8416
Rabbit,diltiazem,24,284.67,8417
Rabbit,diltiazem,24,325.33,8418
Rabbit,diltiazem,24,366.0,8419
Rabbit,diltiazem,26,0.0,8420
Rabbit,diltiazem,26,40.67,8421
Rabbit,diltiazem,26,81.33,8422
Rabbit,diltiazem,26,122.0,8423
Rabbit,diltiazem,26,162.67,8424
Rabbit,diltiazem,26,203.33,8425
Rabbit,diltiazem,26,244.0,8426
Rabbit,diltiazem,26,284.67,8427
Rabbit,diltiazem,26,325.33,8428
Rabbit,diltiazem,26,366.0,8429
Rabbit,diltiazem,30,0.0,8430
Rabbit,diltiazem,30,40.67,8431
Rabbit,diltiazem,30,81.33,8432
Rabbit,diltiazem,30,122.0,8433
Rabbit,diltiazem,30,162.67,8434
Rabbit,diltiazem,30,203.33,8435
Rabbit,diltiazem,30,244.0,8436
Rabbit,diltiazem,30,284.67,8437
Rabbit,diltiazem,30,325.33,8438
Rabbit,diltiazem,30,366.0,8439
Rabbit,diltiazem,31,0.0,8440
Rabbit,diltiazem,31,40.67,8441
Rabbit,diltiazem,31,81.33,8442
Rabbit,diltiazem,31,122.0,8443
Rabbit,diltiazem,31,162.67,8444
Rabbit,diltiazem,31,203.33,8445
Rabbit,diltiazem,31,244.0,8446
Rabbit,diltiazem,31,284.67,8447
Rabbit,diltiazem,31,325.33,8448
Rabbit,diltiazem,31,366.0,8449
Rabbit,dofetilide,0,0.0,10480
Rabbit,dofetilide,0,0.67,10481
Rabbit,dofetilide,0,1.33,10482
Rabbit,dofetilide,0,2.0,10483
Rabbit,dofetilide,0,2.67,10484
Rabbit,dofetilide,0,3.33,10485
Rabbit,dofetilide,0,4.0,10486
Rabbit,dofetilide,0,4.67,10487
Rabbit,dofetilide,0,5.33,10488
Rabbit,dofetilide,0,6.0,10489
Rabbit,dofetilide,1,0.0,10490
Rabbit,dofetilide,1,0.67,10491
Rabbit,dofetilide,1,1.33,10492
Rabbit,dofetilide,1,2.0,10493
Rabbit,dofetilide,1,2.67,10494
Rabbit,dofetilide,1,3.33,10495
Rabbit,dofetilide,1,4.0,10496
Rabbit,dofetilide,1,4.67,10497
Rabbit,dofetilide,1,5.33,10498
Rabbit,dofetilide,1,6.0,10499
Rabbit,dofetilide,2,0.0,10500
Rabbit,dofetilide,2,0.67,10501
Rabbit,dofetilide,2,1.33,10502
Rabbit,dofetilide,2,2.0,10503
Rabbit,dofetilide,2,2.67,10504
Rabbit,dofetilide,2,3.33,10505
Rabbit,dofetilide,2,4.0,10506
Rabbit,dofetilide,2,4.67,10507
Rabbit,dofetilide,2,5.33,10508
Rabbit,dofetilide,2,6.0,10509
Rabbit,dofetilide,3,0.0,10510
Rabbit,dofetilide,3,0.67,10511
Rabbit,dofetilide,3,1.33,10512
Rabbit,dofetilide,3,2.0,10513
Rabbit,dofetilide,3,2.67,10514
Rabbit,dofetilide,3,3.33,10515
Rabbit,dofetilide,3,4.0,10516
Rabbit,dofetilide,3,4.67,10517
Rabbit,dofetilide,3,5.33,10518
Rabbit,dofetilide,3,6.0,10519
Rabbit,dofetilide,4,0.0,10520
Rabbit,dofetilide,4,0.67,10521
Rabbit,dofetilide,4,1.33,10522
Rabbit,dofetilide,4,2.0,10523
Rabbit,dofetilide,4,2.67,10524
Rabbit,dofetilide,4,3.33,10525
Rabbit,dofetilide,4,4.0,10526
Rabbit,dofetilide,4,4.67,10527
Rabbit,dofetilide,4,5.33,10528
Rabbit,dofetilide,4,6.0,10529
Rabbit,dofetilide,5,0.0,10530
Rabbit,dofetilide,5,0.67,10531
Rabbit,dofetilide,5,1.33,10532
Rabbit,dofetilide,5,2.0,10533
Rabbit,dofetilide,5,2.67,10534
Rabbit,dofetilide,5,3.33,10535
Rabbit,dofetilide,5,4.0,10536
Rabbit,dofetilide,5,4.67,10537
Rabbit,dofetilide,5,5.33,10538
Rabbit,dofetilide,5,6.0,10539
Rabbit,dofetilide,6,0.0,10540
Rabbit,dofetilide,6,0.67,10541
Rabbit,dofetilide,6,1.33,10542
Rabbit,dofetilide,6,2.0,10543
Rabbit,dofetilide,6,2.67,10544
Rabbit,dofetilide,6,3.33,10545
Rabbit,dofetilide,6,4.0,10546
Rabbit,dofetilide,6,4.67,10547
Rabbit,dofetilide,6,5.33,10548
Rabbit,dofetilide,6,6.0,10549
Rabbit,dofetilide,7,0.0,10550
Rabbit,dofetilide,7,0.67,10551
Rabbit,dofetilide,7,1.33,10552
Rabbit,dofetilide,7,2.0,10553
Rabbit,dofetilide,7,2.67,10554
Rabbit,dofetilide,7,3.33,10555
Rabbit,dofetilide,7,4.0,10556
Rabbit,dofetilide,7,4.67,10557
Rabbit,dofetilide,7,5.33,10558
Rabbit,dofetilide,7,6.0,10559
Rabbit,dofetilide,8,0.0,10560
Rabbit,dofetilide,8,0.67,10561
Rabbit,dofetilide,8,1.33,10562
Rabbit,dofetilide,8,2.0,10563
Rabbit,dofetilide,8,2.67,10564
Rabbit,dofetilide,8,3.33,10565
Rabbit,dofetilide,8,4.0,10566
Rabbit,dofetilide,8,4.67,10567
Rabbit,dofetilide,8,5.33,10568
Rabbit,dofetilide,8,6.0,10569
Rabbit,dofetilide,9,0.0,10570
Rabbit,dofetilide,9,0.67,10571
Rabbit,dofetilide,9,1.33,10572
Rabbit,dofetilide,9,2.0,10573
Rabbit,dofetilide,9,2.67,10574
Rabbit,dofetilide,9,3.33,10575
Rabbit,dofetilide,9,4.0,10576
Rabbit,dofetilide,9,4.67,10577
Rabbit,dofetilide,9,5.33,10578
Rabbit,dofetilide,9,6.0,10579
Rabbit,dofetilide,10,0.0,10580
Rabbit,dofetilide,10,0.67,10581
Rabbit,dofetilide,10,1.33,10582
Rabbit,dofetilide,10,2.0,10583
Rabbit,dofetilide,10,2.67,10584
Rabbit,dofetilide,10,3.33,10585
Rabbit,dofetilide,10,4.0,10586
Rabbit,dofetilide,10,4.67,10587
Rabbit,dofetilide,10,5.33,10588
Rabbit,dofetilide,10,6.0,10589
Rabbit,dofetilide,11,0.0,10590
Rabbit,dofetilide,11,0.67,10591
Rabbit,dofetilide,11,1.33,10592
Rabbit,dofetilide,11,2.0,10593
Rabbit,dofetilide,11,2.67,10594
Rabbit,dofetilide,11,3.33,10595
Rabbit,dofetilide,11,4.0,10596
Rabbit,dofetilide,11,4.67,10597
Rabbit,dofetilide,11,5.33,10598
Rabbit,dofetilide,11,6.0,10599
Rabbit,dofetilide,12,0.0,10600
Rabbit,dofetilide,12,0.67,10601
Rabbit,dofetilide,12,1.33,10602
Rabbit,dofetilide,12,2.0,10603
Rabbit,dofetilide,12,2.67,10604
Rabbit,dofetilide,12,3.33,10605
Rabbit,dofetilide,12,4.0,10606
Rabbit,dofetilide,12,4.67,10607
Rabbit,dofetilide,12,5.33,10608
Rabbit,dofetilide,12,6.0,10609
Rabbit,dofetilide,13,0.0,10610
Rabbit,dofetilide,13,0.67,10611
Rabbit,dofetilide,13,1.33,10612
Rabbit,dofetilide,13,2.0,10613
Rabbit,dofetilide,13,2.67,10614
Rabbit,dofetilide,13,3.33,10615
Rabbit,dofetilide,13,4.0,10616
Rabbit,dofetilide,13,4.67,10617
Rabbit,dofetilide,13,5.33,10618
Rabbit,dofetilide,13,6.0,10619
Rabbit,dofetilide,14,0.0,10620
Rabbit,dofetilide,14,0.67,10621
Rabbit,dofetilide,14,1.33,10622
Rabbit,dofetilide,14,2.0,10623
Rabbit,dofetilide,14,2.67,10624
Rabbit,dofetilide,14,3.33,10625
Rabbit,dofetilide,14,4.0,10626
Rabbit,dofetilide,14,4.67,10627
Rabbit,dofetilide,14,5.33,10628
Rabbit,dofetilide,14,6.0,10629
Rabbit,dofetilide,15,0.0,10630
Rabbit,dofetilide,15,0.67,10631
Rabbit,dofetilide,15,1.33,10632
Rabbit,dofetilide,15,2.0,10633
Rabbit,dofetilide,15,2.67,10634
Rabbit,dofetilide,15,3.33,10635
Rabbit,dofetilide,15,4.0,10636
Rabbit,dofetilide,15,4.67,10637
Rabbit,dofetilide,15,5.33,10638
Rabbit,dofetilide,15,6.0,10639
Rabbit,dofetilide,16,0.0,10640
Rabbit,dofetilide,16,0.67,10641
Rabbit,dofetilide,16,1.33,10642
Rabbit,dofetilide,16,2.0,10643
Rabbit,dofetilide,16,2.67,10644
Rabbit,dofetilide,16,3.33,10645
Rabbit,dofetilide,16,4.0,10646
Rabbit,dofetilide,16,4.67,10647
Rabbit,dofetilide,16,5.33,10648
Rabbit,dofetilide,16,6.0,10649
Rabbit,dofetilide,18,0.0,10650
Rabbit,dofetilide,18,0.67,10651
Rabbit,dofetilide,18,1.33,10652
Rabbit,dofetilide,18,2.0,10653
Rabbit,dofetilide,18,2.67,10654
Rabbit,dofetilide,18,3.33,10655
Rabbit,dofetilide,18,4.0,10656
Rabbit,dofetilide,18,4.67,10657
Rabbit,dofetilide,18,5.33,10658
Rabbit,dofetilide,18,6.0,10659
Rabbit,dofetilide,19,0.0,10660
Rabbit,dofetilide,19,0.67,10661
Rabbit,dofetilide,19,1.33,10662
Rabbit,dofetilide,19,2.0,10663
Rabbit,dofetilide,19,2.67,10664
Rabbit,dofetilide,19,3.33,10665
Rabbit,dofetilide,19,4.0,10666
Rabbit,dofetilide,19,4.67,10667
Rabbit,dofetilide,19,5.33,10668
Rabbit,dofetilide,19,6.0,10669
Rabbit,dofetilide,20,0.0,10670
Rabbit,dofetilide,20,0.67,10671
Rabbit,dofetilide,20,1.33,10672
Rabbit,dofetilide,20,2.0,10673
Rabbit,dofetilide,20,2.67,10674
Rabbit,dofetilide,20,3.33,10675
Rabbit,dofetilide,20,4.0,10676
Rabbit,dofetilide,20,4.67,10677
Rabbit,dofetilide,20,5.33,10678
Rabbit,dofetilide,20,6.0,10679
Rabbit,dofetilide,22,0.0,10680
Rabbit,dofetilide,22,0.67,10681
Rabbit,dofetilide,22,1.33,10682
Rabbit,dofetilide,22,2.0,10683
Rabbit,dofetilide,22,2.67,10684
Rabbit,dofetilide,22,3.33,10685
Rabbit,dofetilide,22,4.0,10686
Rabbit,dofetilide,22,4.67,10687
Rabbit,dofetilide,22,5.33,10688
Rabbit,dofetilide,22,6.0,10689
Rabbit,dofetilide,23,0.0,10690
Rabbit,dofetilide,23,0.67,10691
Rabbit,dofetilide,23,1.33,10692
Rabbit,dofetilide,23,2.0,10693
Rabbit,dofetilide,23,2.67,10694
Rabbit,dofetilide,23,3.33,10695
Rabbit,dofetilide,23,4.0,10696
Rabbit,dofetilide,23,4.67,10697
Rabbit,dofetilide,23,5.33,10698
Rabbit,dofetilide,23,6.0,10699
Rabbit,dofetilide,24,0.0,10700
Rabbit,dofetilide,24,0.67,10701
Rabbit,dofetilide,24,1.33,10702
Rabbit,dofetilide,24,2.0,10703
Rabbit,dofetilide,24,2.67,10704
Rabbit,dofetilide,24,3.33,10705
Rabbit,dofetilide,24,4.0,10706
Rabbit,dofetilide,24,4.67,10707
Rabbit,dofetilide,24,5.33,10708
Rabbit,dofetilide,24,6.0,10709
Rabbit,dofetilide,26,0.0,10710
Rabbit,dofetilide,26,0.67,10711
Rabbit,dofetilide,26,1.33,10712
Rabbit,dofetilide,26,2.0,10713
Rabbit,dofetilide,26,2.67,10714
Rabbit,dofetilide,26,3.33,10715
Rabbit,dofetilide,26,4.0,10716
Rabbit,dofetilide,26,4.67,10717
Rabbit,dofetilide,26,5.33,10718
Rabbit,dofetilide,26,6.0,10719
Rabbit,dofetilide,30,0.0,10720
Rabbit,dofetilide,30,0.67,10721
Rabbit,dofetilide,30,1.33,10722
Rabbit,dofetilide,30,2.0,10723
Rabbit,dofetilide,30,2.67,10724
Rabbit,dofetilide,30,3.33,10725
Rabbit,dofetilide,30,4.0,10726
Rabbit,dofetilide,30,4.67,10727
Rabbit,dofetilide,30,5.33,10728
Rabbit,dofetilide,30,6.0,10729
Rabbit,dofetilide,31,0.0,10730
Rabbit,dofetilide,31,0.67,10731
Rabbit,dofetilide,31,1.33,10732
Rabbit,dofetilide,31,2.0,10733
Rabbit,dofetilide,31,2.67,10734
Rabbit,dofetilide,31,3.33,10735
Rabbit,dofetilide,31,4.0,10736
Rabbit,dofetilide,31,4.67,10737
Rabbit,dofetilide,31,5.33,10738
Rabbit,dofetilide,31,6.0,10739
Rabbit,mexiletine,0,0.0,12750
Rabbit,mexiletine,0,1376.33,12751
Rabbit,mexiletine,0,2752.67,12752
Rabbit,mexiletine,0,4129.0,12753
Rabbit,mexiletine,0,5505.33,12754
Rabbit,mexiletine,0,6881.67,12755
Rabbit,mexiletine,0,8258.0,12756
Rabbit,mexiletine,0,9634.33,12757
Rabbit,mexiletine,0,11010.67,12758
Rabbit,mexiletine,0,12387.0,12759
Rabbit,mexiletine,1,0.0,12760
Rabbit,mexiletine,1,1376.33,12761
Rabbit,mexiletine,1,2752.67,12762
Rabbit,mexiletine,1,4129.0,12763
Rabbit,mexiletine,1,5505.33,12764
Rabbit,mexiletine,1,6881.67,12765
Rabbit,mexiletine,1,8258.0,12766
Rabbit,mexiletine,1,9634.33,12767
Rabbit,mexiletine,1,11010.67,12768
Rabbit,mexiletine,1,12387.0,12769
Rabbit,mexiletine,2,0.0,12770
Rabbit,mexiletine,2,1376.33,12771
Rabbit,mexiletine,2,2752.67,12772
Rabbit,mexiletine,2,4129.0,12773
Rabbit,mexiletine,2,5505.33,12774
Rabbit,mexiletine,2,6881.67,12775
Rabbit,mexiletine,2,8258.0,12776
Rabbit,mexiletine,2,9634.33,12777
Rabbit,mexiletine,2,11010.67,12778
Rabbit,mexiletine,2,12387.0,12779
Rabbit,mexiletine,3,0.0,12780
Rabbit,mexiletine,3,1376.33,12781
Rabbit,mexiletine,3,2752.67,12782
Rabbit,mexiletine,3,4129.0,12783
Rabbit,mexiletine,3,5505.33,12784
Rabbit,mexiletine,3,6881.67,12785
Rabbit,mexiletine,3,8258.0,12786
Rabbit,mexiletine,3,9634.33,12787
Rabbit,mexiletine,3,11010.67,12788
Rabbit,mexiletine,3,12387.0,12789
Rabbit,mexiletine,4,0.0,12790
Rabbit,mexiletine,4,1376.33,12791
Rabbit,mexiletine,4,2752.67,12792
Rabbit,mexiletine,4,4129.0,12793
Rabbit,mexiletine,4,5505.33,12794
Rabbit,mexiletine,4,6881.67,12795
Rabbit,mexiletine,4,8258.0,12796
Rabbit,mexiletine,4,9634.33,12797
Rabbit,mexiletine,4,11010.67,12798
Rabbit,mexiletine,4,12387.0,12799
Rabbit,mexiletine,5,0.0,12800
Rabbit,mexiletine,5,1376.33,12801
Rabbit,mexiletine,5,2752.67,12802
Rabbit,mexiletine,5,4129.0,12803
Rabbit,mexiletine,5,5505.33,12804
Rabbit,mexiletine,5,6881.67,12805
Rabbit,mexiletine,5,8258.0,12806
Rabbit,mexiletine,5,9634.33,12807
Rabbit,mexiletine,5,11010.67,12808
Rabbit,mexiletine,5,12387.0,12809
Rabbit,mexiletine,6,0.0,12810
Rabbit,mexiletine,6,1376.33,12811
Rabbit,mexiletine,6,2752.67,12812
Rabbit,mexiletine,6,4129.0,12813
Rabbit,mexiletine,6,5505.33,12814
Rabbit,mexiletine,6,6881.67,12815
Rabbit,mexiletine,6,8258.0,12816
Rabbit,mexiletine,6,9634.33,12817
Rabbit,mexiletine,6,11010.67,12818
Rabbit,mexiletine,6,12387.0,12819
Rabbit,mexiletine,7,0.0,12820
Rabbit,mexiletine,7,1376.33,12821
Rabbit,mexiletine,7,2752.67,12822
Rabbit,mexiletine,7,4129.0,12823
Rabbit,mexiletine,7,5505.33,12824
Rabbit,mexiletine,7,6881.67,12825
Rabbit,mexiletine,7,8258.0,12826
Rabbit,mexiletine,7,9634.33,12827
Rabbit,mexiletine,7,11010.67,12828
Rabbit,mexiletine,7,12387.0,12829
Rabbit,mexiletine,8,0.0,12830
Rabbit,mexiletine,8,1376.33,12831
Rabbit,mexiletine,8,2752.67,12832
Rabbit,mexiletine,8,4129.0,12833
Rabbit,mexiletine,8,5505.33,12834
Rabbit,mexiletine,8,6881.67,12835
Rabbit,mexiletine,8,8258.0,12836
Rabbit,mexiletine,8,9634.33,12837
Rabbit,mexiletine,8,11010.67,12838
Rabbit,mexiletine,8,12387.0,12839
Rabbit,mexiletine,9,0.0,12840
Rabbit,mexiletine,9,1376.33,12841
Rabbit,mexiletine,9,2752.67,12842
Rabbit,mexiletine,9,4129.0,12843
Rabbit,mexiletine,9,5505.33,12844
Rabbit,mexiletine,9,6881.67,12845
Rabbit,mexiletine,9,8258.0,12846
Rabbit,mexiletine,9,9634.33,12847
Rabbit,mexiletine,9,11010.67,12848
Rabbit,mexiletine,9,12387.0,12849
Rabbit,mexiletine,10,0.0,12850
Rabbit,mexiletine,10,1376.33,12851
Rabbit,mexiletine,10,2752.67,12852
Rabbit,mexiletine,10,4129.0,12853
Rabbit,mexiletine,10,5505.33,12854
Rabbit,mexiletine,10,6881.67,12855
Rabbit,mexiletine,10,8258.0,12856
Rabbit,mexiletine,10,9634.33,12857
Rabbit,mexiletine,10,11010.67,12858
Rabbit,mexiletine,10,12387.0,12859
Rabbit,mexiletine,11,0.0,12860
Rabbit,mexiletine,11,1376.33,12861
Rabbit,mexiletine,11,2752.67,12862
Rabbit,mexiletine,11,4129.0,12863
Rabbit,mexiletine,11,5505.33,12864
Rabbit,mexiletine,11,6881.67,12865
Rabbit,mexiletine,11,8258.0,12866
Rabbit,mexiletine,11,9634.33,12867
Rabbit,mexiletine,11,11010.67,12868
Rabbit,mexiletine,11,12387.0,12869
Rabbit,mexiletine,12,0.0,12870
Rabbit,mexiletine,12,1376.33,12871
Rabbit,mexiletine,12,2752.67,12872
Rabbit,mexiletine,12,4129.0,12873
Rabbit,mexiletine,12,5505.33,12874
Rabbit,mexiletine,12,6881.67,12875
Rabbit,mexiletine,12,8258.0,12876
Rabbit,mexiletine,12,9634.33,12877
Rabbit,mexiletine,12,11010.67,12878
Rabbit,mexiletine,12,12387.0,12879
Rabbit,mexiletine,13,0.0,12880
Rabbit,mexiletine,13,1376.33,12881
Rabbit,mexiletine,13,2752.67,12882
Rabbit,mexiletine,13,4129.0,12883
Rabbit,mexiletine,13,5505.33,12884
Rabbit,mexiletine,13,6881.67,12885
Rabbit,mexiletine,13,8258.0,12886
Rabbit,mexiletine,13,9634.33,12887
Rabbit,mexiletine,13,11010.67,12888
Rabbit,mexiletine,13,12387.0,12889
Rabbit,mexiletine,14,0.0,12890
Rabbit,mexiletine,14,1376.33,12891
Rabbit,mexiletine,14,2752.67,12892
Rabbit,mexiletine,14,4129.0,12893
Rabbit,mexiletine,14,5505.33,12894
Rabbit,mexiletine,14,6881.67,12895
Rabbit,mexiletine,14,8258.0,12896
Rabbit,mexiletine,14,9634.33,12897
Rabbit,mexiletine,14,11010.67,12898
Rabbit,mexiletine,14,12387.0,12899
Rabbit,mexiletine,15,0.0,12900
Rabbit,mexiletine,15,1376.33,12901
Rabbit,mexiletine,15,2752.67,12902
Rabbit,mexiletine,15,4129.0,12903
Rabbit,mexiletine,15,5505.33,12904
Rabbit,mexiletine,15,6881.67,12905
Rabbit,mexiletine,15,8258.0,12906
Rabbit,mexiletine,15,9634.33,12907
Rabbit,mexiletine,15,11010.67,12908
Rabbit,mexiletine,15,12387.0,12909
Rabbit,mexiletine,17,0.0,12910
Rabbit,mexiletine,17,1376.33,12911
Rabbit,mexiletine,17,2752.67,12912
Rabbit,mexiletine,17,4129.0,12913
Rabbit,mexiletine,17,5505.33,12914
Rabbit,mexiletine,17,6881.67,12915
Rabbit,mexiletine,17,8258.0,12916
Rabbit,mexiletine,17,9634.33,12917
Rabbit,mexiletine,17,11010.67,12918
Rabbit,mexiletine,17,12387.0,12919
Rabbit,mexiletine,18,0.0,12920
Rabbit,mexiletine,18,1376.33,12921
Rabbit,mexiletine,18,2752.67,12922
Rabbit,mexiletine,18,4129.0,12923
Rabbit,mexiletine,18,5505.33,12924
Rabbit,mexiletine,18,6881.67,12925
Rabbit,mexiletine,18,8258.0,12926
Rabbit,mexiletine,18,9634.33,12927
Rabbit,mexiletine,18,11010.67,12928
Rabbit,mexiletine,18,12387.0,12929
Rabbit,mexiletine,19,0.0,12930
Rabbit,mexiletine,19,1376.33,12931
Rabbit,mexiletine,19,2752.67,12932
Rabbit,mexiletine,19,4129.0,12933
Rabbit,mexiletine,19,5505.33,12934
Rabbit,mexiletine,19,6881.67,12935
Rabbit,mexiletine,19,8258.0,12936
Rabbit,mexiletine,19,9634.33,12937
Rabbit,mexiletine,19,11010.67,12938
Rabbit,mexiletine,19,12387.0,12939
Rabbit,mexiletine,21,0.0,12940
Rabbit,mexiletine,21,1376.33,12941
Rabbit,mexiletine,21,2752.67,12942
Rabbit,mexiletine,21,4129.0,12943
Rabbit,mexiletine,21,5505.33,12944
Rabbit,mexiletine,21,6881.67,12945
Rabbit,mexiletine,21,8258.0,12946
Rabbit,mexiletine,21,9634.33,12947
Rabbit,mexiletine,21,11010.67,12948
Rabbit,mexiletine,21,12387.0,12949
Rabbit,mexiletine,22,0.0,12950
Rabbit,mexiletine,22,1376.33,12951
Rabbit,mexiletine,22,2752.67,12952
Rabbit,mexiletine,22,4129.0,12953
Rabbit,mexiletine,22,5505.33,12954
Rabbit,mexiletine,22,6881.67,12955
Rabbit,mexiletine,22,8258.0,12956
Rabbit,mexiletine,22,9634.33,12957
Rabbit,mexiletine,22,11010.67,12958
Rabbit,mexiletine,22,12387.0,12959
Rabbit,mexiletine,23,0.0,12960
Rabbit,mexiletine,23,1376.33,12961
Rabbit,mexiletine,23,2752.67,12962
Rabbit,mexiletine,23,4129.0,12963
Rabbit,mexiletine,23,5505.33,12964
Rabbit,mexiletine,23,6881.67,12965
Rabbit,mexiletine,23,8258.0,12966
Rabbit,mexiletine,23,9634.33,12967
Rabbit,mexiletine,23,11010.67,12968
Rabbit,mexiletine,23,12387.0,12969
Rabbit,mexiletine,24,0.0,12970
Rabbit,mexiletine,24,1376.33,12971
Rabbit,mexiletine,24,2752.67,12972
Rabbit,mexiletine,24,4129.0,12973
Rabbit,mexiletine,24,5505.33,12974
Rabbit,mexiletine,24,6881.67,12975
Rabbit,mexiletine,24,8258.0,12976
Rabbit,mexiletine,24,9634.33,12977
Rabbit,mexiletine,24,11010.67,12978
Rabbit,mexiletine,24,12387.0,12979
Rabbit,mexiletine,26,0.0,12980
Rabbit,mexiletine,26,1376.33,12981
Rabbit,mexiletine,26,2752.67,12982
Rabbit,mexiletine,26,4129.0,12983
Rabbit,mexiletine,26,5505.33,12984
Rabbit,mexiletine,26,6881.67,12985
Rabbit,mexiletine,26,8258.0,12986
Rabbit,mexiletine,26,9634.33,12987
Rabbit,mexiletine,26,11010.67,12988
Rabbit,mexiletine,26,12387.0,12989
Rabbit,mexiletine,30,0.0,12990
Rabbit,mexiletine,30,1376.33,12991
Rabbit,mexiletine,30,2752.67,12992
Rabbit,mexiletine,30,4129.0,12993
Rabbit,mexiletine,30,5505.33,12994
Rabbit,mexiletine,30,6881.67,12995
Rabbit,mexiletine,30,8258.0,12996
Rabbit,mexiletine,30,9634.33,12997
Rabbit,mexiletine,30,11010.67,12998
Rabbit,mexiletine,30,12387.0,12999
Rabbit,mexiletine,31,0.0,13000
Rabbit,mexiletine,31,1376.33,13001
Rabbit,mexiletine,31,2752.67,13002
Rabbit,mexiletine,31,4129.0,13003
Rabbit,mexiletine,31,5505.33,13004
Rabbit,mexiletine,31,6881.67,13005
Rabbit,mexiletine,31,8258.0,13006
Rabbit,mexiletine,31,9634.33,13007
Rabbit,mexiletine,31,11010.67,13008
Rabbit,mexiletine,31,12387.0,13009
Rabbit,ondansetron,0,0.0,15049
Rabbit,ondansetron,0,46.33,15050
Rabbit,ondansetron,0,92.67,15051
Rabbit,ondansetron,0,139.0,15052
Rabbit,ondansetron,0,185.33,15053
Rabbit,ondansetron,0,231.67,15054
Rabbit,ondansetron,0,278.0,15055
Rabbit,ondansetron,0,324.33,15056
Rabbit,ondansetron,0,370.67,15057
Rabbit,ondansetron,0,417.0,15058
Rabbit,ondansetron,1,0.0,15059
Rabbit,ondansetron,1,46.33,15060
Rabbit,ondansetron,1,92.67,15061
Rabbit,ondansetron,1,139.0,15062
Rabbit,ondansetron,1,185.33,15063
Rabbit,ondansetron,1,231.67,15064
Rabbit,ondansetron,1,278.0,15065
Rabbit,ondansetron,1,324.33,15066
Rabbit,ondansetron,1,370.67,15067
Rabbit,ondansetron,1,417.0,15068
Rabbit,ondansetron,2,0.0,15069
Rabbit,ondansetron,2,46.33,15070
Rabbit,ondansetron,2,92.67,15071
Rabbit,ondansetron,2,139.0,15072
Rabbit,ondansetron,2,185.33,15073
Rabbit,ondansetron,2,231.67,15074
Rabbit,ondansetron,2,278.0,15075
Rabbit,ondansetron,2,324.33,15076
Rabbit,ondansetron,2,370.67,15077
Rabbit,ondansetron,2,417.0,15078
Rabbit,ondansetron,3,0.0,15079
Rabbit,ondansetron,3,46.33,15080
Rabbit,ondansetron,3,92.67,15081
Rabbit,ondansetron,3,139.0,15082
Rabbit,ondansetron,3,185.33,15083
Rabbit,ondansetron,3,231.67,15084
Rabbit,ondansetron,3,278.0,15085
Rabbit,ondansetron,3,324.33,15086
Rabbit,ondansetron,3,370.67,15087
Rabbit,ondansetron,3,417.0,15088
Rabbit,ondansetron,4,0.0,15089
Rabbit,ondansetron,4,46.33,15090
Rabbit,ondansetron,4,92.67,15091
Rabbit,ondansetron,4,139.0,15092
Rabbit,ondansetron,4,185.33,15093
Rabbit,ondansetron,4,231.67,15094
Rabbit,ondansetron,4,278.0,15095
Rabbit,ondansetron,4,324.33,15096
Rabbit,ondansetron,4,370.67,15097
Rabbit,ondansetron,4,417.0,15098
Rabbit,ondansetron,5,0.0,15099
Rabbit,ondansetron,5,46.33,15100
Rabbit,ondansetron,5,92.67,15101
Rabbit,ondansetron,5,139.0,15102
Rabbit,ondansetron,5,185.33,15103
Rabbit,ondansetron,5,231.67,15104
Rabbit,ondansetron,5,278.0,15105
Rabbit,ondansetron,5,324.33,15106
Rabbit,ondansetron,5,370.67,15107
Rabbit,ondansetron,5,417.0,15108
Rabbit,ondansetron,6,0.0,15109
Rabbit,ondansetron,6,46.33,15110
Rabbit,ondansetron,6,92.67,15111
Rabbit,ondansetron,6,139.0,15112
Rabbit,ondansetron,6,185.33,15113
Rabbit,ondansetron,6,231.67,15114
Rabbit,ondansetron,6,278.0,15115
Rabbit,ondansetron,6,324.33,15116
Rabbit,ondansetron,6,370.67,15117
Rabbit,ondansetron,6,417.0,15118
Rabbit,ondansetron,7,0.0,15119
Rabbit,ondansetron,7,46.33,15120
Rabbit,ondansetron,7,92.67,15121
Rabbit,ondansetron,7,139.0,15122
Rabbit,ondansetron,7,185.33,15123
Rabbit,ondansetron,7,231.67,15124
Rabbit,ondansetron,7,278.0,15125
Rabbit,ondansetron,7,324.33,15126
Rabbit,ondansetron,7,370.67,15127
Rabbit,ondansetron,7,417.0,15128
Rabbit,ondansetron,8,0.0,15129
Rabbit,ondansetron,8,46.33,15130
Rabbit,ondansetron,8,92.67,15131
Rabbit,ondansetron,8,139.0,15132
Rabbit,ondansetron,8,185.33,15133
Rabbit,ondansetron,8,231.67,15134
Rabbit,ondansetron,8,278.0,15135
Rabbit,ondansetron,8,324.33,15136
Rabbit,ondansetron,8,370.67,15137
Rabbit,ondansetron,8,417.0,15138
Rabbit,ondansetron,9,0.0,15139
Rabbit,ondansetron,9,46.33,15140
Rabbit,ondansetron,9,92.67,15141
Rabbit,ondansetron,9,139.0,15142
Rabbit,ondansetron,9,185.33,15143
Rabbit,ondansetron,9,231.67,15144
Rabbit,ondansetron,9,278.0,15145
Rabbit,ondansetron,9,324.33,15146
Rabbit,ondansetron,9,370.67,15147
Rabbit,ondansetron,9,417.0,15148
Rabbit,ondansetron,10,0.0,15149
Rabbit,ondansetron,10,46.33,15150
Rabbit,ondansetron,10,92.67,15151
Rabbit,ondansetron,10,139.0,15152
Rabbit,ondansetron,10,185.33,15153
Rabbit,ondansetron,10,231.67,15154
Rabbit,ondansetron,10,278.0,15155
Rabbit,ondansetron,10,324.33,15156
Rabbit,ondansetron,10,370.67,15157
Rabbit,ondansetron,10,417.0,15158
Rabbit,ondansetron,11,0.0,15159
Rabbit,ondansetron,11,46.33,15160
Rabbit,ondansetron,11,92.67,15161
Rabbit,ondansetron,11,139.0,15162
Rabbit,ondansetron,11,185.33,15163
Rabbit,ondansetron,11,231.67,15164
Rabbit,ondansetron,11,278.0,15165
Rabbit,ondansetron,11,324.33,15166
Rabbit,ondansetron,11,370.67,15167
Rabbit,ondansetron,11,417.0,15168
Rabbit,ondansetron,12,0.0,15169
Rabbit,ondansetron,12,46.33,15170
Rabbit,ondansetron,12,92.67,15171
Rabbit,ondansetron,12,139.0,15172
Rabbit,ondansetron,12,185.33,15173
Rabbit,ondansetron,12,231.67,15174
Rabbit,ondansetron,12,278.0,15175
Rabbit,ondansetron,12,324.33,15176
Rabbit,ondansetron,12,370.67,15177
Rabbit,ondansetron,12,417.0,15178
Rabbit,ondansetron,13,0.0,15179
Rabbit,ondansetron,13,46.33,15180
Rabbit,ondansetron,13,92.67,15181
Rabbit,ondansetron,13,139.0,15182
Rabbit,ondansetron,13,185.33,15183
Rabbit,ondansetron,13,231.67,15184
Rabbit,ondansetron,13,278.0,15185
Rabbit,ondansetron,13,324.33,15186
Rabbit,ondansetron,13,370.67,15187
Rabbit,ondansetron,13,417.0,15188
Rabbit,ondansetron,14,0.0,15189
Rabbit,ondansetron,14,46.33,15190
Rabbit,ondansetron,14,92.67,15191
Rabbit,ondansetron,14,139.0,15192
Rabbit,ondansetron,14,185.33,15193
Rabbit,ondansetron,14,231.67,15194
Rabbit,ondansetron,14,278.0,15195
Rabbit,ondansetron,14,324.33,15196
Rabbit,ondansetron,14,370.67,15197
Rabbit,ondansetron,14,417.0,15198
Rabbit,ondansetron,15,0.0,15199
Rabbit,ondansetron,15,46.33,15200
Rabbit,ondansetron,15,92.67,15201
Rabbit,ondansetron,15,139.0,15202
Rabbit,ondansetron,15,185.33,15203
Rabbit,ondansetron,15,231.67,15204
Rabbit,ondansetron,15,278.0,15205
Rabbit,ondansetron,15,324.33,15206
Rabbit,ondansetron,15,370.67,15207
Rabbit,ondansetron,15,417.0,15208
Rabbit,ondansetron,16,0.0,15209
Rabbit,ondansetron,16,46.33,15210
Rabbit,ondansetron,16,92.67,15211
Rabbit,ondansetron,16,139.0,15212
Rabbit,ondansetron,16,185.33,15213
Rabbit,ondansetron,16,231.67,15214
Rabbit,ondansetron,16,278.0,15215
Rabbit,ondansetron,16,324.33,15216
Rabbit,ondansetron,16,370.67,15217
Rabbit,ondansetron,16,417.0,15218
Rabbit,ondansetron,18,0.0,15219
Rabbit,ondansetron,18,46.33,15220
Rabbit,ondansetron,18,92.67,15221
Rabbit,ondansetron,18,139.0,15222
Rabbit,ondansetron,18,185.33,15223
Rabbit,ondansetron,18,231.67,15224
Rabbit,ondansetron,18,278.0,15225
Rabbit,ondansetron,18,324.33,15226
Rabbit,ondansetron,18,370.67,15227
Rabbit,ondansetron,18,417.0,15228
Rabbit,ondansetron,19,0.0,15229
Rabbit,ondansetron,19,46.33,15230
Rabbit,ondansetron,19,92.67,15231
Rabbit,ondansetron,19,139.0,15232
Rabbit,ondansetron,19,185.33,15233
Rabbit,ondansetron,19,231.67,15234
Rabbit,ondansetron,19,278.0,15235
Rabbit,ondansetron,19,324.33,15236
Rabbit,ondansetron,19,370.67,15237
Rabbit,ondansetron,19,417.0,15238
Rabbit,ondansetron,20,0.0,15239
Rabbit,ondansetron,20,46.33,15240
Rabbit,ondansetron,20,92.67,15241
Rabbit,ondansetron,20,139.0,15242
Rabbit,ondansetron,20,185.33,15243
Rabbit,ondansetron,20,231.67,15244
Rabbit,ondansetron,20,278.0,15245
Rabbit,ondansetron,20,324.33,15246
Rabbit,ondansetron,20,370.67,15247
Rabbit,ondansetron,20,417.0,15248
Rabbit,ondansetron,22,0.0,15249
Rabbit,ondansetron,22,46.33,15250
Rabbit,ondansetron,22,92.67,15251
Rabbit,ondansetron,22,139.0,15252
Rabbit,ondansetron,22,185.33,15253
Rabbit,ondansetron,22,231.67,15254
Rabbit,ondansetron,22,278.0,15255
Rabbit,ondansetron,22,324.33,15256
Rabbit,ondansetron,22,370.67,15257
Rabbit,ondansetron,22,417.0,15258
Rabbit,ondansetron,23,0.0,15259
Rabbit,ondansetron,23,46.33,15260
Rabbit,ondansetron,23,92.67,15261
Rabbit,ondansetron,23,139.0,15262
Rabbit,ondansetron,23,185.33,15263
Rabbit,ondansetron,23,231.67,15264
Rabbit,ondansetron,23,278.0,15265
Rabbit,ondansetron,23,324.33,15266
Rabbit,ondansetron,23,370.67,15267
Rabbit,ondansetron,23,417.0,15268
Rabbit,ondansetron,24,0.0,15269
Rabbit,ondansetron,24,46.33,15270
Rabbit,ondansetron,24,92.67,15271
Rabbit,ondansetron,24,139.0,15272
Rabbit,ondansetron,24,185.33,15273
Rabbit,ondansetron,24,231.67,15274
Rabbit,ondansetron,24,278.0,15275
Rabbit,ondansetron,24,324.33,15276
Rabbit,ondansetron,24,370.67,15277
Rabbit,ondansetron,24,417.0,15278
Rabbit,ondansetron,26,0.0,15279
Rabbit,ondansetron,26,46.33,15280
Rabbit,ondansetron,26,92.67,15281
Rabbit,ondansetron,26,139.0,15282
Rabbit,ondansetron,26,185.33,15283
Rabbit,ondansetron,26,231.67,15284
Rabbit,ondansetron,26,278.0,15285
Rabbit,ondansetron,26,324.33,15286
Rabbit,ondansetron,26,370.67,15287
Rabbit,ondansetron,26,417.0,15288
Rabbit,ondansetron,30,0.0,15289
Rabbit,ondansetron,30,46.33,15290
Rabbit,ondansetron,30,92.67,15291
Rabbit,ondansetron,30,139.0,15292
Rabbit,ondansetron,30,185.33,15293
Rabbit,ondansetron,30,231.67,15294
Rabbit,ondansetron,30,278.0,15295
Rabbit,ondansetron,30,324.33,15296
Rabbit,ondansetron,30,370.67,15297
Rabbit,ondansetron,30,417.0,15298
Rabbit,ondansetron,31,0.0,15299
Rabbit,ondansetron,31,46.33,15300
Rabbit,ondansetron,31,92.67,15301
Rabbit,ondansetron,31,139.0,15302
Rabbit,ondansetron,31,185.33,15303
Rabbit,ondansetron,31,231.67,15304
Rabbit,ondansetron,31,278.0,15305
Rabbit,ondansetron,31,324.33,15306
Rabbit,ondansetron,31,370.67,15307
Rabbit,ondansetron,31,417.0,15308
Rabbit,quinidine,0,0.0,17019
Rabbit,quinidine,0,1079.0,17020
Rabbit,quinidine,0,2158.0,17021
Rabbit,quinidine,0,3237.0,17022
Rabbit,quinidine,0,4316.0,17023
Rabbit,quinidine,0,5395.0,17024
Rabbit,quinidine,0,6474.0,17025
Rabbit,quinidine,0,7553.0,17026
Rabbit,quinidine,0,8632.0,17027
Rabbit,quinidine,0,9711.0,17028
Rabbit,quinidine,1,0.0,17029
Rabbit,quinidine,1,1079.0,17030
Rabbit,quinidine,1,2158.0,17031
Rabbit,quinidine,1,3237.0,17032
Rabbit,quinidine,1,4316.0,17033
Rabbit,quinidine,1,5395.0,17034
Rabbit,quinidine,1,6474.0,17035
Rabbit,quinidine,1,7553.0,17036
Rabbit,quinidine,1,8632.0,17037
Rabbit,quinidine,1,9711.0,17038
Rabbit,quinidine,2,0.0,17039
Rabbit,quinidine,2,1079.0,17040
Rabbit,quinidine,2,2158.0,17041
Rabbit,quinidine,2,3237.0,17042
Rabbit,quinidine,2,4316.0,17043
Rabbit,quinidine,2,5395.0,17044
Rabbit,quinidine,2,6474.0,17045
Rabbit,quinidine,2,7553.0,17046
Rabbit,quinidine,2,8632.0,17047
Rabbit,quinidine,2,9711.0,17048
Rabbit,quinidine,3,0.0,17049
Rabbit,quinidine,3,1079.0,17050
Rabbit,quinidine,3,2158.0,17051
Rabbit,quinidine,3,3237.0,17052
Rabbit,quinidine,3,4316.0,17053
Rabbit,quinidine,3,5395.0,17054
Rabbit,quinidine,3,6474.0,17055
Rabbit,quinidine,3,7553.0,17056
Rabbit,quinidine,3,8632.0,17057
Rabbit,quinidine,3,9711.0,17058
Rabbit,quinidine,4,0.0,17059
Rabbit,quinidine,4,1079.0,17060
Rabbit,quinidine,4,2158.0,17061
Rabbit,quinidine,4,3237.0,17062
Rabbit,quinidine,4,4316.0,17063
Rabbit,quinidine,4,5395.0,17064
Rabbit,quinidine,4,6474.0,17065
Rabbit,quinidine,4,7553.0,17066
Rabbit,quinidine,4,8632.0,17067
Rabbit,quinidine,4,9711.0,17068
Rabbit,quinidine,5,0.0,17069
Rabbit,quinidine,5,1079.0,17070
Rabbit,quinidine,5,2158.0,17071
Rabbit,quinidine,5,3237.0,17072
Rabbit,quinidine,5,4316.0,17073
Rabbit,quinidine,5,5395.0,17074
Rabbit,quinidine,5,6474.0,17075
Rabbit,quinidine,5,7553.0,17076
Rabbit,quinidine,5,8632.0,17077
Rabbit,quinidine,5,9711.0,17078
Rabbit,quinidine,6,0.0,17079
Rabbit,quinidine,6,1079.0,17080
Rabbit,quinidine,6,2158.0,17081
Rabbit,quinidine,6,3237.0,17082
Rabbit,quinidine,6,4316.0,17083
Rabbit,quinidine,6,5395.0,17084
Rabbit,quinidine,6,6474.0,17085
Rabbit,quinidine,6,7553.0,17086
Rabbit,quinidine,6,8632.0,17087
Rabbit,quinidine,6,9711.0,17088
Rabbit,quinidine,7,0.0,17089
Rabbit,quinidine,7,1079.0,17090
Rabbit,quinidine,7,2158.0,17091
Rabbit,quinidine,7,3237.0,17092
Rabbit,quinidine,7,4316.0,17093
Rabbit,quinidine,7,5395.0,17094
Rabbit,quinidine,7,6474.0,17095
Rabbit,quinidine,7,7553.0,17096
Rabbit,quinidine,7,8632.0,17097
Rabbit,quinidine,7,9711.0,17098
Rabbit,quinidine,8,0.0,17099
Rabbit,quinidine,8,1079.0,17100
Rabbit,quinidine,8,2158.0,17101
Rabbit,quinidine,8,3237.0,17102
Rabbit,quinidine,8,4316.0,17103
Rabbit,quinidine,8,5395.0,17104
Rabbit,quinidine,8,6474.0,17105
Rabbit,quinidine,8,7553.0,17106
Rabbit,quinidine,8,8632.0,17107
Rabbit,quinidine,8,9711.0,17108
Rabbit,quinidine,9,0.0,17109
Rabbit,quinidine,9,1079.0,17110
Rabbit,quinidine,9,2158.0,17111
Rabbit,quinidine,9,3237.0,17112
Rabbit,quinidine,9,4316.0,17113
Rabbit,quinidine,9,5395.0,17114
Rabbit,quinidine,9,6474.0,17115
Rabbit,quinidine,9,7553.0,17116
Rabbit,quinidine,9,8632.0,17117
Rabbit,quinidine,9,9711.0,17118
Rabbit,quinidine,10,0.0,17119
Rabbit,quinidine,10,1079.0,17120
Rabbit,quinidine,10,2158.0,17121
Rabbit,quinidine,10,3237.0,17122
Rabbit,quinidine,10,4316.0,17123
Rabbit,quinidine,10,5395.0,17124
Rabbit,quinidine,10,6474.0,17125
Rabbit,quinidine,10,7553.0,17126
Rabbit,quinidine,10,8632.0,17127
Rabbit,quinidine,10,9711.0,17128
Rabbit,quinidine,11,0.0,17129
Rabbit,quinidine,11,1079.0,17130
Rabbit,quinidine,11,2158.0,17131
Rabbit,quinidine,11,3237.0,17132
Rabbit,quinidine,11,4316.0,17133
Rabbit,quinidine,11,5395.0,17134
Rabbit,quinidine,11,6474.0,17135
Rabbit,quinidine,11,7553.0,17136
Rabbit,quinidine,11,8632.0,17137
Rabbit,quinidine,11,9711.0,17138
Rabbit,quinidine,12,0.0,17139
Rabbit,quinidine,12,1079.0,17140
Rabbit,quinidine,12,2158.0,17141
Rabbit,quinidine,12,3237.0,17142
Rabbit,quinidine,12,4316.0,17143
Rabbit,quinidine,12,5395.0,17144
Rabbit,quinidine,12,6474.0,17145
Rabbit,quinidine,12,7553.0,17146
Rabbit,quinidine,12,8632.0,17147
Rabbit,quinidine,12,9711.0,17148
Rabbit,quinidine,13,0.0,17149
Rabbit,quinidine,13,1079.0,17150
Rabbit,quinidine,13,2158.0,17151
Rabbit,quinidine,13,3237.0,17152
Rabbit,quinidine,13,4316.0,17153
Rabbit,quinidine,13,5395.0,17154
Rabbit,quinidine,13,6474.0,17155
Rabbit,quinidine,13,7553.0,17156
Rabbit,quinidine,13,8632.0,17157
Rabbit,quinidine,13,9711.0,17158
Rabbit,quinidine,14,0.0,17159
Rabbit,quinidine,14,1079.0,17160
Rabbit,quinidine,14,2158.0,17161
Rabbit,quinidine,14,3237.0,17162
Rabbit,quinidine,14,4316.0,17163
Rabbit,quinidine,14,5395.0,17164
Rabbit,quinidine,14,6474.0,17165
Rabbit,quinidine,14,7553.0,17166
Rabbit,quinidine,14,8632.0,17167
Rabbit,quinidine,14,9711.0,17168
Rabbit,quinidine,15,0.0,17169
Rabbit,quinidine,15,1079.0,17170
Rabbit,quinidine,15,2158.0,17171
Rabbit,quinidine,15,3237.0,17172
Rabbit,quinidine,15,4316.0,17173
Rabbit,quinidine,15,5395.0,17174
Rabbit,quinidine,15,6474.0,17175
Rabbit,quinidine,15,7553.0,17176
Rabbit,quinidine,15,8632.0,17177
Rabbit,quinidine,15,9711.0,17178
Rabbit,quinidine,17,0.0,17179
Rabbit,quinidine,17,1079.0,17180
Rabbit,quinidine,17,2158.0,17181
Rabbit,quinidine,17,3237.0,17182
Rabbit,quinidine,17,4316.0,17183
Rabbit,quinidine,17,5395.0,17184
Rabbit,quinidine,17,6474.0,17185
Rabbit,quinidine,17,7553.0,17186
Rabbit,quinidine,17,8632.0,17187
Rabbit,quinidine,17,9711.0,17188
Rabbit,quinidine,18,0.0,17189
Rabbit,quinidine,18,1079.0,17190
Rabbit,quinidine,18,2158.0,17191
Rabbit,quinidine,18,3237.0,17192
Rabbit,quinidine,18,4316.0,17193
Rabbit,quinidine,18,5395.0,17194
Rabbit,quinidine,18,6474.0,17195
Rabbit,quinidine,18,7553.0,17196
Rabbit,quinidine,18,8632.0,17197
Rabbit,quinidine,18,9711.0,17198
Rabbit,quinidine,19,0.0,17199
Rabbit,quinidine,19,1079.0,17200
Rabbit,quinidine,19,2158.0,17201
Rabbit,quinidine,19,3237.0,17202
Rabbit,quinidine,19,4316.0,17203
Rabbit,quinidine,19,5395.0,17204
Rabbit,quinidine,19,6474.0,17205
Rabbit,quinidine,19,7553.0,17206
Rabbit,quinidine,19,8632.0,17207
Rabbit,quinidine,19,9711.0,17208
Rabbit,quinidine,21,0.0,17209
Rabbit,quinidine,21,1079.0,17210
Rabbit,quinidine,21,2158.0,17211
Rabbit,quinidine,21,3237.0,17212
Rabbit,quinidine,21,4316.0,17213
Rabbit,quinidine,21,5395.0,17214
Rabbit,quinidine,21,6474.0,17215
Rabbit,quinidine,21,7553.0,17216
Rabbit,quinidine,21,8632.0,17217
Rabbit,quinidine,21,9711.0,17218
Rabbit,quinidine,22,0.0,17219
Rabbit,quinidine,22,1079.0,17220
Rabbit,quinidine,22,2158.0,17221
Rabbit,quinidine,22,3237.0,17222
Rabbit,quinidine,22,4316.0,17223
Rabbit,quinidine,22,5395.0,17224
Rabbit,quinidine,22,6474.0,17225
Rabbit,quinidine,22,7553.0,17226
Rabbit,quinidine,22,8632.0,17227
Rabbit,quinidine,22,9711.0,17228
Rabbit,quinidine,23,0.0,17229
Rabbit,quinidine,23,1079.0,17230
Rabbit,quinidine,23,2158.0,17231
Rabbit,quinidine,23,3237.0,17232
Rabbit,quinidine,23,4316.0,17233
Rabbit,quinidine,23,5395.0,17234
Rabbit,quinidine,23,6474.0,17235
Rabbit,quinidine,23,7553.0,17236
Rabbit,quinidine,23,8632.0,17237
Rabbit,quinidine,23,9711.0,17238
Rabbit,quinidine,24,0.0,17239
Rabbit,quinidine,24,1079.0,17240
Rabbit,quinidine,24,2158.0,17241
Rabbit,quinidine,24,3237.0,17242
Rabbit,quinidine,24,4316.0,17243
Rabbit,quinidine,24,5395.0,17244
Rabbit,quinidine,24,6474.0,17245
Rabbit,quinidine,24,7553.0,17246
Rabbit,quinidine,24,8632.0,17247
Rabbit,quinidine,24,9711.0,17248
Rabbit,quinidine,26,0.0,17249
Rabbit,quinidine,26,1079.0,17250
Rabbit,quinidine,26,2158.0,17251
Rabbit,quinidine,26,3237.0,17252
Rabbit,quinidine,26,4316.0,17253
Rabbit,quinidine,26,5395.0,17254
Rabbit,quinidine,26,6474.0,17255
Rabbit,quinidine,26,7553.0,17256
Rabbit,quinidine,26,8632.0,17257
Rabbit,quinidine,26,9711.0,17258
Rabbit,quinidine,30,0.0,17259
Rabbit,quinidine,30,1079.0,17260
Rabbit,quinidine,30,2158.0,17261
Rabbit,quinidine,30,3237.0,17262
Rabbit,quinidine,30,4316.0,17263
Rabbit,quinidine,30,5395.0,17264
Rabbit,quinidine,30,6474.0,17265
Rabbit,quinidine,30,7553.0,17266
Rabbit,quinidine,30,8632.0,17267
Rabbit,quinidine,30,9711.0,17268
Rabbit,ranolazine,0,0.0,19299
Rabbit,ranolazine,0,649.4,19300
Rabbit,ranolazine,0,1298.8,19301
Rabbit,ranolazine,0,1948.2,19302
Rabbit,ranolazine,0,2597.6,19303
Rabbit,ranolazine,0,3247.0,19304
Rabbit,ranolazine,0,3896.4,19305
Rabbit,ranolazine,0,4545.8,19306
Rabbit,ranolazine,0,5195.2,19307
Rabbit,ranolazine,0,5844.6,19308
Rabbit,ranolazine,1,0.0,19309
Rabbit,ranolazine,1,649.4,19310
Rabbit,ranolazine,1,1298.8,19311
Rabbit,ranolazine,1,1948.2,19312
Rabbit,ranolazine,1,2597.6,19313
Rabbit,ranolazine,1,3247.0,19314
Rabbit,ranolazine,1,3896.4,19315
Rabbit,ranolazine,1,4545.8,19316
Rabbit,ranolazine,1,5195.2,19317
Rabbit,ranolazine,1,5844.6,19318
Rabbit,ranolazine,2,0.0,19319
Rabbit,ranolazine,2,649.4,19320
Rabbit,ranolazine,2,1298.8,19321
Rabbit,ranolazine,2,1948.2,19322
Rabbit,ranolazine,2,2597.6,19323
Rabbit,ranolazine,2,3247.0,19324
Rabbit,ranolazine,2,3896.4,19325
Rabbit,ranolazine,2,4545.8,19326
Rabbit,ranolazine,2,5195.2,19327
Rabbit,ranolazine,2,5844.6,19328
Rabbit,ranolazine,3,0.0,19329
Rabbit,ranolazine,3,649.4,19330
Rabbit,ranolazine,3,1298.8,19331
Rabbit,ranolazine,3,1948.2,19332
Rabbit,ranolazine,3,2597.6,19333
Rabbit,ranolazine,3,3247.0,19334
Rabbit,ranolazine,3,3896.4,19335
Rabbit,ranolazine,3,4545.8,19336
Rabbit,ranolazine,3,5195.2,19337
Rabbit,ranolazine,3,5844.6,19338
Rabbit,ranolazine,4,0.0,19339
Rabbit,ranolazine,4,649.4,19340
Rabbit,ranolazine,4,1298.8,19341
Rabbit,ranolazine,4,1948.2,19342
Rabbit,ranolazine,4,2597.6,19343
Rabbit,ranolazine,4,3247.0,19344
Rabbit,ranolazine,4,3896.4,19345
Rabbit,ranolazine,4,4545.8,19346
Rabbit,ranolazine,4,5195.2,19347
Rabbit,ranolazine,4,5844.6,19348
Rabbit,ranolazine,5,0.0,19349
Rabbit,ranolazine,5,649.4,19350
Rabbit,ranolazine,5,1298.8,19351
Rabbit,ranolazine,5,1948.2,19352
Rabbit,ranolazine,5,2597.6,19353
Rabbit,ranolazine,5,3247.0,19354
Rabbit,ranolazine,5,3896.4,19355
Rabbit,ranolazine,5,4545.8,19356
Rabbit,ranolazine,5,5195.2,19357
Rabbit,ranolazine,5,5844.6,19358
Rabbit,ranolazine,6,0.0,19359
Rabbit,ranolazine,6,649.4,19360
Rabbit,ranolazine,6,1298.8,19361
Rabbit,ranolazine,6,1948.2,19362
Rabbit,ranolazine,6,2597.6,19363
Rabbit,ranolazine,6,3247.0,19364
Rabbit,ranolazine,6,3896.4,19365
Rabbit,ranolazine,6,4545.8,19366
Rabbit,ranolazine,6,5195.2,19367
Rabbit,ranolazine,6,5844.6,19368
Rabbit,ranolazine,7,0.0,19369
Rabbit,ranolazine,7,649.4,19370
Rabbit,ranolazine,7,1298.8,19371
Rabbit,ranolazine,7,1948.2,19372
Rabbit,ranolazine,7,2597.6,19373
Rabbit,ranolazine,7,3247.0,19374
Rabbit,ranolazine,7,3896.4,19375
Rabbit,ranolazine,7,4545.8,19376
Rabbit,ranolazine,7,5195.2,19377
Rabbit,ranolazine,7,5844.6,19378
Rabbit,ranolazine,8,0.0,19379
Rabbit,ranolazine,8,649.4,19380
Rabbit,ranolazine,8,1298.8,19381
Rabbit,ranolazine,8,1948.2,19382
Rabbit,ranolazine,8,2597.6,19383
Rabbit,ranolazine,8,3247.0,19384
Rabbit,ranolazine,8,3896.4,19385
Rabbit,ranolazine,8,4545.8,19386
Rabbit,ranolazine,8,5195.2,19387
Rabbit,ranolazine,8,5844.6,19388
Rabbit,ranolazine,9,0.0,19389
Rabbit,ranolazine,9,649.4,19390
Rabbit,ranolazine,9,1298.8,19391
Rabbit,ranolazine,9,1948.2,19392
Rabbit,ranolazine,9,2597.6,19393
Rabbit,ranolazine,9,3247.0,19394
Rabbit,ranolazine,9,3896.4,19395
Rabbit,ranolazine,9,4545.8,19396
Rabbit,ranolazine,9,5195.2,19397
Rabbit,ranolazine,9,5844.6,19398
Rabbit,ranolazine,10,0.0,19399
Rabbit,ranolazine,10,649.4,19400
Rabbit,ranolazine,10,1298.8,19401
Rabbit,ranolazine,10,1948.2,19402
Rabbit,ranolazine,10,2597.6,19403
Rabbit,ranolazine,10,3247.0,19404
Rabbit,ranolazine,10,3896.4,19405
Rabbit,ranolazine,10,4545.8,19406
Rabbit,ranolazine,10,5195.2,19407
Rabbit,ranolazine,10,5844.6,19408
Rabbit,ranolazine,11,0.0,19409
Rabbit,ranolazine,11,649.4,19410
Rabbit,ranolazine,11,1298.8,19411
Rabbit,ranolazine,11,1948.2,19412
Rabbit,ranolazine,11,2597.6,19413
Rabbit,ranolazine,11,3247.0,19414
Rabbit,ranolazine,11,3896.4,19415
Rabbit,ranolazine,11,4545.8,19416
Rabbit,ranolazine,11,5195.2,19417
Rabbit,ranolazine,11,5844.6,19418
Rabbit,ranolazine,12,0.0,19419
Rabbit,ranolazine,12,649.4,19420
Rabbit,ranolazine,12,1298.8,19421
Rabbit,ranolazine,12,1948.2,19422
Rabbit,ranolazine,12,2597.6,19423
Rabbit,ranolazine,12,3247.0,19424
Rabbit,ranolazine,12,3896.4,19425
Rabbit,ranolazine,12,4545.8,19426
Rabbit,ranolazine,12,5195.2,19427
Rabbit,ranolazine,12,5844.6,19428
Rabbit,ranolazine,13,0.0,19429
Rabbit,ranolazine,13,649.4,19430
Rabbit,ranolazine,13,1298.8,19431
Rabbit,ranolazine,13,1948.2,19432
Rabbit,ranolazine,13,2597.6,19433
Rabbit,ranolazine,13,3247.0,19434
Rabbit,ranolazine,13,3896.4,19435
Rabbit,ranolazine,13,4545.8,19436
Rabbit,ranolazine,13,5195.2,19437
Rabbit,ranolazine,13,5844.6,19438
Rabbit,ranolazine,14,0.0,19439
Rabbit,ranolazine,14,649.4,19440
Rabbit,ranolazine,14,1298.8,19441
Rabbit,ranolazine,14,1948.2,19442
Rabbit,ranolazine,14,2597.6,19443
Rabbit,ranolazine,14,3247.0,19444
Rabbit,ranolazine,14,3896.4,19445
Rabbit,ranolazine,14,4545.8,19446
Rabbit,ranolazine,14,5195.2,19447
Rabbit,ranolazine,14,5844.6,19448
Rabbit,ranolazine,15,0.0,19449
Rabbit,ranolazine,15,649.4,19450
Rabbit,ranolazine,15,1298.8,19451
Rabbit,ranolazine,15,1948.2,19452
Rabbit,ranolazine,15,2597.6,19453
Rabbit,ranolazine,15,3247.0,19454
Rabbit,ranolazine,15,3896.4,19455
Rabbit,ranolazine,15,4545.8,19456
Rabbit,ranolazine,15,5195.2,19457
Rabbit,ranolazine,15,5844.6,19458
Rabbit,ranolazine,16,0.0,19459
Rabbit,ranolazine,16,649.4,19460
Rabbit,ranolazine,16,1298.8,19461
Rabbit,ranolazine,16,1948.2,19462
Rabbit,ranolazine,16,2597.6,19463
Rabbit,ranolazine,16,3247.0,19464
Rabbit,ranolazine,16,3896.4,19465
Rabbit,ranolazine,16,4545.8,19466
Rabbit,ranolazine,16,5195.2,19467
Rabbit,ranolazine,16,5844.6,19468
Rabbit,ranolazine,18,0.0,19469
Rabbit,ranolazine,18,649.4,19470
Rabbit,ranolazine,18,1298.8,19471
Rabbit,ranolazine,18,1948.2,19472
Rabbit,ranolazine,18,2597.6,19473
Rabbit,ranolazine,18,3247.0,19474
Rabbit,ranolazine,18,3896.4,19475
Rabbit,ranolazine,18,4545.8,19476
Rabbit,ranolazine,18,5195.2,19477
Rabbit,ranolazine,18,5844.6,19478
Rabbit,ranolazine,19,0.0,19479
Rabbit,ranolazine,19,649.4,19480
Rabbit,ranolazine,19,1298.8,19481
Rabbit,ranolazine,19,1948.2,19482
Rabbit,ranolazine,19,2597.6,19483
Rabbit,ranolazine,19,3247.0,19484
Rabbit,ranolazine,19,3896.4,19485
Rabbit,ranolazine,19,4545.8,19486
Rabbit,ranolazine,19,5195.2,19487
Rabbit,ranolazine,19,5844.6,19488
Rabbit,ranolazine,20,0.0,19489
Rabbit,ranolazine,20,649.4,19490
Rabbit,ranolazine,20,1298.8,19491
Rabbit,ranolazine,20,1948.2,19492
Rabbit,ranolazine,20,2597.6,19493
Rabbit,ranolazine,20,3247.0,19494
Rabbit,ranolazine,20,3896.4,19495
Rabbit,ranolazine,20,4545.8,19496
Rabbit,ranolazine,20,5195.2,19497
Rabbit,ranolazine,20,5844.6,19498
Rabbit,ranolazine,22,0.0,19499
Rabbit,ranolazine,22,649.4,19500
Rabbit,ranolazine,22,1298.8,19501
Rabbit,ranolazine,22,1948.2,19502
Rabbit,ranolazine,22,2597.6,19503
Rabbit,ranolazine,22,3247.0,19504
Rabbit,ranolazine,22,3896.4,19505
Rabbit,ranolazine,22,4545.8,19506
Rabbit,ranolazine,22,5195.2,19507
Rabbit,ranolazine,22,5844.6,19508
Rabbit,ranolazine,23,0.0,19509
Rabbit,ranolazine,23,649.4,19510
Rabbit,ranolazine,23,1298.8,19511
Rabbit,ranolazine,23,1948.2,19512
Rabbit,ranolazine,23,2597.6,19513
Rabbit,ranolazine,23,3247.0,19514
Rabbit,ranolazine,23,3896.4,19515
Rabbit,ranolazine,23,4545.8,19516
Rabbit,ranolazine,23,5195.2,19517
Rabbit,ranolazine,23,5844.6,19518
Rabbit,ranolazine,24,0.0,19519
Rabbit,ranolazine,24,649.4,19520
Rabbit,ranolazine,24,1298.8,19521
Rabbit,ranolazine,24,1948.2,19522
Rabbit,ranolazine,24,2597.6,19523
Rabbit,ranolazine,24,3247.0,19524
Rabbit,ranolazine,24,3896.4,19525
Rabbit,ranolazine,24,4545.8,19526
Rabbit,ranolazine,24,5195.2,19527
Rabbit,ranolazine,24,5844.6,19528
Rabbit,ranolazine,26,0.0,19529
Rabbit,ranolazine,26,649.4,19530
Rabbit,ranolazine,26,1298.8,19531
Rabbit,ranolazine,26,1948.2,19532
Rabbit,ranolazine,26,2597.6,19533
Rabbit,ranolazine,26,3247.0,19534
Rabbit,ranolazine,26,3896.4,19535
Rabbit,ranolazine,26,4545.8,19536
Rabbit,ranolazine,26,5195.2,19537
Rabbit,ranolazine,26,5844.6,19538
Rabbit,ranolazine,30,0.0,19539
Rabbit,ranolazine,30,649.4,19540
Rabbit,ranolazine,30,1298.8,19541
Rabbit,ranolazine,30,1948.2,19542
Rabbit,ranolazine,30,2597.6,19543
Rabbit,ranolazine,30,3247.0,19544
Rabbit,ranolazine,30,3896.4,19545
Rabbit,ranolazine,30,4545.8,19546
Rabbit,ranolazine,30,5195.2,19547
Rabbit,ranolazine,30,5844.6,19548
Rabbit,ranolazine,31,0.0,19549
Rabbit,ranolazine,31,649.4,19550
Rabbit,ranolazine,31,1298.8,19551
Rabbit,ranolazine,31,1948.2,19552
Rabbit,ranolazine,31,2597.6,19553
Rabbit,ranolazine,31,3247.0,19554
Rabbit,ranolazine,31,3896.4,19555
Rabbit,ranolazine,31,4545.8,19556
Rabbit,ranolazine,31,5195.2,19557
Rabbit,ranolazine,31,5844.6,19558
Rabbit,sotalol,0,0.0,21589
Rabbit,sotalol,0,4896.67,21590
Rabbit,sotalol,0,9793.33,21591
Rabbit,sotalol,0,14690.0,21592
Rabbit,sotalol,0,19586.67,21593
Rabbit,sotalol,0,24483.33,21594
Rabbit,sotalol,0,29380.0,21595
Rabbit,sotalol,0,34276.67,21596
Rabbit,sotalol,0,39173.33,21597
Rabbit,sotalol,0,44070.0,21598
Rabbit,sotalol,1,0.0,21599
Rabbit,sotalol,1,4896.67,21600
Rabbit,sotalol,1,9793.33,21601
Rabbit,sotalol,1,14690.0,21602
Rabbit,sotalol,1,19586.67,21603
Rabbit,sotalol,1,24483.33,21604
Rabbit,sotalol,1,29380.0,21605
Rabbit,sotalol,1,34276.67,21606
Rabbit,sotalol,1,39173.33,21607
Rabbit,sotalol,1,44070.0,21608
Rabbit,sotalol,2,0.0,21609
Rabbit,sotalol,2,4896.67,21610
Rabbit,sotalol,2,9793.33,21611
Rabbit,sotalol,2,14690.0,21612
Rabbit,sotalol,2,19586.67,21613
Rabbit,sotalol,2,24483.33,21614
Rabbit,sotalol,2,29380.0,21615
Rabbit,sotalol,2,34276.67,21616
Rabbit,sotalol,2,39173.33,21617
Rabbit,sotalol,2,44070.0,21618
Rabbit,sotalol,3,0.0,21619
Rabbit,sotalol,3,4896.67,21620
Rabbit,sotalol,3,9793.33,21621
Rabbit,sotalol,3,14690.0,21622
Rabbit,sotalol,3,19586.67,21623
Rabbit,sotalol,3,24483.33,21624
Rabbit,sotalol,3,29380.0,21625
Rabbit,sotalol,3,34276.67,21626
Rabbit,sotalol,3,39173.33,21627
Rabbit,sotalol,3,44070.0,21628
Rabbit,sotalol,4,0.0,21629
Rabbit,sotalol,4,4896.67,21630
Rabbit,sotalol,4,9793.33,21631
Rabbit,sotalol,4,14690.0,21632
Rabbit,sotalol,4,19586.67,21633
Rabbit,sotalol,4,24483.33,21634
Rabbit,sotalol,4,29380.0,21635
Rabbit,sotalol,4,34276.67,21636
Rabbit,sotalol,4,39173.33,21637
Rabbit,sotalol,4,44070.0,21638
Rabbit,sotalol,5,0.0,21639
Rabbit,sotalol,5,4896.67,21640
Rabbit,sotalol,5,9793.33,21641
Rabbit,sotalol,5,14690.0,21642
Rabbit,sotalol,5,19586.67,21643
Rabbit,sotalol,5,24483.33,21644
Rabbit,sotalol,5,29380.0,21645
Rabbit,sotalol,5,34276.67,21646
Rabbit,sotalol,5,39173.33,21647
Rabbit,sotalol,5,44070.0,21648
Rabbit,sotalol,6,0.0,21649
Rabbit,sotalol,6,4896.67,21650
Rabbit,sotalol,6,9793.33,21651
Rabbit,sotalol,6,14690.0,21652
Rabbit,sotalol,6,19586.67,21653
Rabbit,sotalol,6,24483.33,21654
Rabbit,sotalol,6,29380.0,21655
Rabbit,sotalol,6,34276.67,21656
Rabbit,sotalol,6,39173.33,21657
Rabbit,sotalol,6,44070.0,21658
Rabbit,sotalol,7,0.0,21659
Rabbit,sotalol,7,4896.67,21660
Rabbit,sotalol,7,9793.33,21661
Rabbit,sotalol,7,14690.0,21662
Rabbit,sotalol,7,19586.67,21663
Rabbit,sotalol,7,24483.33,21664
Rabbit,sotalol,7,29380.0,21665
Rabbit,sotalol,7,34276.67,21666
Rabbit,sotalol,7,39173.33,21667
Rabbit,sotalol,7,44070.0,21668
Rabbit,sotalol,8,0.0,21669
Rabbit,sotalol,8,4896.67,21670
Rabbit,sotalol,8,9793.33,21671
Rabbit,sotalol,8,14690.0,21672
Rabbit,sotalol,8,19586.67,21673
Rabbit,sotalol,8,24483.33,21674
Rabbit,sotalol,8,29380.0,21675
Rabbit,sotalol,8,34276.67,21676
Rabbit,sotalol,8,39173.33,21677
Rabbit,sotalol,8,44070.0,21678
Rabbit,sotalol,9,0.0,21679
Rabbit,sotalol,9,4896.67,21680
Rabbit,sotalol,9,9793.33,21681
Rabbit,sotalol,9,14690.0,21682
Rabbit,sotalol,9,19586.67,21683
Rabbit,sotalol,9,24483.33,21684
Rabbit,sotalol,9,29380.0,21685
Rabbit,sotalol,9,34276.67,21686
Rabbit,sotalol,9,39173.33,21687
Rabbit,sotalol,9,44070.0,21688
Rabbit,sotalol,10,0.0,21689
Rabbit,sotalol,10,4896.67,21690
Rabbit,sotalol,10,9793.33,21691
Rabbit,sotalol,10,14690.0,21692
Rabbit,sotalol,10,19586.67,21693
Rabbit,sotalol,10,24483.33,21694
Rabbit,sotalol,10,29380.0,21695
Rabbit,sotalol,10,34276.67,21696
Rabbit,sotalol,10,39173.33,21697
Rabbit,sotalol,10,44070.0,21698
Rabbit,sotalol,11,0.0,21699
Rabbit,sotalol,11,4896.67,21700
Rabbit,sotalol,11,9793.33,21701
Rabbit,sotalol,11,14690.0,21702
Rabbit,sotalol,11,19586.67,21703
Rabbit,sotalol,11,24483.33,21704
Rabbit,sotalol,11,29380.0,21705
Rabbit,sotalol,11,34276.67,21706
Rabbit,sotalol,11,39173.33,21707
Rabbit,sotalol,11,44070.0,21708
Rabbit,sotalol,12,0.0,21709
Rabbit,sotalol,12,4896.67,21710
Rabbit,sotalol,12,9793.33,21711
Rabbit,sotalol,12,14690.0,21712
Rabbit,sotalol,12,19586.67,21713
Rabbit,sotalol,12,24483.33,21714
Rabbit,sotalol,12,29380.0,21715
Rabbit,sotalol,12,34276.67,21716
Rabbit,sotalol,12,39173.33,21717
Rabbit,sotalol,12,44070.0,21718
Rabbit,sotalol,13,0.0,21719
Rabbit,sotalol,13,4896.67,21720
Rabbit,sotalol,13,9793.33,21721
Rabbit,sotalol,13,14690.0,21722
Rabbit,sotalol,13,19586.67,21723
Rabbit,sotalol,13,24483.33,21724
Rabbit,sotalol,13,29380.0,21725
Rabbit,sotalol,13,34276.67,21726
Rabbit,sotalol,13,39173.33,21727
Rabbit,sotalol,13,44070.0,21728
Rabbit,sotalol,14,0.0,21729
Rabbit,sotalol,14,4896.67,21730
Rabbit,sotalol,14,9793.33,21731
Rabbit,sotalol,14,14690.0,21732
Rabbit,sotalol,14,19586.67,21733
Rabbit,sotalol,14,24483.33,21734
Rabbit,sotalol,14,29380.0,21735
Rabbit,sotalol,14,34276.67,21736
Rabbit,sotalol,14,39173.33,21737
Rabbit,sotalol,14,44070.0,21738
Rabbit,sotalol,15,0.0,21739
Rabbit,sotalol,15,4896.67,21740
Rabbit,sotalol,15,9793.33,21741
Rabbit,sotalol,15,14690.0,21742
Rabbit,sotalol,15,19586.67,21743
Rabbit,sotalol,15,24483.33,21744
Rabbit,sotalol,15,29380.0,21745
Rabbit,sotalol,15,34276.67,21746
Rabbit,sotalol,15,39173.33,21747
Rabbit,sotalol,15,44070.0,21748
Rabbit,sotalol,16,0.0,21749
Rabbit,sotalol,16,4896.67,21750
Rabbit,sotalol,16,9793.33,21751
Rabbit,sotalol,16,14690.0,21752
Rabbit,sotalol,16,19586.67,21753
Rabbit,sotalol,16,24483.33,21754
Rabbit,sotalol,16,29380.0,21755
Rabbit,sotalol,16,34276.67,21756
Rabbit,sotalol,16,39173.33,21757
Rabbit,sotalol,16,44070.0,21758
Rabbit,sotalol,18,0.0,21759
Rabbit,sotalol,18,4896.67,21760
Rabbit,sotalol,18,9793.33,21761
Rabbit,sotalol,18,14690.0,21762
Rabbit,sotalol,18,19586.67,21763
Rabbit,sotalol,18,24483.33,21764
Rabbit,sotalol,18,29380.0,21765
Rabbit,sotalol,18,34276.67,21766
Rabbit,sotalol,18,39173.33,21767
Rabbit,sotalol,18,44070.0,21768
Rabbit,sotalol,19,0.0,21769
Rabbit,sotalol,19,4896.67,21770
Rabbit,sotalol,19,9793.33,21771
Rabbit,sotalol,19,14690.0,21772
Rabbit,sotalol,19,19586.67,21773
Rabbit,sotalol,19,24483.33,21774
Rabbit,sotalol,19,29380.0,21775
Rabbit,sotalol,19,34276.67,21776
Rabbit,sotalol,19,39173.33,21777
Rabbit,sotalol,19,44070.0,21778
Rabbit,sotalol,20,0.0,21779
Rabbit,sotalol,20,4896.67,21780
Rabbit,sotalol,20,9793.33,21781
Rabbit,sotalol,20,14690.0,21782
Rabbit,sotalol,20,19586.67,21783
Rabbit,sotalol,20,24483.33,21784
Rabbit,sotalol,20,29380.0,21785
Rabbit,sotalol,20,34276.67,21786
Rabbit,sotalol,20,39173.33,21787
Rabbit,sotalol,20,44070.0,21788
Rabbit,sotalol,22,0.0,21789
Rabbit,sotalol,22,4896.67,21790
Rabbit,sotalol,22,9793.33,21791
Rabbit,sotalol,22,14690.0,21792
Rabbit,sotalol,22,19586.67,21793
Rabbit,sotalol,22,24483.33,21794
Rabbit,sotalol,22,29380.0,21795
Rabbit,sotalol,22,34276.67,21796
Rabbit,sotalol,22,39173.33,21797
Rabbit,sotalol,22,44070.0,21798
Rabbit,sotalol,23,0.0,21799
Rabbit,sotalol,23,4896.67,21800
Rabbit,sotalol,23,9793.33,21801
Rabbit,sotalol,23,14690.0,21802
Rabbit,sotalol,23,19586.67,21803
Rabbit,sotalol,23,24483.33,21804
Rabbit,sotalol,23,29380.0,21805
Rabbit,sotalol,23,34276.67,21806
Rabbit,sotalol,23,39173.33,21807
Rabbit,sotalol,23,44070.0,21808
Rabbit,sotalol,24,0.0,21809
Rabbit,sotalol,24,4896.67,21810
Rabbit,sotalol,24,9793.33,21811
Rabbit,sotalol,24,14690.0,21812
Rabbit,sotalol,24,19586.67,21813
Rabbit,sotalol,24,24483.33,21814
Rabbit,sotalol,24,29380.0,21815
Rabbit,sotalol,24,34276.67,21816
Rabbit,sotalol,24,39173.33,21817
Rabbit,sotalol,24,44070.0,21818
Rabbit,sotalol,26,0.0,21819
Rabbit,sotalol,26,4896.67,21820
Rabbit,sotalol,26,9793.33,21821
Rabbit,sotalol,26,14690.0,21822
Rabbit,sotalol,26,19586.67,21823
Rabbit,sotalol,26,24483.33,21824
Rabbit,sotalol,26,29380.0,21825
Rabbit,sotalol,26,34276.67,21826
Rabbit,sotalol,26,39173.33,21827
Rabbit,sotalol,26,44070.0,21828
Rabbit,sotalol,30,0.0,21829
Rabbit,sotalol,30,4896.67,21830
Rabbit,sotalol,30,9793.33,21831
Rabbit,sotalol,30,14690.0,21832
Rabbit,sotalol,30,19586.67,21833
Rabbit,sotalol,30,24483.33,21834
Rabbit,sotalol,30,29380.0,21835
Rabbit,sotalol,30,34276.67,21836
Rabbit,sotalol,30,39173.33,21837
Rabbit,sotalol,30,44070.0,21838
Rabbit,sotalol,31,0.0,21839
Rabbit,sotalol,31,4896.67,21840
Rabbit,sotalol,31,9793.33,21841
Rabbit,sotalol,31,14690.0,21842
Rabbit,sotalol,31,19586.67,21843
Rabbit,sotalol,31,24483.33,21844
Rabbit,sotalol,31,29380.0,21845
Rabbit,sotalol,31,34276.67,21846
Rabbit,sotalol,31,39173.33,21847
Rabbit,sotalol,31,44070.0,21848
Rabbit,terfenadine,0,0.0,23859
Rabbit,terfenadine,0,1.33,23860
Rabbit,terfenadine,0,2.67,23861
Rabbit,terfenadine,0,4.0,23862
Rabbit,terfenadine,0,5.33,23863
Rabbit,terfenadine,0,6.67,23864
Rabbit,terfenadine,0,8.0,23865
Rabbit,terfenadine,0,9.33,23866
Rabbit,terfenadine,0,10.67,23867
Rabbit,terfenadine,0,12.0,23868
Rabbit,terfenadine,1,0.0,23869
Rabbit,terfenadine,1,1.33,23870
Rabbit,terfenadine,1,2.67,23871
Rabbit,terfenadine,1,4.0,23872
Rabbit,terfenadine,1,5.33,23873
Rabbit,terfenadine,1,6.67,23874
Rabbit,terfenadine,1,8.0,23875
Rabbit,terfenadine,1,9.33,23876
Rabbit,terfenadine,1,10.67,23877
Rabbit,terfenadine,1,12.0,23878
Rabbit,terfenadine,2,0.0,23879
Rabbit,terfenadine,2,1.33,23880
Rabbit,terfenadine,2,2.67,23881
Rabbit,terfenadine,2,4.0,23882
Rabbit,terfenadine,2,5.33,23883
Rabbit,terfenadine,2,6.67,23884
Rabbit,terfenadine,2,8.0,23885
Rabbit,terfenadine,2,9.33,23886
Rabbit,terfenadine,2,10.67,23887
Rabbit,terfenadine,2,12.0,23888
Rabbit,terfenadine,3,0.0,23889
Rabbit,terfenadine,3,1.33,23890
Rabbit,terfenadine,3,2.67,23891
Rabbit,terfenadine,3,4.0,23892
Rabbit,terfenadine,3,5.33,23893
Rabbit,terfenadine,3,6.67,23894
Rabbit,terfenadine,3,8.0,23895
Rabbit,terfenadine,3,9.33,23896
Rabbit,terfenadine,3,10.67,23897
Rabbit,terfenadine,3,12.0,23898
Rabbit,terfenadine,4,0.0,23899
Rabbit,terfenadine,4,1.33,23900
Rabbit,terfenadine,4,2.67,23901
Rabbit,terfenadine,4,4.0,23902
Rabbit,terfenadine,4,5.33,23903
Rabbit,terfenadine,4,6.67,23904
Rabbit,terfenadine,4,8.0,23905
Rabbit,terfenadine,4,9.33,23906
Rabbit,terfenadine,4,10.67,23907
Rabbit,terfenadine,4,12.0,23908
Rabbit,terfenadine,5,0.0,23909
Rabbit,terfenadine,5,1.33,23910
Rabbit,terfenadine,5,2.67,23911
Rabbit,terfenadine,5,4.0,23912
Rabbit,terfenadine,5,5.33,23913
Rabbit,terfenadine,5,6.67,23914
Rabbit,terfenadine,5,8.0,23915
Rabbit,terfenadine,5,9.33,23916
Rabbit,terfenadine,5,10.67,23917
Rabbit,terfenadine,5,12.0,23918
Rabbit,terfenadine,6,0.0,23919
Rabbit,terfenadine,6,1.33,23920
Rabbit,terfenadine,6,2.67,23921
Rabbit,terfenadine,6,4.0,23922
Rabbit,terfenadine,6,5.33,23923
Rabbit,terfenadine,6,6.67,23924
Rabbit,terfenadine,6,8.0,23925
Rabbit,terfenadine,6,9.33,23926
Rabbit,terfenadine,6,10.67,23927
Rabbit,terfenadine,6,12.0,23928
Rabbit,terfenadine,7,0.0,23929
Rabbit,terfenadine,7,1.33,23930
Rabbit,terfenadine,7,2.67,23931
Rabbit,terfenadine,7,4.0,23932
Rabbit,terfenadine,7,5.33,23933
Rabbit,terfenadine,7,6.67,23934
Rabbit,terfenadine,7,8.0,23935
Rabbit,terfenadine,7,9.33,23936
Rabbit,terfenadine,7,10.67,23937
Rabbit,terfenadine,7,12.0,23938
Rabbit,terfenadine,8,0.0,23939
Rabbit,terfenadine,8,1.33,23940
Rabbit,terfenadine,8,2.67,23941
Rabbit,terfenadine,8,4.0,23942
Rabbit,terfenadine,8,5.33,23943
Rabbit,terfenadine,8,6.67,23944
Rabbit,terfenadine,8,8.0,23945
Rabbit,terfenadine,8,9.33,23946
Rabbit,terfenadine,8,10.67,23947
Rabbit,terfenadine,8,12.0,23948
Rabbit,terfenadine,9,0.0,23949
Rabbit,terfenadine,9,1.33,23950
Rabbit,terfenadine,9,2.67,23951
Rabbit,terfenadine,9,4.0,23952
Rabbit,terfenadine,9,5.33,23953
Rabbit,terfenadine,9,6.67,23954
Rabbit,terfenadine,9,8.0,23955
Rabbit,terfenadine,9,9.33,23956
Rabbit,terfenadine,9,10.67,23957
Rabbit,terfenadine,9,12.0,23958
Rabbit,terfenadine,10,0.0,23959
Rabbit,terfenadine,10,1.33,23960
Rabbit,terfenadine,10,2.67,23961
Rabbit,terfenadine,10,4.0,23962
Rabbit,terfenadine,10,5.33,23963
Rabbit,terfenadine,10,6.67,23964
Rabbit,terfenadine,10,8.0,23965
Rabbit,terfenadine,10,9.33,23966
Rabbit,terfenadine,10,10.67,23967
Rabbit,terfenadine,10,12.0,23968
Rabbit,terfenadine,11,0.0,23969
Rabbit,terfenadine,11,1.33,23970
Rabbit,terfenadine,11,2.67,23971
Rabbit,terfenadine,11,4.0,23972
Rabbit,terfenadine,11,5.33,23973
Rabbit,terfenadine,11,6.67,23974
Rabbit,terfenadine,11,8.0,23975
Rabbit,terfenadine,11,9.33,23976
Rabbit,terfenadine,11,10.67,23977
Rabbit,terfenadine,11,12.0,23978
Rabbit,terfenadine,12,0.0,23979
Rabbit,terfenadine,12,1.33,23980
Rabbit,terfenadine,12,2.67,23981
Rabbit,terfenadine,12,4.0,23982
Rabbit,terfenadine,12,5.33,23983
Rabbit,terfenadine,12,6.67,23984
Rabbit,terfenadine,12,8.0,23985
Rabbit,terfenadine,12,9.33,23986
Rabbit,terfenadine,12,10.67,23987
Rabbit,terfenadine,12,12.0,23988
Rabbit,terfenadine,13,0.0,23989
Rabbit,terfenadine,13,1.33,23990
Rabbit,terfenadine,13,2.67,23991
Rabbit,terfenadine,13,4.0,23992
Rabbit,terfenadine,13,5.33,23993
Rabbit,terfenadine,13,6.67,23994
Rabbit,terfenadine,13,8.0,23995
Rabbit,terfenadine,13,9.33,23996
Rabbit,terfenadine,13,10.67,23997
Rabbit,terfenadine,13,12.0,23998
Rabbit,terfenadine,14,0.0,23999
Rabbit,terfenadine,14,1.33,24000
Rabbit,terfenadine,14,2.67,24001
Rabbit,terfenadine,14,4.0,24002
Rabbit,terfenadine,14,5.33,24003
Rabbit,terfenadine,14,6.67,24004
Rabbit,terfenadine,14,8.0,24005
Rabbit,terfenadine,14,9.33,24006
Rabbit,terfenadine,14,10.67,24007
Rabbit,terfenadine,14,12.0,24008
Rabbit,terfenadine,15,0.0,24009
Rabbit,terfenadine,15,1.33,24010
Rabbit,terfenadine,15,2.67,24011
Rabbit,terfenadine,15,4.0,24012
Rabbit,terfenadine,15,5.33,24013
Rabbit,terfenadine,15,6.67,24014
Rabbit,terfenadine,15,8.0,24015
Rabbit,terfenadine,15,9.33,24016
Rabbit,terfenadine,15,10.67,24017
Rabbit,terfenadine,15,12.0,24018
Rabbit,terfenadine,16,0.0,24019
Rabbit,terfenadine,16,1.33,24020
Rabbit,terfenadine,16,2.67,24021
Rabbit,terfenadine,16,4.0,24022
Rabbit,terfenadine,16,5.33,24023
Rabbit,terfenadine,16,6.67,24024
Rabbit,terfenadine,16,8.0,24025
Rabbit,terfenadine,16,9.33,24026
Rabbit,terfenadine,16,10.67,24027
Rabbit,terfenadine,16,12.0,24028
Rabbit,terfenadine,18,0.0,24029
Rabbit,terfenadine,18,1.33,24030
Rabbit,terfenadine,18,2.67,24031
Rabbit,terfenadine,18,4.0,24032
Rabbit,terfenadine,18,5.33,24033
Rabbit,terfenadine,18,6.67,24034
Rabbit,terfenadine,18,8.0,24035
Rabbit,terfenadine,18,9.33,24036
Rabbit,terfenadine,18,10.67,24037
Rabbit,terfenadine,18,12.0,24038
Rabbit,terfenadine,19,0.0,24039
Rabbit,terfenadine,19,1.33,24040
Rabbit,terfenadine,19,2.67,24041
Rabbit,terfenadine,19,4.0,24042
Rabbit,terfenadine,19,5.33,24043
Rabbit,terfenadine,19,6.67,24044
Rabbit,terfenadine,19,8.0,24045
Rabbit,terfenadine,19,9.33,24046
Rabbit,terfenadine,19,10.67,24047
Rabbit,terfenadine,19,12.0,24048
Rabbit,terfenadine,20,0.0,24049
Rabbit,terfenadine,20,1.33,24050
Rabbit,terfenadine,20,2.67,24051
Rabbit,terfenadine,20,4.0,24052
Rabbit,terfenadine,20,5.33,24053
Rabbit,terfenadine,20,6.67,24054
Rabbit,terfenadine,20,8.0,24055
Rabbit,terfenadine,20,9.33,24056
Rabbit,terfenadine,20,10.67,24057
Rabbit,terfenadine,20,12.0,24058
Rabbit,terfenadine,22,0.0,24059
Rabbit,terfenadine,22,1.33,24060
Rabbit,terfenadine,22,2.67,24061
Rabbit,terfenadine,22,4.0,24062
Rabbit,terfenadine,22,5.33,24063
Rabbit,terfenadine,22,6.67,24064
Rabbit,terfenadine,22,8.0,24065
Rabbit,terfenadine,22,9.33,24066
Rabbit,terfenadine,22,10.67,24067
Rabbit,terfenadine,22,12.0,24068
Rabbit,terfenadine,23,0.0,24069
Rabbit,terfenadine,23,1.33,24070
Rabbit,terfenadine,23,2.67,24071
Rabbit,terfenadine,23,4.0,24072
Rabbit,terfenadine,23,5.33,24073
Rabbit,terfenadine,23,6.67,24074
Rabbit,terfenadine,23,8.0,24075
Rabbit,terfenadine,23,9.33,24076
Rabbit,terfenadine,23,10.67,24077
Rabbit,terfenadine,23,12.0,24078
Rabbit,terfenadine,24,0.0,24079
Rabbit,terfenadine,24,1.33,24080
Rabbit,terfenadine,24,2.67,24081
Rabbit,terfenadine,24,4.0,24082
Rabbit,terfenadine,24,5.33,24083
Rabbit,terfenadine,24,6.67,24084
Rabbit,terfenadine,24,8.0,24085
Rabbit,terfenadine,24,9.33,24086
Rabbit,terfenadine,24,10.67,24087
Rabbit,terfenadine,24,12.0,24088
Rabbit,terfenadine,26,0.0,24089
Rabbit,terfenadine,26,1.33,24090
Rabbit,terfenadine,26,2.67,24091
Rabbit,terfenadine,26,4.0,24092
Rabbit,terfenadine,26,5.33,24093
Rabbit,terfenadine,26,6.67,24094
Rabbit,terfenadine,26,8.0,24095
Rabbit,terfenadine,26,9.33,24096
Rabbit,terfenadine,26,10.67,24097
Rabbit,terfenadine,26,12.0,24098
Rabbit,terfenadine,30,0.0,24099
Rabbit,terfenadine,30,1.33,24100
Rabbit,terfenadine,30,2.67,24101
Rabbit,terfenadine,30,4.0,24102
Rabbit,terfenadine,30,5.33,24103
Rabbit,terfenadine,30,6.67,24104
Rabbit,terfenadine,30,8.0,24105
Rabbit,terfenadine,30,9.33,24106
Rabbit,terfenadine,30,10.67,24107
Rabbit,terfenadine,30,12.0,24108
Rabbit,terfenadine,31,0.0,24109
Rabbit,terfenadine,31,1.33,24110
Rabbit,terfenadine,31,2.67,24111
Rabbit,terfenadine,31,4.0,24112
Rabbit,terfenadine,31,5.33,24113
Rabbit,terfenadine,31,6.67,24114
Rabbit,terfenadine,31,8.0,24115
Rabbit,terfenadine,31,9.33,24116
Rabbit,terfenadine,31,10.67,24117
Rabbit,terfenadine,31,12.0,24118
Rabbit,verapamil,0,0.0,26149
Rabbit,verapamil,0,27.0,26150
Rabbit,verapamil,0,54.0,26151
Rabbit,verapamil,0,81.0,26152
Rabbit,verapamil,0,108.0,26153
Rabbit,verapamil,0,135.0,26154
Rabbit,verapamil,0,162.0,26155
Rabbit,verapamil,0,189.0,26156
Rabbit,verapamil,0,216.0,26157
Rabbit,verapamil,0,243.0,26158
Rabbit,verapamil,1,0.0,26159
Rabbit,verapamil,1,27.0,26160
Rabbit,verapamil,1,54.0,26161
Rabbit,verapamil,1,81.0,26162
Rabbit,verapamil,1,108.0,26163
Rabbit,verapamil,1,135.0,26164
Rabbit,verapamil,1,162.0,26165
Rabbit,verapamil,1,189.0,26166
Rabbit,verapamil,1,216.0,26167
Rabbit,verapamil,1,243.0,26168
Rabbit,verapamil,2,0.0,26169
Rabbit,verapamil,2,27.0,26170
Rabbit,verapamil,2,54.0,26171
Rabbit,verapamil,2,81.0,26172
Rabbit,verapamil,2,108.0,26173
Rabbit,verapamil,2,135.0,26174
Rabbit,verapamil,2,162.0,26175
Rabbit,verapamil,2,189.0,26176
Rabbit,verapamil,2,216.0,26177
Rabbit,verapamil,2,243.0,26178
Rabbit,verapamil,3,0.0,26179
Rabbit,verapamil,3,27.0,26180
Rabbit,verapamil,3,54.0,26181
Rabbit,verapamil,3,81.0,26182
Rabbit,verapamil,3,108.0,26183
Rabbit,verapamil,3,135.0,26184
Rabbit,verapamil,3,162.0,26185
Rabbit,verapamil,3,189.0,26186
Rabbit,verapamil,3,216.0,26187
Rabbit,verapamil,3,243.0,26188
Rabbit,verapamil,4,0.0,26189
Rabbit,verapamil,4,27.0,26190
Rabbit,verapamil,4,54.0,26191
Rabbit,verapamil,4,81.0,26192
Rabbit,verapamil,4,108.0,26193
Rabbit,verapamil,4,135.0,26194
Rabbit,verapamil,4,162.0,26195
Rabbit,verapamil,4,189.0,26196
Rabbit,verapamil,4,216.0,26197
Rabbit,verapamil,4,243.0,26198
Rabbit,verapamil,5,0.0,26199
Rabbit,verapamil,5,27.0,26200
Rabbit,verapamil,5,54.0,26201
Rabbit,verapamil,5,81.0,26202
Rabbit,verapamil,5,108.0,26203
Rabbit,verapamil,5,135.0,26204
Rabbit,verapamil,5,162.0,26205
Rabbit,verapamil,5,189.0,26206
Rabbit,verapamil,5,216.0,26207
Rabbit,verapamil,5,243.0,26208
Rabbit,verapamil,6,0.0,26209
Rabbit,verapamil,6,27.0,26210
Rabbit,verapamil,6,54.0,26211
Rabbit,verapamil,6,81.0,26212
Rabbit,verapamil,6,108.0,26213
Rabbit,verapamil,6,135.0,26214
Rabbit,verapamil,6,162.0,26215
Rabbit,verapamil,6,189.0,26216
Rabbit,verapamil,6,216.0,26217
Rabbit,verapamil,6,243.0,26218
Rabbit,verapamil,7,0.0,26219
Rabbit,verapamil,7,27.0,26220
Rabbit,verapamil,7,54.0,26221
Rabbit,verapamil,7,81.0,26222
Rabbit,verapamil,7,108.0,26223
Rabbit,verapamil,7,135.0,26224
Rabbit,verapamil,7,162.0,26225
Rabbit,verapamil,7,189.0,26226
Rabbit,verapamil,7,216.0,26227
Rabbit,verapamil,7,243.0,26228
Rabbit,verapamil,8,0.0,26229
Rabbit,verapamil,8,27.0,26230
Rabbit,verapamil,8,54.0,26231
Rabbit,verapamil,8,81.0,26232
Rabbit,verapamil,8,108.0,26233
Rabbit,verapamil,8,135.0,26234
Rabbit,verapamil,8,162.0,26235
Rabbit,verapamil,8,189.0,26236
Rabbit,verapamil,8,216.0,26237
Rabbit,verapamil,8,243.0,26238
Rabbit,verapamil,9,0.0,26239
Rabbit,verapamil,9,27.0,26240
Rabbit,verapamil,9,54.0,26241
Rabbit,verapamil,9,81.0,26242
Rabbit,verapamil,9,108.0,26243
Rabbit,verapamil,9,135.0,26244
Rabbit,verapamil,9,162.0,26245
Rabbit,verapamil,9,189.0,26246
Rabbit,verapamil,9,216.0,26247
Rabbit,verapamil,9,243.0,26248
Rabbit,verapamil,10,0.0,26249
Rabbit,verapamil,10,27.0,26250
Rabbit,verapamil,10,54.0,26251
Rabbit,verapamil,10,81.0,26252
Rabbit,verapamil,10,108.0,26253
Rabbit,verapamil,10,135.0,26254
Rabbit,verapamil,10,162.0,26255
Rabbit,verapamil,10,189.0,26256
Rabbit,verapamil,10,216.0,26257
Rabbit,verapamil,10,243.0,26258
Rabbit,verapamil,11,0.0,26259
Rabbit,verapamil,11,27.0,26260
Rabbit,verapamil,11,54.0,26261
Rabbit,verapamil,11,81.0,26262
Rabbit,verapamil,11,108.0,26263
Rabbit,verapamil,11,135.0,26264
Rabbit,verapamil,11,162.0,26265
Rabbit,verapamil,11,189.0,26266
Rabbit,verapamil,11,216.0,26267
Rabbit,verapamil,11,243.0,26268
Rabbit,verapamil,12,0.0,26269
Rabbit,verapamil,12,27.0,26270
Rabbit,verapamil,12,54.0,26271
Rabbit,verapamil,12,81.0,26272
Rabbit,verapamil,12,108.0,26273
Rabbit,verapamil,12,135.0,26274
Rabbit,verapamil,12,162.0,26275
Rabbit,verapamil,12,189.0,26276
Rabbit,verapamil,12,216.0,26277
Rabbit,verapamil,12,243.0,26278
Rabbit,verapamil,13,0.0,26279
Rabbit,verapamil,13,27.0,26280
Rabbit,verapamil,13,54.0,26281
Rabbit,verapamil,13,81.0,26282
Rabbit,verapamil,13,108.0,26283
Rabbit,verapamil,13,135.0,26284
Rabbit,verapamil,13,162.0,26285
Rabbit,verapamil,13,189.0,26286
Rabbit,verapamil,13,216.0,26287
Rabbit,verapamil,13,243.0,26288
Rabbit,verapamil,14,0.0,26289
Rabbit,verapamil,14,27.0,26290
Rabbit,verapamil,14,54.0,26291
Rabbit,verapamil,14,81.0,26292
Rabbit,verapamil,14,108.0,26293
Rabbit,verapamil,14,135.0,26294
Rabbit,verapamil,14,162.0,26295
Rabbit,verapamil,14,189.0,26296
Rabbit,verapamil,14,216.0,26297
Rabbit,verapamil,14,243.0,26298
Rabbit,verapamil,15,0.0,26299
Rabbit,verapamil,15,27.0,26300
Rabbit,verapamil,15,54.0,26301
Rabbit,verapamil,15,81.0,26302
Rabbit,verapamil,15,108.0,26303
Rabbit,verapamil,15,135.0,26304
Rabbit,verapamil,15,162.0,26305
Rabbit,verapamil,15,189.0,26306
Rabbit,verapamil,15,216.0,26307
Rabbit,verapamil,15,243.0,26308
Rabbit,verapamil,17,0.0,26309
Rabbit,verapamil,17,27.0,26310
Rabbit,verapamil,17,54.0,26311
Rabbit,verapamil,17,81.0,26312
Rabbit,verapamil,17,108.0,26313
Rabbit,verapamil,17,135.0,26314
Rabbit,verapamil,17,162.0,26315
Rabbit,verapamil,17,189.0,26316
Rabbit,verapamil,17,216.0,26317
Rabbit,verapamil,17,243.0,26318
Rabbit,verapamil,18,0.0,26319
Rabbit,verapamil,18,27.0,26320
Rabbit,verapamil,18,54.0,26321
Rabbit,verapamil,18,81.0,26322
Rabbit,verapamil,18,108.0,26323
Rabbit,verapamil,18,135.0,26324
Rabbit,verapamil,18,162.0,26325
Rabbit,verapamil,18,189.0,26326
Rabbit,verapamil,18,216.0,26327
Rabbit,verapamil,18,243.0,26328
Rabbit,verapamil,19,0.0,26329
Rabbit,verapamil,19,27.0,26330
Rabbit,verapamil,19,54.0,26331
Rabbit,verapamil,19,81.0,26332
Rabbit,verapamil,19,108.0,26333
Rabbit,verapamil,19,135.0,26334
Rabbit,verapamil,19,162.0,26335
Rabbit,verapamil,19,189.0,26336
Rabbit,verapamil,19,216.0,26337
Rabbit,verapamil,19,243.0,26338
Rabbit,verapamil,21,0.0,26339
Rabbit,verapamil,21,27.0,26340
Rabbit,verapamil,21,54.0,26341
Rabbit,verapamil,21,81.0,26342
Rabbit,verapamil,21,108.0,26343
Rabbit,verapamil,21,135.0,26344
Rabbit,verapamil,21,162.0,26345
Rabbit,verapamil,21,189.0,26346
Rabbit,verapamil,21,216.0,26347
Rabbit,verapamil,21,243.0,26348
Rabbit,verapamil,22,0.0,26349
Rabbit,verapamil,22,27.0,26350
Rabbit,verapamil,22,54.0,26351
Rabbit,verapamil,22,81.0,26352
Rabbit,verapamil,22,108.0,26353
Rabbit,verapamil,22,135.0,26354
Rabbit,verapamil,22,162.0,26355
Rabbit,verapamil,22,189.0,26356
Rabbit,verapamil,22,216.0,26357
Rabbit,verapamil,22,243.0,26358
Rabbit,verapamil,23,0.0,26359
Rabbit,verapamil,23,27.0,26360
Rabbit,verapamil,23,54.0,26361
Rabbit,verapamil,23,81.0,26362
Rabbit,verapamil,23,108.0,26363
Rabbit,verapamil,23,135.0,26364
Rabbit,verapamil,23,162.0,26365
Rabbit,verapamil,23,189.0,26366
Rabbit,verapamil,23,216.0,26367
Rabbit,verapamil,23,243.0,26368
Rabbit,verapamil,24,0.0,26369
Rabbit,verapamil,24,27.0,26370
Rabbit,verapamil,24,54.0,26371
Rabbit,verapamil,24,81.0,26372
Rabbit,verapamil,24,108.0,26373
Rabbit,verapamil,24,135.0,26374
Rabbit,verapamil,24,162.0,26375
Rabbit,verapamil,24,189.0,26376
Rabbit,verapamil,24,216.0,26377
Rabbit,verapamil,24,243.0,26378
Rabbit,verapamil,26,0.0,26379
Rabbit,verapamil,26,27.0,26380
Rabbit,verapamil,26,54.0,26381
Rabbit,verapamil,26,81.0,26382
Rabbit,verapamil,26,108.0,26383
Rabbit,verapamil,26,135.0,26384
Rabbit,verapamil,26,162.0,26385
Rabbit,verapamil,26,189.0,26386
Rabbit,verapamil,26,216.0,26387
Rabbit,verapamil,26,243.0,26388
Rabbit,verapamil,30,0.0,26389
Rabbit,verapamil,30,27.0,26390
Rabbit,verapamil,30,54.0,26391
Rabbit,verapamil,30,81.0,26392
Rabbit,verapamil,30,108.0,26393
Rabbit,verapamil,30,135.0,26394
Rabbit,verapamil,30,162.0,26395
Rabbit,verapamil,30,189.0,26396
Rabbit,verapamil,30,216.0,26397
Rabbit,verapamil,30,243.0,26398
Rabbit,verapamil,31,0.0,26399
Rabbit,verapamil,31,27.0,26400
Rabbit,verapamil,31,54.0,26401
Rabbit,verapamil,31,81.0,26402
Rabbit,verapamil,31,108.0,26403
Rabbit,verapamil,31,135.0,26404
Rabbit,verapamil,31,162.0,26405
Rabbit,verapamil,31,189.0,26406
Rabbit,verapamil,31,216.0,26407
Rabbit,verapamil,31,243.0,26408
